<?xml version="1.0" encoding="UTF-8"?>
<gpx schemaLocation="http://www.topografix.com/GPX/1/1 https://www.topografix.com/GPX/1/1/gpx.xsd http://www.cluetrust.com/XML/GPXDATA/1/0 https://www.cluetrust.com/Schemas/gpxdata10.xsd" creator="COROS Wearables" version="1.1" xmlns="http://www.topografix.com/GPX/1/1" xmlns:xsi="http://www.w3.org/2001/XMLSchema-instance" xsi:schemaLocation="http://www.topografix.com/GPX/1/1 http://www.topografix.com/GPX/1/1/gpx.xsd http://www.garmin.com/xmlschemas/GpxExtensions/v3 http://www.garmin.com/xmlschemas/GpxExtensionsv3.xsd http://www.garmin.com/xmlschemas/TrackPointExtension/v1 http://www.garmin.com/xmlschemas/TrackPointExtensionv1.xsd http://www.garmin.com/xmlschemas/PowerExtension/v1 http://www.garmin.com/xmlschemas/PowerExtensionv1.xsd http://www.topografix.com/GPX/gpx_style/0/2 http://www.topografix.com/GPX/gpx_style/0/2/gpx_style.xsd" xmlns:gpxtpx="http://www.garmin.com/xmlschemas/TrackPointExtension/v1" xmlns:gpxx="http://www.garmin.com/xmlschemas/GpxExtensions/v3" xmlns:gpxpx="http://www.garmin.com/xmlschemas/PowerExtension/v1" xmlns:gpx_style="http://www.topografix.com/GPX/gpx_style/0/2">
  <metadata>
    <name>SenderismoCalifa26-Domingo</name>
    <author>
      <name>gpx.studio</name>
      <link href="https://gpx.studio"/>
    </author>
    <link href="https://www.coros.com">
      <text>COROS</text>
    </link>
    <time>2026-08-18T17:15:59.000Z</time>
  </metadata>
  <trk>
    <name>Córdoba Senderismo</name>
    <type>running</type>
    <trkseg>
      <trkpt lat="37.97210524734825" lon="-4.804519631834722">
        <ele>607.7318770797077</ele>
        <time>2026-08-18T17:15:59.000Z</time>
      </trkpt>
      <trkpt lat="37.97186502491395" lon="-4.804922951311369">
        <ele>607.8270757420489</ele>
        <time>2026-08-18T17:16:33.285Z</time>
      </trkpt>
      <trkpt lat="37.97186502491395" lon="-4.804922951311369">
        <ele>607.8270757420489</ele>
        <time>2026-08-18T17:16:33.285Z</time>
      </trkpt>
      <trkpt lat="37.97145904448697" lon="-4.805168188199879">
        <ele>607.6862472571177</ele>
        <time>2026-08-18T17:17:11.973Z</time>
      </trkpt>
      <trkpt lat="37.971419904796704" lon="-4.805191830955096">
        <ele>607.759596122113</ele>
        <time>2026-08-18T17:17:15.702Z</time>
      </trkpt>
      <trkpt lat="37.971222072766594" lon="-4.805227681582352">
        <ele>607.7353736151073</ele>
        <time>2026-08-18T17:17:32.896Z</time>
      </trkpt>
      <trkpt lat="37.971222072766594" lon="-4.805227681582352">
        <ele>607.7353736151073</ele>
        <time>2026-08-18T17:17:32.896Z</time>
      </trkpt>
      <trkpt lat="37.971222072766594" lon="-4.805227681582352">
        <ele>607.7353736151073</ele>
        <time>2026-08-18T17:17:32.896Z</time>
      </trkpt>
      <trkpt lat="37.971010109286155" lon="-4.805371084062301">
        <ele>608.9369028790964</ele>
        <time>2026-08-18T17:17:53.555Z</time>
      </trkpt>
      <trkpt lat="37.97087586543171" lon="-4.805711664953662">
        <ele>611.1508354514701</ele>
        <time>2026-08-18T17:18:19.371Z</time>
      </trkpt>
      <trkpt lat="37.97087586543171" lon="-4.805711664953662">
        <ele>611.1508354514701</ele>
        <time>2026-08-18T17:18:19.371Z</time>
      </trkpt>
      <trkpt lat="37.97087586543171" lon="-4.805711664953662">
        <ele>611.1508354514701</ele>
        <time>2026-08-18T17:18:19.371Z</time>
      </trkpt>
      <trkpt lat="37.97069372410894" lon="-4.806233174508887">
        <ele>617.5132866314262</ele>
        <time>2026-08-18T17:18:57.649Z</time>
      </trkpt>
      <trkpt lat="37.970628573479374" lon="-4.806419714692794">
        <ele>619.75278861104</ele>
        <time>2026-08-18T17:19:11.345Z</time>
      </trkpt>
      <trkpt lat="37.970628573479374" lon="-4.806419714692794">
        <ele>619.75278861104</ele>
        <time>2026-08-18T17:19:11.345Z</time>
      </trkpt>
      <trkpt lat="37.9709889129045" lon="-4.80633008814263">
        <ele>624.0514564263268</ele>
        <time>2026-08-18T17:19:42.627Z</time>
      </trkpt>
      <trkpt lat="37.9709889129045" lon="-4.80633008814263">
        <ele>624.0514564263268</ele>
        <time>2026-08-18T17:19:42.627Z</time>
      </trkpt>
      <trkpt lat="37.971250334517975" lon="-4.806383864073268">
        <ele>628.1444653638379</ele>
        <time>2026-08-18T17:20:05.188Z</time>
      </trkpt>
      <trkpt lat="37.97147975200344" lon="-4.8068744430131725">
        <ele>632.451627553834</ele>
        <time>2026-08-18T17:20:43.495Z</time>
      </trkpt>
      <trkpt lat="37.97149762437711" lon="-4.806912660719689">
        <ele>632.5894718644776</ele>
        <time>2026-08-18T17:20:46.479Z</time>
      </trkpt>
      <trkpt lat="37.97149762437711" lon="-4.806912660719689">
        <ele>632.5894718644776</ele>
        <time>2026-08-18T17:20:46.479Z</time>
      </trkpt>
      <trkpt lat="37.97189004345862" lon="-4.807191165245329">
        <ele>635.3015113782794</ele>
        <time>2026-08-18T17:21:22.284Z</time>
      </trkpt>
      <trkpt lat="37.97228246254013" lon="-4.807469669770969">
        <ele>640.8666775035605</ele>
        <time>2026-08-18T17:22:00.582Z</time>
      </trkpt>
      <trkpt lat="37.9723879" lon="-4.8075445">
        <ele>642.0352955765846</ele>
        <time>2026-08-18T17:22:10.872Z</time>
      </trkpt>
      <trkpt lat="37.9723879" lon="-4.8075445">
        <ele>650</ele>
        <time>2026-08-18T17:22:10.872Z</time>
      </trkpt>
      <trkpt lat="37.9723989" lon="-4.8075522">
        <ele>650</ele>
        <time>2026-08-18T17:26:09.682Z</time>
      </trkpt>
      <trkpt lat="37.9724099" lon="-4.80756">
        <ele>650</ele>
        <time>2026-08-18T17:26:10.682Z</time>
      </trkpt>
      <trkpt lat="37.9724191" lon="-4.8075682">
        <ele>650</ele>
        <time>2026-08-18T17:26:11.682Z</time>
      </trkpt>
      <trkpt lat="37.9724283" lon="-4.8075765">
        <ele>650</ele>
        <time>2026-08-18T17:26:12.682Z</time>
      </trkpt>
      <trkpt lat="37.9724361" lon="-4.8075859">
        <ele>650</ele>
        <time>2026-08-18T17:26:13.682Z</time>
      </trkpt>
      <trkpt lat="37.972444" lon="-4.8075954">
        <ele>650</ele>
        <time>2026-08-18T17:26:14.682Z</time>
      </trkpt>
      <trkpt lat="37.9724492" lon="-4.8076063">
        <ele>650</ele>
        <time>2026-08-18T17:26:15.682Z</time>
      </trkpt>
      <trkpt lat="37.9724545" lon="-4.8076172">
        <ele>650</ele>
        <time>2026-08-18T17:26:16.682Z</time>
      </trkpt>
      <trkpt lat="37.9724577" lon="-4.80763">
        <ele>650</ele>
        <time>2026-08-18T17:26:17.682Z</time>
      </trkpt>
      <trkpt lat="37.9724609" lon="-4.8076428">
        <ele>650</ele>
        <time>2026-08-18T17:26:18.682Z</time>
      </trkpt>
      <trkpt lat="37.9724632" lon="-4.8076564">
        <ele>651</ele>
        <time>2026-08-18T17:26:19.682Z</time>
      </trkpt>
      <trkpt lat="37.9724656" lon="-4.8076701">
        <ele>651</ele>
        <time>2026-08-18T17:26:20.682Z</time>
      </trkpt>
      <trkpt lat="37.9724687" lon="-4.8076833">
        <ele>651</ele>
        <time>2026-08-18T17:26:21.682Z</time>
      </trkpt>
      <trkpt lat="37.9724719" lon="-4.8076966">
        <ele>651</ele>
        <time>2026-08-18T17:26:22.682Z</time>
      </trkpt>
      <trkpt lat="37.9724764" lon="-4.8077087">
        <ele>651</ele>
        <time>2026-08-18T17:26:23.682Z</time>
      </trkpt>
      <trkpt lat="37.972481" lon="-4.8077209">
        <ele>651</ele>
        <time>2026-08-18T17:26:24.682Z</time>
      </trkpt>
      <trkpt lat="37.9724868" lon="-4.8077324">
        <ele>651</ele>
        <time>2026-08-18T17:26:25.682Z</time>
      </trkpt>
      <trkpt lat="37.9724926" lon="-4.8077439">
        <ele>651</ele>
        <time>2026-08-18T17:26:26.682Z</time>
      </trkpt>
      <trkpt lat="37.9724991" lon="-4.8077559">
        <ele>652</ele>
        <time>2026-08-18T17:26:27.682Z</time>
      </trkpt>
      <trkpt lat="37.9725057" lon="-4.8077679">
        <ele>651</ele>
        <time>2026-08-18T17:26:28.682Z</time>
      </trkpt>
      <trkpt lat="37.9725125" lon="-4.8077797">
        <ele>651</ele>
        <time>2026-08-18T17:26:29.682Z</time>
      </trkpt>
      <trkpt lat="37.9725194" lon="-4.8077916">
        <ele>651</ele>
        <time>2026-08-18T17:26:30.682Z</time>
      </trkpt>
      <trkpt lat="37.9725269" lon="-4.8078024">
        <ele>651</ele>
        <time>2026-08-18T17:26:31.682Z</time>
      </trkpt>
      <trkpt lat="37.9725344" lon="-4.8078132">
        <ele>651</ele>
        <time>2026-08-18T17:26:32.682Z</time>
      </trkpt>
      <trkpt lat="37.9725406" lon="-4.8078249">
        <ele>651</ele>
        <time>2026-08-18T17:26:33.682Z</time>
      </trkpt>
      <trkpt lat="37.9725468" lon="-4.8078367">
        <ele>651</ele>
        <time>2026-08-18T17:26:34.682Z</time>
      </trkpt>
      <trkpt lat="37.9725517" lon="-4.8078508">
        <ele>652</ele>
        <time>2026-08-18T17:26:35.682Z</time>
      </trkpt>
      <trkpt lat="37.9725567" lon="-4.807865">
        <ele>652</ele>
        <time>2026-08-18T17:26:36.682Z</time>
      </trkpt>
      <trkpt lat="37.9725615" lon="-4.807882">
        <ele>652</ele>
        <time>2026-08-18T17:26:37.682Z</time>
      </trkpt>
      <trkpt lat="37.9725663" lon="-4.807899">
        <ele>652</ele>
        <time>2026-08-18T17:26:38.682Z</time>
      </trkpt>
      <trkpt lat="37.9725717" lon="-4.8079149">
        <ele>653</ele>
        <time>2026-08-18T17:26:39.682Z</time>
      </trkpt>
      <trkpt lat="37.9725771" lon="-4.8079308">
        <ele>653</ele>
        <time>2026-08-18T17:26:40.682Z</time>
      </trkpt>
      <trkpt lat="37.9725826" lon="-4.8079454">
        <ele>653</ele>
        <time>2026-08-18T17:26:41.682Z</time>
      </trkpt>
      <trkpt lat="37.9725881" lon="-4.8079601">
        <ele>653</ele>
        <time>2026-08-18T17:26:42.682Z</time>
      </trkpt>
      <trkpt lat="37.9725945" lon="-4.8079726">
        <ele>654</ele>
        <time>2026-08-18T17:26:43.682Z</time>
      </trkpt>
      <trkpt lat="37.9726009" lon="-4.8079851">
        <ele>654</ele>
        <time>2026-08-18T17:26:44.682Z</time>
      </trkpt>
      <trkpt lat="37.9726082" lon="-4.8079952">
        <ele>654</ele>
        <time>2026-08-18T17:26:45.682Z</time>
      </trkpt>
      <trkpt lat="37.9726155" lon="-4.8080053">
        <ele>654</ele>
        <time>2026-08-18T17:26:46.682Z</time>
      </trkpt>
      <trkpt lat="37.9726227" lon="-4.8080155">
        <ele>654</ele>
        <time>2026-08-18T17:26:47.682Z</time>
      </trkpt>
      <trkpt lat="37.9726299" lon="-4.8080258">
        <ele>654</ele>
        <time>2026-08-18T17:26:48.682Z</time>
      </trkpt>
      <trkpt lat="37.9726381" lon="-4.8080368">
        <ele>654</ele>
        <time>2026-08-18T17:26:49.682Z</time>
      </trkpt>
      <trkpt lat="37.9726463" lon="-4.8080479">
        <ele>654</ele>
        <time>2026-08-18T17:26:50.682Z</time>
      </trkpt>
      <trkpt lat="37.9726558" lon="-4.8080605">
        <ele>654</ele>
        <time>2026-08-18T17:26:51.682Z</time>
      </trkpt>
      <trkpt lat="37.9726653" lon="-4.8080732">
        <ele>654</ele>
        <time>2026-08-18T17:26:52.682Z</time>
      </trkpt>
      <trkpt lat="37.9726739" lon="-4.8080887">
        <ele>654</ele>
        <time>2026-08-18T17:26:53.682Z</time>
      </trkpt>
      <trkpt lat="37.9726825" lon="-4.8081042">
        <ele>654</ele>
        <time>2026-08-18T17:26:54.682Z</time>
      </trkpt>
      <trkpt lat="37.9726897" lon="-4.8081206">
        <ele>654</ele>
        <time>2026-08-18T17:26:55.682Z</time>
      </trkpt>
      <trkpt lat="37.972697" lon="-4.808137">
        <ele>654</ele>
        <time>2026-08-18T17:26:56.682Z</time>
      </trkpt>
      <trkpt lat="37.9727029" lon="-4.8081517">
        <ele>654</ele>
        <time>2026-08-18T17:26:57.682Z</time>
      </trkpt>
      <trkpt lat="37.9727088" lon="-4.8081665">
        <ele>654</ele>
        <time>2026-08-18T17:26:58.682Z</time>
      </trkpt>
      <trkpt lat="37.9727144" lon="-4.8081794">
        <ele>654</ele>
        <time>2026-08-18T17:26:59.682Z</time>
      </trkpt>
      <trkpt lat="37.97272" lon="-4.8081923">
        <ele>654</ele>
        <time>2026-08-18T17:27:00.682Z</time>
      </trkpt>
      <trkpt lat="37.9727253" lon="-4.8082049">
        <ele>654</ele>
        <time>2026-08-18T17:27:01.682Z</time>
      </trkpt>
      <trkpt lat="37.9727306" lon="-4.8082175">
        <ele>654</ele>
        <time>2026-08-18T17:27:02.682Z</time>
      </trkpt>
      <trkpt lat="37.9727355" lon="-4.8082303">
        <ele>654</ele>
        <time>2026-08-18T17:27:03.682Z</time>
      </trkpt>
      <trkpt lat="37.9727404" lon="-4.8082432">
        <ele>654</ele>
        <time>2026-08-18T17:27:04.682Z</time>
      </trkpt>
      <trkpt lat="37.9727464" lon="-4.8082562">
        <ele>654</ele>
        <time>2026-08-18T17:27:05.682Z</time>
      </trkpt>
      <trkpt lat="37.9727524" lon="-4.8082692">
        <ele>654</ele>
        <time>2026-08-18T17:27:06.682Z</time>
      </trkpt>
      <trkpt lat="37.9727589" lon="-4.8082829">
        <ele>655</ele>
        <time>2026-08-18T17:27:07.682Z</time>
      </trkpt>
      <trkpt lat="37.9727654" lon="-4.8082967">
        <ele>655</ele>
        <time>2026-08-18T17:27:08.682Z</time>
      </trkpt>
      <trkpt lat="37.9727721" lon="-4.8083106">
        <ele>655</ele>
        <time>2026-08-18T17:27:09.682Z</time>
      </trkpt>
      <trkpt lat="37.9727788" lon="-4.8083246">
        <ele>655</ele>
        <time>2026-08-18T17:27:10.682Z</time>
      </trkpt>
      <trkpt lat="37.972785" lon="-4.8083389">
        <ele>656</ele>
        <time>2026-08-18T17:27:11.682Z</time>
      </trkpt>
      <trkpt lat="37.9727913" lon="-4.8083532">
        <ele>656</ele>
        <time>2026-08-18T17:27:12.682Z</time>
      </trkpt>
      <trkpt lat="37.9727975" lon="-4.8083679">
        <ele>656</ele>
        <time>2026-08-18T17:27:13.682Z</time>
      </trkpt>
      <trkpt lat="37.9728038" lon="-4.8083826">
        <ele>656</ele>
        <time>2026-08-18T17:27:14.682Z</time>
      </trkpt>
      <trkpt lat="37.9728099" lon="-4.8083988">
        <ele>657</ele>
        <time>2026-08-18T17:27:15.682Z</time>
      </trkpt>
      <trkpt lat="37.9728161" lon="-4.808415">
        <ele>657</ele>
        <time>2026-08-18T17:27:16.682Z</time>
      </trkpt>
      <trkpt lat="37.9728218" lon="-4.8084306">
        <ele>657</ele>
        <time>2026-08-18T17:27:17.682Z</time>
      </trkpt>
      <trkpt lat="37.9728276" lon="-4.8084463">
        <ele>657</ele>
        <time>2026-08-18T17:27:18.682Z</time>
      </trkpt>
      <trkpt lat="37.9728336" lon="-4.8084606">
        <ele>657</ele>
        <time>2026-08-18T17:27:19.682Z</time>
      </trkpt>
      <trkpt lat="37.9728396" lon="-4.808475">
        <ele>657</ele>
        <time>2026-08-18T17:27:20.682Z</time>
      </trkpt>
      <trkpt lat="37.9728465" lon="-4.808488">
        <ele>657</ele>
        <time>2026-08-18T17:27:21.682Z</time>
      </trkpt>
      <trkpt lat="37.9728535" lon="-4.808501">
        <ele>657</ele>
        <time>2026-08-18T17:27:22.682Z</time>
      </trkpt>
      <trkpt lat="37.9728617" lon="-4.8085137">
        <ele>657</ele>
        <time>2026-08-18T17:27:23.682Z</time>
      </trkpt>
      <trkpt lat="37.9728699" lon="-4.8085264">
        <ele>657</ele>
        <time>2026-08-18T17:27:24.682Z</time>
      </trkpt>
      <trkpt lat="37.9728792" lon="-4.8085393">
        <ele>657</ele>
        <time>2026-08-18T17:27:25.682Z</time>
      </trkpt>
      <trkpt lat="37.9728885" lon="-4.8085522">
        <ele>657</ele>
        <time>2026-08-18T17:27:26.682Z</time>
      </trkpt>
      <trkpt lat="37.9728977" lon="-4.8085661">
        <ele>657</ele>
        <time>2026-08-18T17:27:27.682Z</time>
      </trkpt>
      <trkpt lat="37.972907" lon="-4.8085801">
        <ele>657</ele>
        <time>2026-08-18T17:27:28.682Z</time>
      </trkpt>
      <trkpt lat="37.9729146" lon="-4.808596">
        <ele>657</ele>
        <time>2026-08-18T17:27:29.682Z</time>
      </trkpt>
      <trkpt lat="37.9729222" lon="-4.808612">
        <ele>657</ele>
        <time>2026-08-18T17:27:30.682Z</time>
      </trkpt>
      <trkpt lat="37.9729287" lon="-4.8086272">
        <ele>657</ele>
        <time>2026-08-18T17:27:31.682Z</time>
      </trkpt>
      <trkpt lat="37.9729352" lon="-4.8086424">
        <ele>657</ele>
        <time>2026-08-18T17:27:32.682Z</time>
      </trkpt>
      <trkpt lat="37.9729416" lon="-4.8086565">
        <ele>657</ele>
        <time>2026-08-18T17:27:33.682Z</time>
      </trkpt>
      <trkpt lat="37.972948" lon="-4.8086707">
        <ele>657</ele>
        <time>2026-08-18T17:27:34.682Z</time>
      </trkpt>
      <trkpt lat="37.9729549" lon="-4.8086851">
        <ele>657</ele>
        <time>2026-08-18T17:27:35.682Z</time>
      </trkpt>
      <trkpt lat="37.9729619" lon="-4.8086996">
        <ele>657</ele>
        <time>2026-08-18T17:27:36.682Z</time>
      </trkpt>
      <trkpt lat="37.9729685" lon="-4.8087162">
        <ele>657</ele>
        <time>2026-08-18T17:27:37.682Z</time>
      </trkpt>
      <trkpt lat="37.9729751" lon="-4.8087328">
        <ele>657</ele>
        <time>2026-08-18T17:27:38.682Z</time>
      </trkpt>
      <trkpt lat="37.9729815" lon="-4.8087475">
        <ele>657</ele>
        <time>2026-08-18T17:27:39.682Z</time>
      </trkpt>
      <trkpt lat="37.972988" lon="-4.8087623">
        <ele>657</ele>
        <time>2026-08-18T17:27:40.682Z</time>
      </trkpt>
      <trkpt lat="37.9729953" lon="-4.8087727">
        <ele>657</ele>
        <time>2026-08-18T17:27:41.682Z</time>
      </trkpt>
      <trkpt lat="37.9730027" lon="-4.8087831">
        <ele>657</ele>
        <time>2026-08-18T17:27:42.682Z</time>
      </trkpt>
      <trkpt lat="37.973011" lon="-4.8087919">
        <ele>658</ele>
        <time>2026-08-18T17:27:43.682Z</time>
      </trkpt>
      <trkpt lat="37.9730193" lon="-4.8088007">
        <ele>658</ele>
        <time>2026-08-18T17:27:44.682Z</time>
      </trkpt>
      <trkpt lat="37.9730277" lon="-4.8088098">
        <ele>658</ele>
        <time>2026-08-18T17:27:45.682Z</time>
      </trkpt>
      <trkpt lat="37.9730361" lon="-4.8088189">
        <ele>658</ele>
        <time>2026-08-18T17:27:46.682Z</time>
      </trkpt>
      <trkpt lat="37.9730448" lon="-4.8088306">
        <ele>658</ele>
        <time>2026-08-18T17:27:47.682Z</time>
      </trkpt>
      <trkpt lat="37.9730535" lon="-4.8088423">
        <ele>658</ele>
        <time>2026-08-18T17:27:48.682Z</time>
      </trkpt>
      <trkpt lat="37.973062" lon="-4.8088561">
        <ele>658</ele>
        <time>2026-08-18T17:27:49.682Z</time>
      </trkpt>
      <trkpt lat="37.9730705" lon="-4.80887">
        <ele>658</ele>
        <time>2026-08-18T17:27:50.682Z</time>
      </trkpt>
      <trkpt lat="37.9730793" lon="-4.8088854">
        <ele>658</ele>
        <time>2026-08-18T17:27:51.682Z</time>
      </trkpt>
      <trkpt lat="37.9730882" lon="-4.8089009">
        <ele>657</ele>
        <time>2026-08-18T17:27:52.682Z</time>
      </trkpt>
      <trkpt lat="37.9730968" lon="-4.8089162">
        <ele>657</ele>
        <time>2026-08-18T17:27:53.682Z</time>
      </trkpt>
      <trkpt lat="37.9731054" lon="-4.8089315">
        <ele>657</ele>
        <time>2026-08-18T17:27:54.682Z</time>
      </trkpt>
      <trkpt lat="37.9731134" lon="-4.8089456">
        <ele>657</ele>
        <time>2026-08-18T17:27:55.682Z</time>
      </trkpt>
      <trkpt lat="37.9731215" lon="-4.8089597">
        <ele>656</ele>
        <time>2026-08-18T17:27:56.682Z</time>
      </trkpt>
      <trkpt lat="37.9731299" lon="-4.8089735">
        <ele>656</ele>
        <time>2026-08-18T17:27:57.682Z</time>
      </trkpt>
      <trkpt lat="37.9731383" lon="-4.8089873">
        <ele>656</ele>
        <time>2026-08-18T17:27:58.682Z</time>
      </trkpt>
      <trkpt lat="37.9731471" lon="-4.8090005">
        <ele>656</ele>
        <time>2026-08-18T17:27:59.682Z</time>
      </trkpt>
      <trkpt lat="37.9731559" lon="-4.8090138">
        <ele>656</ele>
        <time>2026-08-18T17:28:00.682Z</time>
      </trkpt>
      <trkpt lat="37.9731655" lon="-4.8090269">
        <ele>656</ele>
        <time>2026-08-18T17:28:01.682Z</time>
      </trkpt>
      <trkpt lat="37.9731751" lon="-4.8090401">
        <ele>656</ele>
        <time>2026-08-18T17:28:02.682Z</time>
      </trkpt>
      <trkpt lat="37.9731844" lon="-4.8090532">
        <ele>657</ele>
        <time>2026-08-18T17:28:03.682Z</time>
      </trkpt>
      <trkpt lat="37.9731938" lon="-4.8090664">
        <ele>656</ele>
        <time>2026-08-18T17:28:04.682Z</time>
      </trkpt>
      <trkpt lat="37.973203" lon="-4.8090791">
        <ele>656</ele>
        <time>2026-08-18T17:28:05.682Z</time>
      </trkpt>
      <trkpt lat="37.9732122" lon="-4.8090918">
        <ele>656</ele>
        <time>2026-08-18T17:28:06.682Z</time>
      </trkpt>
      <trkpt lat="37.9732222" lon="-4.8091048">
        <ele>656</ele>
        <time>2026-08-18T17:28:07.682Z</time>
      </trkpt>
      <trkpt lat="37.9732322" lon="-4.8091179">
        <ele>655</ele>
        <time>2026-08-18T17:28:08.682Z</time>
      </trkpt>
      <trkpt lat="37.9732428" lon="-4.8091317">
        <ele>655</ele>
        <time>2026-08-18T17:28:09.682Z</time>
      </trkpt>
      <trkpt lat="37.9732534" lon="-4.8091455">
        <ele>655</ele>
        <time>2026-08-18T17:28:10.682Z</time>
      </trkpt>
      <trkpt lat="37.9732631" lon="-4.8091586">
        <ele>655</ele>
        <time>2026-08-18T17:28:11.682Z</time>
      </trkpt>
      <trkpt lat="37.9732729" lon="-4.8091717">
        <ele>655</ele>
        <time>2026-08-18T17:28:12.682Z</time>
      </trkpt>
      <trkpt lat="37.9732838" lon="-4.8091835">
        <ele>655</ele>
        <time>2026-08-18T17:28:13.682Z</time>
      </trkpt>
      <trkpt lat="37.9732947" lon="-4.8091954">
        <ele>655</ele>
        <time>2026-08-18T17:28:14.682Z</time>
      </trkpt>
      <trkpt lat="37.973307" lon="-4.8092058">
        <ele>655</ele>
        <time>2026-08-18T17:28:15.682Z</time>
      </trkpt>
      <trkpt lat="37.9733193" lon="-4.8092162">
        <ele>654</ele>
        <time>2026-08-18T17:28:16.682Z</time>
      </trkpt>
      <trkpt lat="37.9733318" lon="-4.8092264">
        <ele>654</ele>
        <time>2026-08-18T17:28:17.682Z</time>
      </trkpt>
      <trkpt lat="37.9733444" lon="-4.8092366">
        <ele>654</ele>
        <time>2026-08-18T17:28:18.682Z</time>
      </trkpt>
      <trkpt lat="37.9733577" lon="-4.8092452">
        <ele>654</ele>
        <time>2026-08-18T17:28:19.682Z</time>
      </trkpt>
      <trkpt lat="37.973371" lon="-4.8092539">
        <ele>654</ele>
        <time>2026-08-18T17:28:20.682Z</time>
      </trkpt>
      <trkpt lat="37.9733835" lon="-4.8092629">
        <ele>654</ele>
        <time>2026-08-18T17:28:21.682Z</time>
      </trkpt>
      <trkpt lat="37.9733961" lon="-4.8092719">
        <ele>654</ele>
        <time>2026-08-18T17:28:22.682Z</time>
      </trkpt>
      <trkpt lat="37.9734071" lon="-4.8092809">
        <ele>654</ele>
        <time>2026-08-18T17:28:23.682Z</time>
      </trkpt>
      <trkpt lat="37.9734182" lon="-4.80929">
        <ele>653</ele>
        <time>2026-08-18T17:28:24.682Z</time>
      </trkpt>
      <trkpt lat="37.9734274" lon="-4.8092986">
        <ele>653</ele>
        <time>2026-08-18T17:28:25.682Z</time>
      </trkpt>
      <trkpt lat="37.9734367" lon="-4.8093073">
        <ele>653</ele>
        <time>2026-08-18T17:28:26.682Z</time>
      </trkpt>
      <trkpt lat="37.9734454" lon="-4.809316">
        <ele>653</ele>
        <time>2026-08-18T17:28:27.682Z</time>
      </trkpt>
      <trkpt lat="37.9734542" lon="-4.8093247">
        <ele>652</ele>
        <time>2026-08-18T17:28:28.682Z</time>
      </trkpt>
      <trkpt lat="37.9734632" lon="-4.8093335">
        <ele>652</ele>
        <time>2026-08-18T17:28:29.682Z</time>
      </trkpt>
      <trkpt lat="37.9734723" lon="-4.8093424">
        <ele>652</ele>
        <time>2026-08-18T17:28:30.682Z</time>
      </trkpt>
      <trkpt lat="37.973483" lon="-4.8093522">
        <ele>652</ele>
        <time>2026-08-18T17:28:31.682Z</time>
      </trkpt>
      <trkpt lat="37.9734938" lon="-4.809362">
        <ele>651</ele>
        <time>2026-08-18T17:28:32.682Z</time>
      </trkpt>
      <trkpt lat="37.9735062" lon="-4.8093722">
        <ele>651</ele>
        <time>2026-08-18T17:28:33.682Z</time>
      </trkpt>
      <trkpt lat="37.9735187" lon="-4.8093824">
        <ele>651</ele>
        <time>2026-08-18T17:28:34.682Z</time>
      </trkpt>
      <trkpt lat="37.9735317" lon="-4.809393">
        <ele>651</ele>
        <time>2026-08-18T17:28:35.682Z</time>
      </trkpt>
      <trkpt lat="37.9735448" lon="-4.8094036">
        <ele>650</ele>
        <time>2026-08-18T17:28:36.682Z</time>
      </trkpt>
      <trkpt lat="37.9735577" lon="-4.8094136">
        <ele>650</ele>
        <time>2026-08-18T17:28:37.682Z</time>
      </trkpt>
      <trkpt lat="37.9735706" lon="-4.8094236">
        <ele>650</ele>
        <time>2026-08-18T17:28:38.682Z</time>
      </trkpt>
      <trkpt lat="37.9735819" lon="-4.8094333">
        <ele>650</ele>
        <time>2026-08-18T17:28:39.682Z</time>
      </trkpt>
      <trkpt lat="37.9735932" lon="-4.8094431">
        <ele>649</ele>
        <time>2026-08-18T17:28:40.682Z</time>
      </trkpt>
      <trkpt lat="37.9736037" lon="-4.8094541">
        <ele>649</ele>
        <time>2026-08-18T17:28:41.682Z</time>
      </trkpt>
      <trkpt lat="37.9736142" lon="-4.8094651">
        <ele>649</ele>
        <time>2026-08-18T17:28:42.682Z</time>
      </trkpt>
      <trkpt lat="37.9736259" lon="-4.8094757">
        <ele>649</ele>
        <time>2026-08-18T17:28:43.682Z</time>
      </trkpt>
      <trkpt lat="37.9736376" lon="-4.8094864">
        <ele>648</ele>
        <time>2026-08-18T17:28:44.682Z</time>
      </trkpt>
      <trkpt lat="37.9736507" lon="-4.8094949">
        <ele>648</ele>
        <time>2026-08-18T17:28:45.682Z</time>
      </trkpt>
      <trkpt lat="37.9736639" lon="-4.8095035">
        <ele>647</ele>
        <time>2026-08-18T17:28:46.682Z</time>
      </trkpt>
      <trkpt lat="37.9736767" lon="-4.8095121">
        <ele>647</ele>
        <time>2026-08-18T17:28:47.682Z</time>
      </trkpt>
      <trkpt lat="37.9736896" lon="-4.8095207">
        <ele>646</ele>
        <time>2026-08-18T17:28:48.682Z</time>
      </trkpt>
      <trkpt lat="37.9737012" lon="-4.8095315">
        <ele>646</ele>
        <time>2026-08-18T17:28:49.682Z</time>
      </trkpt>
      <trkpt lat="37.9737129" lon="-4.8095423">
        <ele>646</ele>
        <time>2026-08-18T17:28:50.682Z</time>
      </trkpt>
      <trkpt lat="37.9737247" lon="-4.8095585">
        <ele>646</ele>
        <time>2026-08-18T17:28:51.682Z</time>
      </trkpt>
      <trkpt lat="37.9737366" lon="-4.8095747">
        <ele>645</ele>
        <time>2026-08-18T17:28:52.682Z</time>
      </trkpt>
      <trkpt lat="37.9737498" lon="-4.8095903">
        <ele>645</ele>
        <time>2026-08-18T17:28:53.682Z</time>
      </trkpt>
      <trkpt lat="37.973763" lon="-4.8096059">
        <ele>644</ele>
        <time>2026-08-18T17:28:54.682Z</time>
      </trkpt>
      <trkpt lat="37.9737751" lon="-4.8096213">
        <ele>644</ele>
        <time>2026-08-18T17:28:55.682Z</time>
      </trkpt>
      <trkpt lat="37.9737872" lon="-4.8096368">
        <ele>643</ele>
        <time>2026-08-18T17:28:56.682Z</time>
      </trkpt>
      <trkpt lat="37.9737962" lon="-4.8096522">
        <ele>643</ele>
        <time>2026-08-18T17:28:57.682Z</time>
      </trkpt>
      <trkpt lat="37.9738053" lon="-4.8096677">
        <ele>643</ele>
        <time>2026-08-18T17:28:58.682Z</time>
      </trkpt>
      <trkpt lat="37.9738147" lon="-4.8096826">
        <ele>643</ele>
        <time>2026-08-18T17:28:59.682Z</time>
      </trkpt>
      <trkpt lat="37.9738242" lon="-4.8096975">
        <ele>642</ele>
        <time>2026-08-18T17:29:00.682Z</time>
      </trkpt>
      <trkpt lat="37.9738354" lon="-4.809708">
        <ele>642</ele>
        <time>2026-08-18T17:29:01.682Z</time>
      </trkpt>
      <trkpt lat="37.9738467" lon="-4.8097185">
        <ele>641</ele>
        <time>2026-08-18T17:29:02.682Z</time>
      </trkpt>
      <trkpt lat="37.973858" lon="-4.8097268">
        <ele>641</ele>
        <time>2026-08-18T17:29:03.682Z</time>
      </trkpt>
      <trkpt lat="37.9738694" lon="-4.8097352">
        <ele>641</ele>
        <time>2026-08-18T17:29:04.682Z</time>
      </trkpt>
      <trkpt lat="37.9738805" lon="-4.8097442">
        <ele>641</ele>
        <time>2026-08-18T17:29:05.682Z</time>
      </trkpt>
      <trkpt lat="37.9738916" lon="-4.8097533">
        <ele>641</ele>
        <time>2026-08-18T17:29:06.682Z</time>
      </trkpt>
      <trkpt lat="37.9738994" lon="-4.8097666">
        <ele>641</ele>
        <time>2026-08-18T17:29:07.682Z</time>
      </trkpt>
      <trkpt lat="37.9739073" lon="-4.8097799">
        <ele>641</ele>
        <time>2026-08-18T17:29:08.682Z</time>
      </trkpt>
      <trkpt lat="37.9739142" lon="-4.8097964">
        <ele>641</ele>
        <time>2026-08-18T17:29:09.682Z</time>
      </trkpt>
      <trkpt lat="37.9739211" lon="-4.8098129">
        <ele>641</ele>
        <time>2026-08-18T17:29:10.682Z</time>
      </trkpt>
      <trkpt lat="37.9739295" lon="-4.8098281">
        <ele>641</ele>
        <time>2026-08-18T17:29:11.682Z</time>
      </trkpt>
      <trkpt lat="37.973938" lon="-4.8098433">
        <ele>640</ele>
        <time>2026-08-18T17:29:12.682Z</time>
      </trkpt>
      <trkpt lat="37.9739478" lon="-4.8098577">
        <ele>640</ele>
        <time>2026-08-18T17:29:13.682Z</time>
      </trkpt>
      <trkpt lat="37.9739577" lon="-4.8098722">
        <ele>640</ele>
        <time>2026-08-18T17:29:14.682Z</time>
      </trkpt>
      <trkpt lat="37.9739675" lon="-4.8098858">
        <ele>640</ele>
        <time>2026-08-18T17:29:15.682Z</time>
      </trkpt>
      <trkpt lat="37.9739773" lon="-4.8098995">
        <ele>639</ele>
        <time>2026-08-18T17:29:16.682Z</time>
      </trkpt>
      <trkpt lat="37.9739881" lon="-4.809913">
        <ele>639</ele>
        <time>2026-08-18T17:29:17.682Z</time>
      </trkpt>
      <trkpt lat="37.973999" lon="-4.8099266">
        <ele>639</ele>
        <time>2026-08-18T17:29:18.682Z</time>
      </trkpt>
      <trkpt lat="37.9740109" lon="-4.8099408">
        <ele>639</ele>
        <time>2026-08-18T17:29:19.682Z</time>
      </trkpt>
      <trkpt lat="37.9740229" lon="-4.809955">
        <ele>639</ele>
        <time>2026-08-18T17:29:20.682Z</time>
      </trkpt>
      <trkpt lat="37.9740319" lon="-4.8099711">
        <ele>639</ele>
        <time>2026-08-18T17:29:21.682Z</time>
      </trkpt>
      <trkpt lat="37.974041" lon="-4.8099873">
        <ele>639</ele>
        <time>2026-08-18T17:29:22.682Z</time>
      </trkpt>
      <trkpt lat="37.9740469" lon="-4.8100021">
        <ele>639</ele>
        <time>2026-08-18T17:29:23.682Z</time>
      </trkpt>
      <trkpt lat="37.9740528" lon="-4.8100169">
        <ele>638</ele>
        <time>2026-08-18T17:29:24.682Z</time>
      </trkpt>
      <trkpt lat="37.9740603" lon="-4.810031">
        <ele>638</ele>
        <time>2026-08-18T17:29:25.682Z</time>
      </trkpt>
      <trkpt lat="37.9740678" lon="-4.8100452">
        <ele>638</ele>
        <time>2026-08-18T17:29:26.682Z</time>
      </trkpt>
      <trkpt lat="37.9740771" lon="-4.8100587">
        <ele>638</ele>
        <time>2026-08-18T17:29:27.682Z</time>
      </trkpt>
      <trkpt lat="37.9740864" lon="-4.8100723">
        <ele>637</ele>
        <time>2026-08-18T17:29:28.682Z</time>
      </trkpt>
      <trkpt lat="37.974095" lon="-4.8100863">
        <ele>637</ele>
        <time>2026-08-18T17:29:29.682Z</time>
      </trkpt>
      <trkpt lat="37.9741036" lon="-4.8101004">
        <ele>637</ele>
        <time>2026-08-18T17:29:30.682Z</time>
      </trkpt>
      <trkpt lat="37.9741111" lon="-4.8101161">
        <ele>637</ele>
        <time>2026-08-18T17:29:31.682Z</time>
      </trkpt>
      <trkpt lat="37.9741187" lon="-4.8101319">
        <ele>637</ele>
        <time>2026-08-18T17:29:32.682Z</time>
      </trkpt>
      <trkpt lat="37.9741255" lon="-4.8101482">
        <ele>637</ele>
        <time>2026-08-18T17:29:33.682Z</time>
      </trkpt>
      <trkpt lat="37.9741323" lon="-4.8101646">
        <ele>637</ele>
        <time>2026-08-18T17:29:34.682Z</time>
      </trkpt>
      <trkpt lat="37.9741391" lon="-4.810181">
        <ele>637</ele>
        <time>2026-08-18T17:29:35.682Z</time>
      </trkpt>
      <trkpt lat="37.9741459" lon="-4.8101975">
        <ele>636</ele>
        <time>2026-08-18T17:29:36.682Z</time>
      </trkpt>
      <trkpt lat="37.9741528" lon="-4.8102138">
        <ele>636</ele>
        <time>2026-08-18T17:29:37.682Z</time>
      </trkpt>
      <trkpt lat="37.9741598" lon="-4.8102302">
        <ele>636</ele>
        <time>2026-08-18T17:29:38.682Z</time>
      </trkpt>
      <trkpt lat="37.9741682" lon="-4.810245">
        <ele>636</ele>
        <time>2026-08-18T17:29:39.682Z</time>
      </trkpt>
      <trkpt lat="37.9741766" lon="-4.8102598">
        <ele>635</ele>
        <time>2026-08-18T17:29:40.682Z</time>
      </trkpt>
      <trkpt lat="37.9741853" lon="-4.8102732">
        <ele>635</ele>
        <time>2026-08-18T17:29:41.682Z</time>
      </trkpt>
      <trkpt lat="37.9741941" lon="-4.8102866">
        <ele>635</ele>
        <time>2026-08-18T17:29:42.682Z</time>
      </trkpt>
      <trkpt lat="37.9742012" lon="-4.8102995">
        <ele>635</ele>
        <time>2026-08-18T17:29:43.682Z</time>
      </trkpt>
      <trkpt lat="37.9742083" lon="-4.8103124">
        <ele>634</ele>
        <time>2026-08-18T17:29:44.682Z</time>
      </trkpt>
      <trkpt lat="37.9742143" lon="-4.8103246">
        <ele>634</ele>
        <time>2026-08-18T17:29:45.682Z</time>
      </trkpt>
      <trkpt lat="37.9742204" lon="-4.8103369">
        <ele>634</ele>
        <time>2026-08-18T17:29:46.682Z</time>
      </trkpt>
      <trkpt lat="37.9742261" lon="-4.8103498">
        <ele>634</ele>
        <time>2026-08-18T17:29:47.682Z</time>
      </trkpt>
      <trkpt lat="37.9742318" lon="-4.8103628">
        <ele>634</ele>
        <time>2026-08-18T17:29:48.682Z</time>
      </trkpt>
      <trkpt lat="37.9742378" lon="-4.8103764">
        <ele>634</ele>
        <time>2026-08-18T17:29:49.682Z</time>
      </trkpt>
      <trkpt lat="37.9742438" lon="-4.8103901">
        <ele>634</ele>
        <time>2026-08-18T17:29:50.682Z</time>
      </trkpt>
      <trkpt lat="37.97425" lon="-4.8104058">
        <ele>634</ele>
        <time>2026-08-18T17:29:51.682Z</time>
      </trkpt>
      <trkpt lat="37.9742562" lon="-4.8104215">
        <ele>634</ele>
        <time>2026-08-18T17:29:52.682Z</time>
      </trkpt>
      <trkpt lat="37.9742626" lon="-4.8104376">
        <ele>634</ele>
        <time>2026-08-18T17:29:53.682Z</time>
      </trkpt>
      <trkpt lat="37.9742691" lon="-4.8104537">
        <ele>634</ele>
        <time>2026-08-18T17:29:54.682Z</time>
      </trkpt>
      <trkpt lat="37.9742755" lon="-4.8104697">
        <ele>634</ele>
        <time>2026-08-18T17:29:55.682Z</time>
      </trkpt>
      <trkpt lat="37.9742819" lon="-4.8104858">
        <ele>633</ele>
        <time>2026-08-18T17:29:56.682Z</time>
      </trkpt>
      <trkpt lat="37.9742873" lon="-4.8105036">
        <ele>633</ele>
        <time>2026-08-18T17:29:57.682Z</time>
      </trkpt>
      <trkpt lat="37.9742928" lon="-4.8105215">
        <ele>633</ele>
        <time>2026-08-18T17:29:58.682Z</time>
      </trkpt>
      <trkpt lat="37.9742987" lon="-4.8105393">
        <ele>633</ele>
        <time>2026-08-18T17:29:59.682Z</time>
      </trkpt>
      <trkpt lat="37.9743047" lon="-4.8105572">
        <ele>633</ele>
        <time>2026-08-18T17:30:00.682Z</time>
      </trkpt>
      <trkpt lat="37.9743107" lon="-4.8105748">
        <ele>633</ele>
        <time>2026-08-18T17:30:01.682Z</time>
      </trkpt>
      <trkpt lat="37.9743168" lon="-4.8105925">
        <ele>633</ele>
        <time>2026-08-18T17:30:02.682Z</time>
      </trkpt>
      <trkpt lat="37.974324" lon="-4.8106094">
        <ele>633</ele>
        <time>2026-08-18T17:30:03.682Z</time>
      </trkpt>
      <trkpt lat="37.9743312" lon="-4.8106264">
        <ele>633</ele>
        <time>2026-08-18T17:30:04.682Z</time>
      </trkpt>
      <trkpt lat="37.9743396" lon="-4.8106424">
        <ele>633</ele>
        <time>2026-08-18T17:30:05.682Z</time>
      </trkpt>
      <trkpt lat="37.974348" lon="-4.8106584">
        <ele>633</ele>
        <time>2026-08-18T17:30:06.682Z</time>
      </trkpt>
      <trkpt lat="37.974354" lon="-4.8106738">
        <ele>633</ele>
        <time>2026-08-18T17:30:07.682Z</time>
      </trkpt>
      <trkpt lat="37.9743601" lon="-4.8106892">
        <ele>633</ele>
        <time>2026-08-18T17:30:08.682Z</time>
      </trkpt>
      <trkpt lat="37.9743646" lon="-4.810704">
        <ele>633</ele>
        <time>2026-08-18T17:30:09.682Z</time>
      </trkpt>
      <trkpt lat="37.9743692" lon="-4.8107189">
        <ele>633</ele>
        <time>2026-08-18T17:30:10.682Z</time>
      </trkpt>
      <trkpt lat="37.9743738" lon="-4.8107339">
        <ele>633</ele>
        <time>2026-08-18T17:30:11.682Z</time>
      </trkpt>
      <trkpt lat="37.9743784" lon="-4.8107489">
        <ele>633</ele>
        <time>2026-08-18T17:30:12.682Z</time>
      </trkpt>
      <trkpt lat="37.974382" lon="-4.8107649">
        <ele>633</ele>
        <time>2026-08-18T17:30:13.682Z</time>
      </trkpt>
      <trkpt lat="37.9743857" lon="-4.8107809">
        <ele>633</ele>
        <time>2026-08-18T17:30:14.682Z</time>
      </trkpt>
      <trkpt lat="37.9743873" lon="-4.8107969">
        <ele>633</ele>
        <time>2026-08-18T17:30:15.682Z</time>
      </trkpt>
      <trkpt lat="37.974389" lon="-4.8108129">
        <ele>632</ele>
        <time>2026-08-18T17:30:16.682Z</time>
      </trkpt>
      <trkpt lat="37.9743911" lon="-4.8108278">
        <ele>632</ele>
        <time>2026-08-18T17:30:17.682Z</time>
      </trkpt>
      <trkpt lat="37.9743933" lon="-4.8108428">
        <ele>632</ele>
        <time>2026-08-18T17:30:18.682Z</time>
      </trkpt>
      <trkpt lat="37.9743957" lon="-4.8108585">
        <ele>632</ele>
        <time>2026-08-18T17:30:19.682Z</time>
      </trkpt>
      <trkpt lat="37.9743981" lon="-4.8108742">
        <ele>631</ele>
        <time>2026-08-18T17:30:20.682Z</time>
      </trkpt>
      <trkpt lat="37.9744006" lon="-4.8108903">
        <ele>631</ele>
        <time>2026-08-18T17:30:21.682Z</time>
      </trkpt>
      <trkpt lat="37.9744032" lon="-4.8109064">
        <ele>631</ele>
        <time>2026-08-18T17:30:22.682Z</time>
      </trkpt>
      <trkpt lat="37.9744058" lon="-4.8109205">
        <ele>631</ele>
        <time>2026-08-18T17:30:23.682Z</time>
      </trkpt>
      <trkpt lat="37.9744084" lon="-4.8109346">
        <ele>631</ele>
        <time>2026-08-18T17:30:24.682Z</time>
      </trkpt>
      <trkpt lat="37.9744119" lon="-4.8109485">
        <ele>631</ele>
        <time>2026-08-18T17:30:25.682Z</time>
      </trkpt>
      <trkpt lat="37.9744155" lon="-4.8109625">
        <ele>631</ele>
        <time>2026-08-18T17:30:26.682Z</time>
      </trkpt>
      <trkpt lat="37.9744184" lon="-4.8109778">
        <ele>631</ele>
        <time>2026-08-18T17:30:27.682Z</time>
      </trkpt>
      <trkpt lat="37.9744214" lon="-4.8109932">
        <ele>630</ele>
        <time>2026-08-18T17:30:28.682Z</time>
      </trkpt>
      <trkpt lat="37.9744239" lon="-4.8110075">
        <ele>630</ele>
        <time>2026-08-18T17:30:29.682Z</time>
      </trkpt>
      <trkpt lat="37.9744264" lon="-4.8110219">
        <ele>630</ele>
        <time>2026-08-18T17:30:30.682Z</time>
      </trkpt>
      <trkpt lat="37.9744297" lon="-4.8110362">
        <ele>630</ele>
        <time>2026-08-18T17:30:31.682Z</time>
      </trkpt>
      <trkpt lat="37.974433" lon="-4.8110506">
        <ele>630</ele>
        <time>2026-08-18T17:30:32.682Z</time>
      </trkpt>
      <trkpt lat="37.9744366" lon="-4.8110639">
        <ele>630</ele>
        <time>2026-08-18T17:30:33.682Z</time>
      </trkpt>
      <trkpt lat="37.9744403" lon="-4.8110772">
        <ele>630</ele>
        <time>2026-08-18T17:30:34.682Z</time>
      </trkpt>
      <trkpt lat="37.9744437" lon="-4.8110917">
        <ele>630</ele>
        <time>2026-08-18T17:30:35.682Z</time>
      </trkpt>
      <trkpt lat="37.9744472" lon="-4.8111062">
        <ele>630</ele>
        <time>2026-08-18T17:30:36.682Z</time>
      </trkpt>
      <trkpt lat="37.9744505" lon="-4.8111221">
        <ele>630</ele>
        <time>2026-08-18T17:30:37.682Z</time>
      </trkpt>
      <trkpt lat="37.9744539" lon="-4.811138">
        <ele>630</ele>
        <time>2026-08-18T17:30:38.682Z</time>
      </trkpt>
      <trkpt lat="37.9744576" lon="-4.8111544">
        <ele>630</ele>
        <time>2026-08-18T17:30:39.682Z</time>
      </trkpt>
      <trkpt lat="37.9744613" lon="-4.8111708">
        <ele>630</ele>
        <time>2026-08-18T17:30:40.682Z</time>
      </trkpt>
      <trkpt lat="37.9744661" lon="-4.8111876">
        <ele>630</ele>
        <time>2026-08-18T17:30:41.682Z</time>
      </trkpt>
      <trkpt lat="37.974471" lon="-4.8112045">
        <ele>630</ele>
        <time>2026-08-18T17:30:42.682Z</time>
      </trkpt>
      <trkpt lat="37.9744769" lon="-4.8112192">
        <ele>630</ele>
        <time>2026-08-18T17:30:43.682Z</time>
      </trkpt>
      <trkpt lat="37.9744829" lon="-4.811234">
        <ele>630</ele>
        <time>2026-08-18T17:30:44.682Z</time>
      </trkpt>
      <trkpt lat="37.9744887" lon="-4.8112461">
        <ele>630</ele>
        <time>2026-08-18T17:30:45.682Z</time>
      </trkpt>
      <trkpt lat="37.9744945" lon="-4.8112583">
        <ele>630</ele>
        <time>2026-08-18T17:30:46.682Z</time>
      </trkpt>
      <trkpt lat="37.9744998" lon="-4.8112692">
        <ele>630</ele>
        <time>2026-08-18T17:30:47.682Z</time>
      </trkpt>
      <trkpt lat="37.9745051" lon="-4.8112802">
        <ele>630</ele>
        <time>2026-08-18T17:30:48.682Z</time>
      </trkpt>
      <trkpt lat="37.9745101" lon="-4.8112921">
        <ele>630</ele>
        <time>2026-08-18T17:30:49.682Z</time>
      </trkpt>
      <trkpt lat="37.9745152" lon="-4.8113041">
        <ele>630</ele>
        <time>2026-08-18T17:30:50.682Z</time>
      </trkpt>
      <trkpt lat="37.9745194" lon="-4.8113181">
        <ele>631</ele>
        <time>2026-08-18T17:30:51.682Z</time>
      </trkpt>
      <trkpt lat="37.9745237" lon="-4.8113321">
        <ele>630</ele>
        <time>2026-08-18T17:30:52.682Z</time>
      </trkpt>
      <trkpt lat="37.9745283" lon="-4.8113473">
        <ele>630</ele>
        <time>2026-08-18T17:30:53.682Z</time>
      </trkpt>
      <trkpt lat="37.974533" lon="-4.8113626">
        <ele>630</ele>
        <time>2026-08-18T17:30:54.682Z</time>
      </trkpt>
      <trkpt lat="37.9745385" lon="-4.8113771">
        <ele>630</ele>
        <time>2026-08-18T17:30:55.682Z</time>
      </trkpt>
      <trkpt lat="37.9745441" lon="-4.8113916">
        <ele>630</ele>
        <time>2026-08-18T17:30:56.682Z</time>
      </trkpt>
      <trkpt lat="37.97455" lon="-4.8114051">
        <ele>630</ele>
        <time>2026-08-18T17:30:57.682Z</time>
      </trkpt>
      <trkpt lat="37.9745559" lon="-4.8114186">
        <ele>630</ele>
        <time>2026-08-18T17:30:58.682Z</time>
      </trkpt>
      <trkpt lat="37.9745611" lon="-4.8114304">
        <ele>630</ele>
        <time>2026-08-18T17:30:59.682Z</time>
      </trkpt>
      <trkpt lat="37.9745663" lon="-4.8114422">
        <ele>630</ele>
        <time>2026-08-18T17:31:00.682Z</time>
      </trkpt>
      <trkpt lat="37.9745711" lon="-4.8114534">
        <ele>630</ele>
        <time>2026-08-18T17:31:01.682Z</time>
      </trkpt>
      <trkpt lat="37.9745759" lon="-4.8114646">
        <ele>630</ele>
        <time>2026-08-18T17:31:02.682Z</time>
      </trkpt>
      <trkpt lat="37.9745823" lon="-4.8114755">
        <ele>630</ele>
        <time>2026-08-18T17:31:03.682Z</time>
      </trkpt>
      <trkpt lat="37.9745887" lon="-4.8114864">
        <ele>629</ele>
        <time>2026-08-18T17:31:04.682Z</time>
      </trkpt>
      <trkpt lat="37.9745962" lon="-4.8114981">
        <ele>629</ele>
        <time>2026-08-18T17:31:05.682Z</time>
      </trkpt>
      <trkpt lat="37.9746037" lon="-4.8115099">
        <ele>629</ele>
        <time>2026-08-18T17:31:06.682Z</time>
      </trkpt>
      <trkpt lat="37.9746109" lon="-4.8115239">
        <ele>629</ele>
        <time>2026-08-18T17:31:07.682Z</time>
      </trkpt>
      <trkpt lat="37.9746182" lon="-4.8115379">
        <ele>629</ele>
        <time>2026-08-18T17:31:08.682Z</time>
      </trkpt>
      <trkpt lat="37.9746246" lon="-4.8115522">
        <ele>629</ele>
        <time>2026-08-18T17:31:09.682Z</time>
      </trkpt>
      <trkpt lat="37.974631" lon="-4.8115666">
        <ele>629</ele>
        <time>2026-08-18T17:31:10.682Z</time>
      </trkpt>
      <trkpt lat="37.9746373" lon="-4.8115807">
        <ele>629</ele>
        <time>2026-08-18T17:31:11.682Z</time>
      </trkpt>
      <trkpt lat="37.9746436" lon="-4.8115948">
        <ele>629</ele>
        <time>2026-08-18T17:31:12.682Z</time>
      </trkpt>
      <trkpt lat="37.9746504" lon="-4.8116077">
        <ele>629</ele>
        <time>2026-08-18T17:31:13.682Z</time>
      </trkpt>
      <trkpt lat="37.9746573" lon="-4.8116206">
        <ele>629</ele>
        <time>2026-08-18T17:31:14.682Z</time>
      </trkpt>
      <trkpt lat="37.9746638" lon="-4.8116329">
        <ele>629</ele>
        <time>2026-08-18T17:31:15.682Z</time>
      </trkpt>
      <trkpt lat="37.9746703" lon="-4.8116453">
        <ele>628</ele>
        <time>2026-08-18T17:31:16.682Z</time>
      </trkpt>
      <trkpt lat="37.9746761" lon="-4.8116581">
        <ele>628</ele>
        <time>2026-08-18T17:31:17.682Z</time>
      </trkpt>
      <trkpt lat="37.9746819" lon="-4.811671">
        <ele>628</ele>
        <time>2026-08-18T17:31:18.682Z</time>
      </trkpt>
      <trkpt lat="37.9746874" lon="-4.8116845">
        <ele>628</ele>
        <time>2026-08-18T17:31:19.682Z</time>
      </trkpt>
      <trkpt lat="37.9746929" lon="-4.8116981">
        <ele>628</ele>
        <time>2026-08-18T17:31:20.682Z</time>
      </trkpt>
      <trkpt lat="37.9746979" lon="-4.8117133">
        <ele>628</ele>
        <time>2026-08-18T17:31:21.682Z</time>
      </trkpt>
      <trkpt lat="37.9747029" lon="-4.8117285">
        <ele>628</ele>
        <time>2026-08-18T17:31:22.682Z</time>
      </trkpt>
      <trkpt lat="37.9747081" lon="-4.811744">
        <ele>628</ele>
        <time>2026-08-18T17:31:23.682Z</time>
      </trkpt>
      <trkpt lat="37.9747134" lon="-4.8117596">
        <ele>628</ele>
        <time>2026-08-18T17:31:24.682Z</time>
      </trkpt>
      <trkpt lat="37.9747198" lon="-4.8117737">
        <ele>628</ele>
        <time>2026-08-18T17:31:25.682Z</time>
      </trkpt>
      <trkpt lat="37.9747263" lon="-4.8117878">
        <ele>628</ele>
        <time>2026-08-18T17:31:26.682Z</time>
      </trkpt>
      <trkpt lat="37.9747337" lon="-4.8117992">
        <ele>629</ele>
        <time>2026-08-18T17:31:27.682Z</time>
      </trkpt>
      <trkpt lat="37.9747411" lon="-4.8118107">
        <ele>629</ele>
        <time>2026-08-18T17:31:28.682Z</time>
      </trkpt>
      <trkpt lat="37.9747488" lon="-4.81182">
        <ele>629</ele>
        <time>2026-08-18T17:31:29.682Z</time>
      </trkpt>
      <trkpt lat="37.9747565" lon="-4.8118294">
        <ele>629</ele>
        <time>2026-08-18T17:31:30.682Z</time>
      </trkpt>
      <trkpt lat="37.9747644" lon="-4.8118394">
        <ele>629</ele>
        <time>2026-08-18T17:31:31.682Z</time>
      </trkpt>
      <trkpt lat="37.9747723" lon="-4.8118495">
        <ele>629</ele>
        <time>2026-08-18T17:31:32.682Z</time>
      </trkpt>
      <trkpt lat="37.974781" lon="-4.8118616">
        <ele>629</ele>
        <time>2026-08-18T17:31:33.682Z</time>
      </trkpt>
      <trkpt lat="37.9747897" lon="-4.8118738">
        <ele>629</ele>
        <time>2026-08-18T17:31:34.682Z</time>
      </trkpt>
      <trkpt lat="37.9747991" lon="-4.8118868">
        <ele>629</ele>
        <time>2026-08-18T17:31:35.682Z</time>
      </trkpt>
      <trkpt lat="37.9748086" lon="-4.8118999">
        <ele>629</ele>
        <time>2026-08-18T17:31:36.682Z</time>
      </trkpt>
      <trkpt lat="37.9748173" lon="-4.8119142">
        <ele>629</ele>
        <time>2026-08-18T17:31:37.682Z</time>
      </trkpt>
      <trkpt lat="37.9748261" lon="-4.8119286">
        <ele>629</ele>
        <time>2026-08-18T17:31:38.682Z</time>
      </trkpt>
      <trkpt lat="37.9748342" lon="-4.8119433">
        <ele>630</ele>
        <time>2026-08-18T17:31:39.682Z</time>
      </trkpt>
      <trkpt lat="37.9748423" lon="-4.811958">
        <ele>630</ele>
        <time>2026-08-18T17:31:40.682Z</time>
      </trkpt>
      <trkpt lat="37.9748503" lon="-4.8119722">
        <ele>630</ele>
        <time>2026-08-18T17:31:41.682Z</time>
      </trkpt>
      <trkpt lat="37.9748584" lon="-4.8119865">
        <ele>630</ele>
        <time>2026-08-18T17:31:42.682Z</time>
      </trkpt>
      <trkpt lat="37.974867" lon="-4.8119999">
        <ele>630</ele>
        <time>2026-08-18T17:31:43.682Z</time>
      </trkpt>
      <trkpt lat="37.9748756" lon="-4.8120133">
        <ele>630</ele>
        <time>2026-08-18T17:31:44.682Z</time>
      </trkpt>
      <trkpt lat="37.9748843" lon="-4.8120247">
        <ele>630</ele>
        <time>2026-08-18T17:31:45.682Z</time>
      </trkpt>
      <trkpt lat="37.9748931" lon="-4.8120361">
        <ele>630</ele>
        <time>2026-08-18T17:31:46.682Z</time>
      </trkpt>
      <trkpt lat="37.9749021" lon="-4.812047">
        <ele>631</ele>
        <time>2026-08-18T17:31:47.682Z</time>
      </trkpt>
      <trkpt lat="37.9749112" lon="-4.8120579">
        <ele>630</ele>
        <time>2026-08-18T17:31:48.682Z</time>
      </trkpt>
      <trkpt lat="37.9749206" lon="-4.8120693">
        <ele>630</ele>
        <time>2026-08-18T17:31:49.682Z</time>
      </trkpt>
      <trkpt lat="37.97493" lon="-4.8120807">
        <ele>630</ele>
        <time>2026-08-18T17:31:50.682Z</time>
      </trkpt>
      <trkpt lat="37.9749394" lon="-4.812093">
        <ele>630</ele>
        <time>2026-08-18T17:31:51.682Z</time>
      </trkpt>
      <trkpt lat="37.9749489" lon="-4.8121053">
        <ele>630</ele>
        <time>2026-08-18T17:31:52.682Z</time>
      </trkpt>
      <trkpt lat="37.9749578" lon="-4.8121184">
        <ele>630</ele>
        <time>2026-08-18T17:31:53.682Z</time>
      </trkpt>
      <trkpt lat="37.9749668" lon="-4.8121315">
        <ele>630</ele>
        <time>2026-08-18T17:31:54.682Z</time>
      </trkpt>
      <trkpt lat="37.9749753" lon="-4.8121449">
        <ele>631</ele>
        <time>2026-08-18T17:31:55.682Z</time>
      </trkpt>
      <trkpt lat="37.9749838" lon="-4.8121584">
        <ele>631</ele>
        <time>2026-08-18T17:31:56.682Z</time>
      </trkpt>
      <trkpt lat="37.9749914" lon="-4.8121715">
        <ele>631</ele>
        <time>2026-08-18T17:31:57.682Z</time>
      </trkpt>
      <trkpt lat="37.9749991" lon="-4.8121846">
        <ele>631</ele>
        <time>2026-08-18T17:31:58.682Z</time>
      </trkpt>
      <trkpt lat="37.9750063" lon="-4.8121972">
        <ele>631</ele>
        <time>2026-08-18T17:31:59.682Z</time>
      </trkpt>
      <trkpt lat="37.9750136" lon="-4.8122099">
        <ele>631</ele>
        <time>2026-08-18T17:32:00.682Z</time>
      </trkpt>
      <trkpt lat="37.9750205" lon="-4.812222">
        <ele>631</ele>
        <time>2026-08-18T17:32:01.682Z</time>
      </trkpt>
      <trkpt lat="37.9750274" lon="-4.8122342">
        <ele>631</ele>
        <time>2026-08-18T17:32:02.682Z</time>
      </trkpt>
      <trkpt lat="37.9750335" lon="-4.8122457">
        <ele>631</ele>
        <time>2026-08-18T17:32:03.682Z</time>
      </trkpt>
      <trkpt lat="37.9750397" lon="-4.8122572">
        <ele>631</ele>
        <time>2026-08-18T17:32:04.682Z</time>
      </trkpt>
      <trkpt lat="37.9750454" lon="-4.8122691">
        <ele>631</ele>
        <time>2026-08-18T17:32:05.682Z</time>
      </trkpt>
      <trkpt lat="37.9750511" lon="-4.8122811">
        <ele>631</ele>
        <time>2026-08-18T17:32:06.682Z</time>
      </trkpt>
      <trkpt lat="37.9750557" lon="-4.8122941">
        <ele>631</ele>
        <time>2026-08-18T17:32:07.682Z</time>
      </trkpt>
      <trkpt lat="37.9750604" lon="-4.8123071">
        <ele>631</ele>
        <time>2026-08-18T17:32:08.682Z</time>
      </trkpt>
      <trkpt lat="37.975064" lon="-4.8123226">
        <ele>631</ele>
        <time>2026-08-18T17:32:09.682Z</time>
      </trkpt>
      <trkpt lat="37.9750676" lon="-4.8123381">
        <ele>631</ele>
        <time>2026-08-18T17:32:10.682Z</time>
      </trkpt>
      <trkpt lat="37.9750721" lon="-4.8123558">
        <ele>631</ele>
        <time>2026-08-18T17:32:11.682Z</time>
      </trkpt>
      <trkpt lat="37.9750767" lon="-4.8123736">
        <ele>631</ele>
        <time>2026-08-18T17:32:12.682Z</time>
      </trkpt>
      <trkpt lat="37.9750815" lon="-4.8123922">
        <ele>631</ele>
        <time>2026-08-18T17:32:13.682Z</time>
      </trkpt>
      <trkpt lat="37.9750863" lon="-4.8124109">
        <ele>631</ele>
        <time>2026-08-18T17:32:14.682Z</time>
      </trkpt>
      <trkpt lat="37.9750897" lon="-4.8124293">
        <ele>632</ele>
        <time>2026-08-18T17:32:15.682Z</time>
      </trkpt>
      <trkpt lat="37.9750931" lon="-4.8124477">
        <ele>632</ele>
        <time>2026-08-18T17:32:16.682Z</time>
      </trkpt>
      <trkpt lat="37.9750953" lon="-4.812466">
        <ele>632</ele>
        <time>2026-08-18T17:32:17.682Z</time>
      </trkpt>
      <trkpt lat="37.9750975" lon="-4.8124843">
        <ele>632</ele>
        <time>2026-08-18T17:32:18.682Z</time>
      </trkpt>
      <trkpt lat="37.9750998" lon="-4.8125023">
        <ele>632</ele>
        <time>2026-08-18T17:32:19.682Z</time>
      </trkpt>
      <trkpt lat="37.9751021" lon="-4.8125203">
        <ele>632</ele>
        <time>2026-08-18T17:32:20.682Z</time>
      </trkpt>
      <trkpt lat="37.9751045" lon="-4.8125377">
        <ele>632</ele>
        <time>2026-08-18T17:32:21.682Z</time>
      </trkpt>
      <trkpt lat="37.975107" lon="-4.8125551">
        <ele>632</ele>
        <time>2026-08-18T17:32:22.682Z</time>
      </trkpt>
      <trkpt lat="37.9751102" lon="-4.8125715">
        <ele>632</ele>
        <time>2026-08-18T17:32:23.682Z</time>
      </trkpt>
      <trkpt lat="37.9751134" lon="-4.812588">
        <ele>632</ele>
        <time>2026-08-18T17:32:24.682Z</time>
      </trkpt>
      <trkpt lat="37.9751163" lon="-4.8126046">
        <ele>632</ele>
        <time>2026-08-18T17:32:25.682Z</time>
      </trkpt>
      <trkpt lat="37.9751192" lon="-4.8126213">
        <ele>632</ele>
        <time>2026-08-18T17:32:26.682Z</time>
      </trkpt>
      <trkpt lat="37.9751211" lon="-4.8126395">
        <ele>632</ele>
        <time>2026-08-18T17:32:27.682Z</time>
      </trkpt>
      <trkpt lat="37.975123" lon="-4.8126577">
        <ele>631</ele>
        <time>2026-08-18T17:32:28.682Z</time>
      </trkpt>
      <trkpt lat="37.9751242" lon="-4.8126762">
        <ele>631</ele>
        <time>2026-08-18T17:32:29.682Z</time>
      </trkpt>
      <trkpt lat="37.9751254" lon="-4.8126947">
        <ele>631</ele>
        <time>2026-08-18T17:32:30.682Z</time>
      </trkpt>
      <trkpt lat="37.9751265" lon="-4.8127122">
        <ele>631</ele>
        <time>2026-08-18T17:32:31.682Z</time>
      </trkpt>
      <trkpt lat="37.9751277" lon="-4.8127297">
        <ele>631</ele>
        <time>2026-08-18T17:32:32.682Z</time>
      </trkpt>
      <trkpt lat="37.9751285" lon="-4.8127466">
        <ele>631</ele>
        <time>2026-08-18T17:32:33.682Z</time>
      </trkpt>
      <trkpt lat="37.9751294" lon="-4.8127636">
        <ele>631</ele>
        <time>2026-08-18T17:32:34.682Z</time>
      </trkpt>
      <trkpt lat="37.9751293" lon="-4.8127796">
        <ele>631</ele>
        <time>2026-08-18T17:32:35.682Z</time>
      </trkpt>
      <trkpt lat="37.9751292" lon="-4.8127956">
        <ele>630</ele>
        <time>2026-08-18T17:32:36.682Z</time>
      </trkpt>
      <trkpt lat="37.9751289" lon="-4.8128111">
        <ele>630</ele>
        <time>2026-08-18T17:32:37.682Z</time>
      </trkpt>
      <trkpt lat="37.9751286" lon="-4.8128266">
        <ele>630</ele>
        <time>2026-08-18T17:32:38.682Z</time>
      </trkpt>
      <trkpt lat="37.9751284" lon="-4.8128413">
        <ele>630</ele>
        <time>2026-08-18T17:32:39.682Z</time>
      </trkpt>
      <trkpt lat="37.9751283" lon="-4.812856">
        <ele>630</ele>
        <time>2026-08-18T17:32:40.682Z</time>
      </trkpt>
      <trkpt lat="37.9751284" lon="-4.8128703">
        <ele>630</ele>
        <time>2026-08-18T17:32:41.682Z</time>
      </trkpt>
      <trkpt lat="37.9751286" lon="-4.8128847">
        <ele>630</ele>
        <time>2026-08-18T17:32:42.682Z</time>
      </trkpt>
      <trkpt lat="37.9751298" lon="-4.8129013">
        <ele>630</ele>
        <time>2026-08-18T17:32:43.682Z</time>
      </trkpt>
      <trkpt lat="37.9751311" lon="-4.812918">
        <ele>630</ele>
        <time>2026-08-18T17:32:44.682Z</time>
      </trkpt>
      <trkpt lat="37.9751316" lon="-4.8129348">
        <ele>630</ele>
        <time>2026-08-18T17:32:45.682Z</time>
      </trkpt>
      <trkpt lat="37.9751322" lon="-4.8129516">
        <ele>630</ele>
        <time>2026-08-18T17:32:46.682Z</time>
      </trkpt>
      <trkpt lat="37.9751322" lon="-4.8129685">
        <ele>631</ele>
        <time>2026-08-18T17:32:47.682Z</time>
      </trkpt>
      <trkpt lat="37.9751323" lon="-4.8129855">
        <ele>631</ele>
        <time>2026-08-18T17:32:48.682Z</time>
      </trkpt>
      <trkpt lat="37.9751331" lon="-4.8130027">
        <ele>631</ele>
        <time>2026-08-18T17:32:49.682Z</time>
      </trkpt>
      <trkpt lat="37.975134" lon="-4.8130199">
        <ele>631</ele>
        <time>2026-08-18T17:32:50.682Z</time>
      </trkpt>
      <trkpt lat="37.975135" lon="-4.8130372">
        <ele>631</ele>
        <time>2026-08-18T17:32:51.682Z</time>
      </trkpt>
      <trkpt lat="37.9751361" lon="-4.8130546">
        <ele>631</ele>
        <time>2026-08-18T17:32:52.682Z</time>
      </trkpt>
      <trkpt lat="37.9751374" lon="-4.8130713">
        <ele>631</ele>
        <time>2026-08-18T17:32:53.682Z</time>
      </trkpt>
      <trkpt lat="37.9751387" lon="-4.813088">
        <ele>631</ele>
        <time>2026-08-18T17:32:54.682Z</time>
      </trkpt>
      <trkpt lat="37.9751413" lon="-4.8131047">
        <ele>631</ele>
        <time>2026-08-18T17:32:55.682Z</time>
      </trkpt>
      <trkpt lat="37.9751439" lon="-4.8131214">
        <ele>631</ele>
        <time>2026-08-18T17:32:56.682Z</time>
      </trkpt>
      <trkpt lat="37.9751472" lon="-4.8131375">
        <ele>631</ele>
        <time>2026-08-18T17:32:57.682Z</time>
      </trkpt>
      <trkpt lat="37.9751506" lon="-4.8131537">
        <ele>631</ele>
        <time>2026-08-18T17:32:58.682Z</time>
      </trkpt>
      <trkpt lat="37.9751535" lon="-4.8131699">
        <ele>631</ele>
        <time>2026-08-18T17:32:59.682Z</time>
      </trkpt>
      <trkpt lat="37.9751565" lon="-4.8131861">
        <ele>631</ele>
        <time>2026-08-18T17:33:00.682Z</time>
      </trkpt>
      <trkpt lat="37.9751595" lon="-4.8132024">
        <ele>631</ele>
        <time>2026-08-18T17:33:01.682Z</time>
      </trkpt>
      <trkpt lat="37.9751626" lon="-4.8132188">
        <ele>631</ele>
        <time>2026-08-18T17:33:02.682Z</time>
      </trkpt>
      <trkpt lat="37.9751661" lon="-4.8132341">
        <ele>631</ele>
        <time>2026-08-18T17:33:03.682Z</time>
      </trkpt>
      <trkpt lat="37.9751696" lon="-4.8132495">
        <ele>631</ele>
        <time>2026-08-18T17:33:04.682Z</time>
      </trkpt>
      <trkpt lat="37.9751729" lon="-4.8132646">
        <ele>631</ele>
        <time>2026-08-18T17:33:05.682Z</time>
      </trkpt>
      <trkpt lat="37.9751763" lon="-4.8132798">
        <ele>631</ele>
        <time>2026-08-18T17:33:06.682Z</time>
      </trkpt>
      <trkpt lat="37.9751798" lon="-4.8132945">
        <ele>631</ele>
        <time>2026-08-18T17:33:07.682Z</time>
      </trkpt>
      <trkpt lat="37.9751833" lon="-4.8133093">
        <ele>631</ele>
        <time>2026-08-18T17:33:08.682Z</time>
      </trkpt>
      <trkpt lat="37.9751853" lon="-4.8133242">
        <ele>631</ele>
        <time>2026-08-18T17:33:09.682Z</time>
      </trkpt>
      <trkpt lat="37.9751874" lon="-4.8133392">
        <ele>631</ele>
        <time>2026-08-18T17:33:10.682Z</time>
      </trkpt>
      <trkpt lat="37.9751885" lon="-4.8133551">
        <ele>632</ele>
        <time>2026-08-18T17:33:11.682Z</time>
      </trkpt>
      <trkpt lat="37.9751896" lon="-4.8133711">
        <ele>632</ele>
        <time>2026-08-18T17:33:12.682Z</time>
      </trkpt>
      <trkpt lat="37.9751911" lon="-4.8133868">
        <ele>632</ele>
        <time>2026-08-18T17:33:13.682Z</time>
      </trkpt>
      <trkpt lat="37.9751927" lon="-4.8134026">
        <ele>632</ele>
        <time>2026-08-18T17:33:14.682Z</time>
      </trkpt>
      <trkpt lat="37.9751951" lon="-4.8134179">
        <ele>633</ele>
        <time>2026-08-18T17:33:15.682Z</time>
      </trkpt>
      <trkpt lat="37.9751976" lon="-4.8134333">
        <ele>633</ele>
        <time>2026-08-18T17:33:16.682Z</time>
      </trkpt>
      <trkpt lat="37.9752009" lon="-4.8134475">
        <ele>633</ele>
        <time>2026-08-18T17:33:17.682Z</time>
      </trkpt>
      <trkpt lat="37.9752043" lon="-4.8134618">
        <ele>633</ele>
        <time>2026-08-18T17:33:18.682Z</time>
      </trkpt>
      <trkpt lat="37.9752073" lon="-4.8134766">
        <ele>633</ele>
        <time>2026-08-18T17:33:19.682Z</time>
      </trkpt>
      <trkpt lat="37.9752104" lon="-4.8134915">
        <ele>633</ele>
        <time>2026-08-18T17:33:20.682Z</time>
      </trkpt>
      <trkpt lat="37.9752131" lon="-4.8135067">
        <ele>633</ele>
        <time>2026-08-18T17:33:21.682Z</time>
      </trkpt>
      <trkpt lat="37.9752158" lon="-4.8135219">
        <ele>633</ele>
        <time>2026-08-18T17:33:22.682Z</time>
      </trkpt>
      <trkpt lat="37.9752184" lon="-4.813537">
        <ele>633</ele>
        <time>2026-08-18T17:33:23.682Z</time>
      </trkpt>
      <trkpt lat="37.9752211" lon="-4.8135521">
        <ele>633</ele>
        <time>2026-08-18T17:33:24.682Z</time>
      </trkpt>
      <trkpt lat="37.9752233" lon="-4.813568">
        <ele>634</ele>
        <time>2026-08-18T17:33:25.682Z</time>
      </trkpt>
      <trkpt lat="37.9752256" lon="-4.8135839">
        <ele>634</ele>
        <time>2026-08-18T17:33:26.682Z</time>
      </trkpt>
      <trkpt lat="37.9752275" lon="-4.8136006">
        <ele>635</ele>
        <time>2026-08-18T17:33:27.682Z</time>
      </trkpt>
      <trkpt lat="37.9752295" lon="-4.8136174">
        <ele>635</ele>
        <time>2026-08-18T17:33:28.682Z</time>
      </trkpt>
      <trkpt lat="37.9752305" lon="-4.813634">
        <ele>635</ele>
        <time>2026-08-18T17:33:29.682Z</time>
      </trkpt>
      <trkpt lat="37.9752316" lon="-4.8136506">
        <ele>635</ele>
        <time>2026-08-18T17:33:30.682Z</time>
      </trkpt>
      <trkpt lat="37.9752305" lon="-4.8136663">
        <ele>635</ele>
        <time>2026-08-18T17:33:31.682Z</time>
      </trkpt>
      <trkpt lat="37.9752294" lon="-4.8136821">
        <ele>635</ele>
        <time>2026-08-18T17:33:32.682Z</time>
      </trkpt>
      <trkpt lat="37.9752271" lon="-4.8136964">
        <ele>635</ele>
        <time>2026-08-18T17:33:33.682Z</time>
      </trkpt>
      <trkpt lat="37.9752248" lon="-4.8137108">
        <ele>635</ele>
        <time>2026-08-18T17:33:34.682Z</time>
      </trkpt>
      <trkpt lat="37.9752218" lon="-4.813724">
        <ele>635</ele>
        <time>2026-08-18T17:33:35.682Z</time>
      </trkpt>
      <trkpt lat="37.9752189" lon="-4.8137373">
        <ele>635</ele>
        <time>2026-08-18T17:33:36.682Z</time>
      </trkpt>
      <trkpt lat="37.9752146" lon="-4.8137506">
        <ele>635</ele>
        <time>2026-08-18T17:33:37.682Z</time>
      </trkpt>
      <trkpt lat="37.9752104" lon="-4.8137639">
        <ele>635</ele>
        <time>2026-08-18T17:33:38.682Z</time>
      </trkpt>
      <trkpt lat="37.975207" lon="-4.8137775">
        <ele>636</ele>
        <time>2026-08-18T17:33:39.682Z</time>
      </trkpt>
      <trkpt lat="37.9752036" lon="-4.8137912">
        <ele>636</ele>
        <time>2026-08-18T17:33:40.682Z</time>
      </trkpt>
      <trkpt lat="37.9752012" lon="-4.8138052">
        <ele>636</ele>
        <time>2026-08-18T17:33:41.682Z</time>
      </trkpt>
      <trkpt lat="37.9751988" lon="-4.8138192">
        <ele>636</ele>
        <time>2026-08-18T17:33:42.682Z</time>
      </trkpt>
      <trkpt lat="37.9751966" lon="-4.8138347">
        <ele>636</ele>
        <time>2026-08-18T17:33:43.682Z</time>
      </trkpt>
      <trkpt lat="37.9751944" lon="-4.8138502">
        <ele>636</ele>
        <time>2026-08-18T17:33:44.682Z</time>
      </trkpt>
      <trkpt lat="37.9751915" lon="-4.8138661">
        <ele>636</ele>
        <time>2026-08-18T17:33:45.682Z</time>
      </trkpt>
      <trkpt lat="37.9751887" lon="-4.8138821">
        <ele>636</ele>
        <time>2026-08-18T17:33:46.682Z</time>
      </trkpt>
      <trkpt lat="37.9751852" lon="-4.8138973">
        <ele>636</ele>
        <time>2026-08-18T17:33:47.682Z</time>
      </trkpt>
      <trkpt lat="37.9751818" lon="-4.8139125">
        <ele>636</ele>
        <time>2026-08-18T17:33:48.682Z</time>
      </trkpt>
      <trkpt lat="37.9751781" lon="-4.8139254">
        <ele>636</ele>
        <time>2026-08-18T17:33:49.682Z</time>
      </trkpt>
      <trkpt lat="37.9751745" lon="-4.8139384">
        <ele>636</ele>
        <time>2026-08-18T17:33:50.682Z</time>
      </trkpt>
      <trkpt lat="37.9751698" lon="-4.8139514">
        <ele>637</ele>
        <time>2026-08-18T17:33:51.682Z</time>
      </trkpt>
      <trkpt lat="37.9751652" lon="-4.8139644">
        <ele>637</ele>
        <time>2026-08-18T17:33:52.682Z</time>
      </trkpt>
      <trkpt lat="37.9751599" lon="-4.8139783">
        <ele>637</ele>
        <time>2026-08-18T17:33:53.682Z</time>
      </trkpt>
      <trkpt lat="37.9751546" lon="-4.8139923">
        <ele>637</ele>
        <time>2026-08-18T17:33:54.682Z</time>
      </trkpt>
      <trkpt lat="37.9751495" lon="-4.8140071">
        <ele>637</ele>
        <time>2026-08-18T17:33:55.682Z</time>
      </trkpt>
      <trkpt lat="37.9751445" lon="-4.814022">
        <ele>637</ele>
        <time>2026-08-18T17:33:56.682Z</time>
      </trkpt>
      <trkpt lat="37.9751387" lon="-4.814037">
        <ele>637</ele>
        <time>2026-08-18T17:33:57.682Z</time>
      </trkpt>
      <trkpt lat="37.975133" lon="-4.814052">
        <ele>637</ele>
        <time>2026-08-18T17:33:58.682Z</time>
      </trkpt>
      <trkpt lat="37.9751264" lon="-4.8140671">
        <ele>638</ele>
        <time>2026-08-18T17:33:59.682Z</time>
      </trkpt>
      <trkpt lat="37.9751198" lon="-4.8140822">
        <ele>638</ele>
        <time>2026-08-18T17:34:00.682Z</time>
      </trkpt>
      <trkpt lat="37.9751131" lon="-4.8140975">
        <ele>638</ele>
        <time>2026-08-18T17:34:01.682Z</time>
      </trkpt>
      <trkpt lat="37.9751064" lon="-4.8141128">
        <ele>638</ele>
        <time>2026-08-18T17:34:02.682Z</time>
      </trkpt>
      <trkpt lat="37.9750999" lon="-4.814127">
        <ele>638</ele>
        <time>2026-08-18T17:34:03.682Z</time>
      </trkpt>
      <trkpt lat="37.9750934" lon="-4.8141412">
        <ele>638</ele>
        <time>2026-08-18T17:34:04.682Z</time>
      </trkpt>
      <trkpt lat="37.9750865" lon="-4.8141531">
        <ele>638</ele>
        <time>2026-08-18T17:34:05.682Z</time>
      </trkpt>
      <trkpt lat="37.9750797" lon="-4.814165">
        <ele>638</ele>
        <time>2026-08-18T17:34:06.682Z</time>
      </trkpt>
      <trkpt lat="37.9750714" lon="-4.8141732">
        <ele>638</ele>
        <time>2026-08-18T17:34:07.682Z</time>
      </trkpt>
      <trkpt lat="37.9750631" lon="-4.8141814">
        <ele>638</ele>
        <time>2026-08-18T17:34:08.682Z</time>
      </trkpt>
      <trkpt lat="37.9750526" lon="-4.8141874">
        <ele>638</ele>
        <time>2026-08-18T17:34:09.682Z</time>
      </trkpt>
      <trkpt lat="37.9750421" lon="-4.8141934">
        <ele>638</ele>
        <time>2026-08-18T17:34:10.682Z</time>
      </trkpt>
      <trkpt lat="37.9750293" lon="-4.8141988">
        <ele>638</ele>
        <time>2026-08-18T17:34:11.682Z</time>
      </trkpt>
      <trkpt lat="37.9750166" lon="-4.8142042">
        <ele>638</ele>
        <time>2026-08-18T17:34:12.682Z</time>
      </trkpt>
      <trkpt lat="37.9750026" lon="-4.8142084">
        <ele>638</ele>
        <time>2026-08-18T17:34:13.682Z</time>
      </trkpt>
      <trkpt lat="37.9749887" lon="-4.8142127">
        <ele>638</ele>
        <time>2026-08-18T17:34:14.682Z</time>
      </trkpt>
      <trkpt lat="37.9749748" lon="-4.8142143">
        <ele>639</ele>
        <time>2026-08-18T17:34:15.682Z</time>
      </trkpt>
      <trkpt lat="37.974961" lon="-4.814216">
        <ele>638</ele>
        <time>2026-08-18T17:34:16.682Z</time>
      </trkpt>
      <trkpt lat="37.9749479" lon="-4.8142158">
        <ele>638</ele>
        <time>2026-08-18T17:34:17.682Z</time>
      </trkpt>
      <trkpt lat="37.9749348" lon="-4.8142157">
        <ele>637</ele>
        <time>2026-08-18T17:34:18.682Z</time>
      </trkpt>
      <trkpt lat="37.9749219" lon="-4.8142142">
        <ele>637</ele>
        <time>2026-08-18T17:34:19.682Z</time>
      </trkpt>
      <trkpt lat="37.974909" lon="-4.8142128">
        <ele>637</ele>
        <time>2026-08-18T17:34:20.682Z</time>
      </trkpt>
      <trkpt lat="37.9748965" lon="-4.8142089">
        <ele>637</ele>
        <time>2026-08-18T17:34:21.682Z</time>
      </trkpt>
      <trkpt lat="37.9748841" lon="-4.814205">
        <ele>637</ele>
        <time>2026-08-18T17:34:22.682Z</time>
      </trkpt>
      <trkpt lat="37.9748729" lon="-4.8141982">
        <ele>637</ele>
        <time>2026-08-18T17:34:23.682Z</time>
      </trkpt>
      <trkpt lat="37.9748617" lon="-4.8141915">
        <ele>636</ele>
        <time>2026-08-18T17:34:24.682Z</time>
      </trkpt>
      <trkpt lat="37.9748516" lon="-4.814184">
        <ele>636</ele>
        <time>2026-08-18T17:34:25.682Z</time>
      </trkpt>
      <trkpt lat="37.9748415" lon="-4.8141766">
        <ele>636</ele>
        <time>2026-08-18T17:34:26.682Z</time>
      </trkpt>
      <trkpt lat="37.9748313" lon="-4.8141729">
        <ele>636</ele>
        <time>2026-08-18T17:34:27.682Z</time>
      </trkpt>
      <trkpt lat="37.9748211" lon="-4.8141693">
        <ele>635</ele>
        <time>2026-08-18T17:34:28.682Z</time>
      </trkpt>
      <trkpt lat="37.9748106" lon="-4.8141685">
        <ele>635</ele>
        <time>2026-08-18T17:34:29.682Z</time>
      </trkpt>
      <trkpt lat="37.9748002" lon="-4.8141678">
        <ele>635</ele>
        <time>2026-08-18T17:34:30.682Z</time>
      </trkpt>
      <trkpt lat="37.9747892" lon="-4.8141673">
        <ele>635</ele>
        <time>2026-08-18T17:34:31.682Z</time>
      </trkpt>
      <trkpt lat="37.9747782" lon="-4.8141668">
        <ele>635</ele>
        <time>2026-08-18T17:34:32.682Z</time>
      </trkpt>
      <trkpt lat="37.9747668" lon="-4.8141679">
        <ele>635</ele>
        <time>2026-08-18T17:34:33.682Z</time>
      </trkpt>
      <trkpt lat="37.9747554" lon="-4.814169">
        <ele>635</ele>
        <time>2026-08-18T17:34:34.682Z</time>
      </trkpt>
      <trkpt lat="37.9747431" lon="-4.8141721">
        <ele>635</ele>
        <time>2026-08-18T17:34:35.682Z</time>
      </trkpt>
      <trkpt lat="37.9747309" lon="-4.8141752">
        <ele>635</ele>
        <time>2026-08-18T17:34:36.682Z</time>
      </trkpt>
      <trkpt lat="37.9747182" lon="-4.8141775">
        <ele>635</ele>
        <time>2026-08-18T17:34:37.682Z</time>
      </trkpt>
      <trkpt lat="37.9747056" lon="-4.8141799">
        <ele>635</ele>
        <time>2026-08-18T17:34:38.682Z</time>
      </trkpt>
      <trkpt lat="37.9746949" lon="-4.8141806">
        <ele>635</ele>
        <time>2026-08-18T17:34:39.682Z</time>
      </trkpt>
      <trkpt lat="37.9746842" lon="-4.8141814">
        <ele>634</ele>
        <time>2026-08-18T17:34:40.682Z</time>
      </trkpt>
      <trkpt lat="37.9746765" lon="-4.8141814">
        <ele>634</ele>
        <time>2026-08-18T17:34:41.682Z</time>
      </trkpt>
      <trkpt lat="37.9746688" lon="-4.8141815">
        <ele>633</ele>
        <time>2026-08-18T17:34:42.682Z</time>
      </trkpt>
      <trkpt lat="37.9746598" lon="-4.8141821">
        <ele>633</ele>
        <time>2026-08-18T17:34:43.682Z</time>
      </trkpt>
      <trkpt lat="37.9746509" lon="-4.8141827">
        <ele>632</ele>
        <time>2026-08-18T17:34:44.682Z</time>
      </trkpt>
      <trkpt lat="37.97464" lon="-4.8141836">
        <ele>632</ele>
        <time>2026-08-18T17:34:45.682Z</time>
      </trkpt>
      <trkpt lat="37.9746291" lon="-4.8141845">
        <ele>632</ele>
        <time>2026-08-18T17:34:46.682Z</time>
      </trkpt>
      <trkpt lat="37.9746164" lon="-4.8141868">
        <ele>632</ele>
        <time>2026-08-18T17:34:47.682Z</time>
      </trkpt>
      <trkpt lat="37.9746038" lon="-4.8141891">
        <ele>631</ele>
        <time>2026-08-18T17:34:48.682Z</time>
      </trkpt>
      <trkpt lat="37.9745923" lon="-4.8141909">
        <ele>631</ele>
        <time>2026-08-18T17:34:49.682Z</time>
      </trkpt>
      <trkpt lat="37.9745809" lon="-4.8141928">
        <ele>631</ele>
        <time>2026-08-18T17:34:50.682Z</time>
      </trkpt>
      <trkpt lat="37.9745723" lon="-4.8141943">
        <ele>631</ele>
        <time>2026-08-18T17:34:51.682Z</time>
      </trkpt>
      <trkpt lat="37.9745638" lon="-4.8141959">
        <ele>630</ele>
        <time>2026-08-18T17:34:52.682Z</time>
      </trkpt>
      <trkpt lat="37.9745562" lon="-4.8141981">
        <ele>630</ele>
        <time>2026-08-18T17:34:53.682Z</time>
      </trkpt>
      <trkpt lat="37.9745487" lon="-4.8142003">
        <ele>630</ele>
        <time>2026-08-18T17:34:54.682Z</time>
      </trkpt>
      <trkpt lat="37.9745383" lon="-4.8142031">
        <ele>630</ele>
        <time>2026-08-18T17:34:55.682Z</time>
      </trkpt>
      <trkpt lat="37.974528" lon="-4.814206">
        <ele>630</ele>
        <time>2026-08-18T17:34:56.682Z</time>
      </trkpt>
      <trkpt lat="37.9745183" lon="-4.8142079">
        <ele>630</ele>
        <time>2026-08-18T17:34:57.682Z</time>
      </trkpt>
      <trkpt lat="37.9745086" lon="-4.8142099">
        <ele>630</ele>
        <time>2026-08-18T17:34:58.682Z</time>
      </trkpt>
      <trkpt lat="37.974498" lon="-4.8142126">
        <ele>630</ele>
        <time>2026-08-18T17:34:59.682Z</time>
      </trkpt>
      <trkpt lat="37.9744875" lon="-4.8142153">
        <ele>629</ele>
        <time>2026-08-18T17:35:00.682Z</time>
      </trkpt>
      <trkpt lat="37.974476" lon="-4.8142186">
        <ele>629</ele>
        <time>2026-08-18T17:35:01.682Z</time>
      </trkpt>
      <trkpt lat="37.9744645" lon="-4.8142219">
        <ele>629</ele>
        <time>2026-08-18T17:35:02.682Z</time>
      </trkpt>
      <trkpt lat="37.9744537" lon="-4.8142256">
        <ele>629</ele>
        <time>2026-08-18T17:35:03.682Z</time>
      </trkpt>
      <trkpt lat="37.9744429" lon="-4.8142294">
        <ele>628</ele>
        <time>2026-08-18T17:35:04.682Z</time>
      </trkpt>
      <trkpt lat="37.9744335" lon="-4.8142325">
        <ele>628</ele>
        <time>2026-08-18T17:35:05.682Z</time>
      </trkpt>
      <trkpt lat="37.9744242" lon="-4.8142356">
        <ele>628</ele>
        <time>2026-08-18T17:35:06.682Z</time>
      </trkpt>
      <trkpt lat="37.9744159" lon="-4.8142391">
        <ele>628</ele>
        <time>2026-08-18T17:35:07.682Z</time>
      </trkpt>
      <trkpt lat="37.9744077" lon="-4.8142427">
        <ele>627</ele>
        <time>2026-08-18T17:35:08.682Z</time>
      </trkpt>
      <trkpt lat="37.9743982" lon="-4.8142475">
        <ele>627</ele>
        <time>2026-08-18T17:35:09.682Z</time>
      </trkpt>
      <trkpt lat="37.9743887" lon="-4.8142523">
        <ele>627</ele>
        <time>2026-08-18T17:35:10.682Z</time>
      </trkpt>
      <trkpt lat="37.9743778" lon="-4.8142568">
        <ele>627</ele>
        <time>2026-08-18T17:35:11.682Z</time>
      </trkpt>
      <trkpt lat="37.974367" lon="-4.8142614">
        <ele>627</ele>
        <time>2026-08-18T17:35:12.682Z</time>
      </trkpt>
      <trkpt lat="37.974356" lon="-4.8142648">
        <ele>627</ele>
        <time>2026-08-18T17:35:13.682Z</time>
      </trkpt>
      <trkpt lat="37.974345" lon="-4.8142682">
        <ele>627</ele>
        <time>2026-08-18T17:35:14.682Z</time>
      </trkpt>
      <trkpt lat="37.9743343" lon="-4.8142713">
        <ele>627</ele>
        <time>2026-08-18T17:35:15.682Z</time>
      </trkpt>
      <trkpt lat="37.9743236" lon="-4.8142745">
        <ele>626</ele>
        <time>2026-08-18T17:35:16.682Z</time>
      </trkpt>
      <trkpt lat="37.9743134" lon="-4.8142776">
        <ele>626</ele>
        <time>2026-08-18T17:35:17.682Z</time>
      </trkpt>
      <trkpt lat="37.9743033" lon="-4.8142808">
        <ele>626</ele>
        <time>2026-08-18T17:35:18.682Z</time>
      </trkpt>
      <trkpt lat="37.9742936" lon="-4.8142834">
        <ele>626</ele>
        <time>2026-08-18T17:35:19.682Z</time>
      </trkpt>
      <trkpt lat="37.974284" lon="-4.8142861">
        <ele>625</ele>
        <time>2026-08-18T17:35:20.682Z</time>
      </trkpt>
      <trkpt lat="37.9742748" lon="-4.8142897">
        <ele>625</ele>
        <time>2026-08-18T17:35:21.682Z</time>
      </trkpt>
      <trkpt lat="37.9742656" lon="-4.8142933">
        <ele>625</ele>
        <time>2026-08-18T17:35:22.682Z</time>
      </trkpt>
      <trkpt lat="37.9742569" lon="-4.8142972">
        <ele>625</ele>
        <time>2026-08-18T17:35:23.682Z</time>
      </trkpt>
      <trkpt lat="37.9742482" lon="-4.8143011">
        <ele>625</ele>
        <time>2026-08-18T17:35:24.682Z</time>
      </trkpt>
      <trkpt lat="37.9742387" lon="-4.8143043">
        <ele>625</ele>
        <time>2026-08-18T17:35:25.682Z</time>
      </trkpt>
      <trkpt lat="37.9742293" lon="-4.8143075">
        <ele>625</ele>
        <time>2026-08-18T17:35:26.682Z</time>
      </trkpt>
      <trkpt lat="37.9742199" lon="-4.8143095">
        <ele>625</ele>
        <time>2026-08-18T17:35:27.682Z</time>
      </trkpt>
      <trkpt lat="37.9742105" lon="-4.8143116">
        <ele>624</ele>
        <time>2026-08-18T17:35:28.682Z</time>
      </trkpt>
      <trkpt lat="37.974201" lon="-4.8143106">
        <ele>624</ele>
        <time>2026-08-18T17:35:29.682Z</time>
      </trkpt>
      <trkpt lat="37.9741915" lon="-4.8143097">
        <ele>624</ele>
        <time>2026-08-18T17:35:30.682Z</time>
      </trkpt>
      <trkpt lat="37.9741808" lon="-4.8143064">
        <ele>624</ele>
        <time>2026-08-18T17:35:31.682Z</time>
      </trkpt>
      <trkpt lat="37.9741702" lon="-4.8143031">
        <ele>623</ele>
        <time>2026-08-18T17:35:32.682Z</time>
      </trkpt>
      <trkpt lat="37.9741583" lon="-4.8143018">
        <ele>623</ele>
        <time>2026-08-18T17:35:33.682Z</time>
      </trkpt>
      <trkpt lat="37.9741465" lon="-4.8143005">
        <ele>623</ele>
        <time>2026-08-18T17:35:34.682Z</time>
      </trkpt>
      <trkpt lat="37.9741333" lon="-4.8142997">
        <ele>623</ele>
        <time>2026-08-18T17:35:35.682Z</time>
      </trkpt>
      <trkpt lat="37.9741202" lon="-4.814299">
        <ele>622</ele>
        <time>2026-08-18T17:35:36.682Z</time>
      </trkpt>
      <trkpt lat="37.9741075" lon="-4.8143007">
        <ele>622</ele>
        <time>2026-08-18T17:35:37.682Z</time>
      </trkpt>
      <trkpt lat="37.9740948" lon="-4.8143025">
        <ele>622</ele>
        <time>2026-08-18T17:35:38.682Z</time>
      </trkpt>
      <trkpt lat="37.9740826" lon="-4.8143068">
        <ele>622</ele>
        <time>2026-08-18T17:35:39.682Z</time>
      </trkpt>
      <trkpt lat="37.9740705" lon="-4.8143111">
        <ele>622</ele>
        <time>2026-08-18T17:35:40.682Z</time>
      </trkpt>
      <trkpt lat="37.9740597" lon="-4.8143166">
        <ele>622</ele>
        <time>2026-08-18T17:35:41.682Z</time>
      </trkpt>
      <trkpt lat="37.9740489" lon="-4.8143222">
        <ele>622</ele>
        <time>2026-08-18T17:35:42.682Z</time>
      </trkpt>
      <trkpt lat="37.9740388" lon="-4.8143269">
        <ele>622</ele>
        <time>2026-08-18T17:35:43.682Z</time>
      </trkpt>
      <trkpt lat="37.9740288" lon="-4.8143316">
        <ele>621</ele>
        <time>2026-08-18T17:35:44.682Z</time>
      </trkpt>
      <trkpt lat="37.9740178" lon="-4.8143366">
        <ele>621</ele>
        <time>2026-08-18T17:35:45.682Z</time>
      </trkpt>
      <trkpt lat="37.9740069" lon="-4.8143417">
        <ele>621</ele>
        <time>2026-08-18T17:35:46.682Z</time>
      </trkpt>
      <trkpt lat="37.9739958" lon="-4.8143466">
        <ele>621</ele>
        <time>2026-08-18T17:35:47.682Z</time>
      </trkpt>
      <trkpt lat="37.9739847" lon="-4.8143515">
        <ele>620</ele>
        <time>2026-08-18T17:35:48.682Z</time>
      </trkpt>
      <trkpt lat="37.973974" lon="-4.814356">
        <ele>620</ele>
        <time>2026-08-18T17:35:49.682Z</time>
      </trkpt>
      <trkpt lat="37.9739633" lon="-4.8143605">
        <ele>620</ele>
        <time>2026-08-18T17:35:50.682Z</time>
      </trkpt>
      <trkpt lat="37.9739532" lon="-4.8143656">
        <ele>620</ele>
        <time>2026-08-18T17:35:51.682Z</time>
      </trkpt>
      <trkpt lat="37.9739432" lon="-4.8143707">
        <ele>620</ele>
        <time>2026-08-18T17:35:52.682Z</time>
      </trkpt>
      <trkpt lat="37.9739329" lon="-4.8143775">
        <ele>620</ele>
        <time>2026-08-18T17:35:53.682Z</time>
      </trkpt>
      <trkpt lat="37.9739226" lon="-4.8143843">
        <ele>620</ele>
        <time>2026-08-18T17:35:54.682Z</time>
      </trkpt>
      <trkpt lat="37.9739112" lon="-4.8143927">
        <ele>620</ele>
        <time>2026-08-18T17:35:55.682Z</time>
      </trkpt>
      <trkpt lat="37.9738998" lon="-4.8144011">
        <ele>620</ele>
        <time>2026-08-18T17:35:56.682Z</time>
      </trkpt>
      <trkpt lat="37.9738865" lon="-4.8144089">
        <ele>620</ele>
        <time>2026-08-18T17:35:57.682Z</time>
      </trkpt>
      <trkpt lat="37.9738732" lon="-4.8144168">
        <ele>620</ele>
        <time>2026-08-18T17:35:58.682Z</time>
      </trkpt>
      <trkpt lat="37.9738587" lon="-4.8144226">
        <ele>620</ele>
        <time>2026-08-18T17:35:59.682Z</time>
      </trkpt>
      <trkpt lat="37.9738443" lon="-4.8144285">
        <ele>619</ele>
        <time>2026-08-18T17:36:00.682Z</time>
      </trkpt>
      <trkpt lat="37.9738295" lon="-4.814434">
        <ele>619</ele>
        <time>2026-08-18T17:36:01.682Z</time>
      </trkpt>
      <trkpt lat="37.9738147" lon="-4.8144396">
        <ele>619</ele>
        <time>2026-08-18T17:36:02.682Z</time>
      </trkpt>
      <trkpt lat="37.9738004" lon="-4.8144446">
        <ele>619</ele>
        <time>2026-08-18T17:36:03.682Z</time>
      </trkpt>
      <trkpt lat="37.9737862" lon="-4.8144496">
        <ele>619</ele>
        <time>2026-08-18T17:36:04.682Z</time>
      </trkpt>
      <trkpt lat="37.9737725" lon="-4.8144539">
        <ele>619</ele>
        <time>2026-08-18T17:36:05.682Z</time>
      </trkpt>
      <trkpt lat="37.9737588" lon="-4.8144583">
        <ele>619</ele>
        <time>2026-08-18T17:36:06.682Z</time>
      </trkpt>
      <trkpt lat="37.9737458" lon="-4.8144638">
        <ele>619</ele>
        <time>2026-08-18T17:36:07.682Z</time>
      </trkpt>
      <trkpt lat="37.9737329" lon="-4.8144693">
        <ele>619</ele>
        <time>2026-08-18T17:36:08.682Z</time>
      </trkpt>
      <trkpt lat="37.9737204" lon="-4.8144749">
        <ele>619</ele>
        <time>2026-08-18T17:36:09.682Z</time>
      </trkpt>
      <trkpt lat="37.9737079" lon="-4.8144805">
        <ele>619</ele>
        <time>2026-08-18T17:36:10.682Z</time>
      </trkpt>
      <trkpt lat="37.9736954" lon="-4.8144863">
        <ele>619</ele>
        <time>2026-08-18T17:36:11.682Z</time>
      </trkpt>
      <trkpt lat="37.973683" lon="-4.8144922">
        <ele>618</ele>
        <time>2026-08-18T17:36:12.682Z</time>
      </trkpt>
      <trkpt lat="37.9736708" lon="-4.8144981">
        <ele>618</ele>
        <time>2026-08-18T17:36:13.682Z</time>
      </trkpt>
      <trkpt lat="37.9736586" lon="-4.8145041">
        <ele>618</ele>
        <time>2026-08-18T17:36:14.682Z</time>
      </trkpt>
      <trkpt lat="37.9736453" lon="-4.814509">
        <ele>618</ele>
        <time>2026-08-18T17:36:15.682Z</time>
      </trkpt>
      <trkpt lat="37.9736321" lon="-4.8145139">
        <ele>618</ele>
        <time>2026-08-18T17:36:16.682Z</time>
      </trkpt>
      <trkpt lat="37.973618" lon="-4.8145193">
        <ele>618</ele>
        <time>2026-08-18T17:36:17.682Z</time>
      </trkpt>
      <trkpt lat="37.9736039" lon="-4.8145247">
        <ele>618</ele>
        <time>2026-08-18T17:36:18.682Z</time>
      </trkpt>
      <trkpt lat="37.9735903" lon="-4.814533">
        <ele>618</ele>
        <time>2026-08-18T17:36:19.682Z</time>
      </trkpt>
      <trkpt lat="37.9735768" lon="-4.8145414">
        <ele>617</ele>
        <time>2026-08-18T17:36:20.682Z</time>
      </trkpt>
      <trkpt lat="37.9735638" lon="-4.8145516">
        <ele>617</ele>
        <time>2026-08-18T17:36:21.682Z</time>
      </trkpt>
      <trkpt lat="37.9735508" lon="-4.8145619">
        <ele>617</ele>
        <time>2026-08-18T17:36:22.682Z</time>
      </trkpt>
      <trkpt lat="37.9735381" lon="-4.814574">
        <ele>617</ele>
        <time>2026-08-18T17:36:23.682Z</time>
      </trkpt>
      <trkpt lat="37.9735255" lon="-4.8145861">
        <ele>617</ele>
        <time>2026-08-18T17:36:24.682Z</time>
      </trkpt>
      <trkpt lat="37.9735135" lon="-4.8145991">
        <ele>617</ele>
        <time>2026-08-18T17:36:25.682Z</time>
      </trkpt>
      <trkpt lat="37.9735015" lon="-4.8146121">
        <ele>617</ele>
        <time>2026-08-18T17:36:26.682Z</time>
      </trkpt>
      <trkpt lat="37.9734898" lon="-4.8146246">
        <ele>617</ele>
        <time>2026-08-18T17:36:27.682Z</time>
      </trkpt>
      <trkpt lat="37.9734781" lon="-4.8146371">
        <ele>616</ele>
        <time>2026-08-18T17:36:28.682Z</time>
      </trkpt>
      <trkpt lat="37.9734656" lon="-4.8146478">
        <ele>616</ele>
        <time>2026-08-18T17:36:29.682Z</time>
      </trkpt>
      <trkpt lat="37.9734532" lon="-4.8146585">
        <ele>616</ele>
        <time>2026-08-18T17:36:30.682Z</time>
      </trkpt>
      <trkpt lat="37.9734412" lon="-4.8146698">
        <ele>616</ele>
        <time>2026-08-18T17:36:31.682Z</time>
      </trkpt>
      <trkpt lat="37.9734293" lon="-4.8146812">
        <ele>615</ele>
        <time>2026-08-18T17:36:32.682Z</time>
      </trkpt>
      <trkpt lat="37.9734177" lon="-4.8146933">
        <ele>615</ele>
        <time>2026-08-18T17:36:33.682Z</time>
      </trkpt>
      <trkpt lat="37.9734062" lon="-4.8147054">
        <ele>615</ele>
        <time>2026-08-18T17:36:34.682Z</time>
      </trkpt>
      <trkpt lat="37.9733925" lon="-4.8147156">
        <ele>615</ele>
        <time>2026-08-18T17:36:35.682Z</time>
      </trkpt>
      <trkpt lat="37.9733789" lon="-4.8147259">
        <ele>614</ele>
        <time>2026-08-18T17:36:36.682Z</time>
      </trkpt>
      <trkpt lat="37.9733631" lon="-4.8147336">
        <ele>614</ele>
        <time>2026-08-18T17:36:37.682Z</time>
      </trkpt>
      <trkpt lat="37.9733474" lon="-4.8147413">
        <ele>614</ele>
        <time>2026-08-18T17:36:38.682Z</time>
      </trkpt>
      <trkpt lat="37.9733325" lon="-4.8147492">
        <ele>614</ele>
        <time>2026-08-18T17:36:39.682Z</time>
      </trkpt>
      <trkpt lat="37.9733176" lon="-4.8147572">
        <ele>613</ele>
        <time>2026-08-18T17:36:40.682Z</time>
      </trkpt>
      <trkpt lat="37.9733052" lon="-4.8147687">
        <ele>613</ele>
        <time>2026-08-18T17:36:41.682Z</time>
      </trkpt>
      <trkpt lat="37.9732928" lon="-4.8147803">
        <ele>613</ele>
        <time>2026-08-18T17:36:42.682Z</time>
      </trkpt>
      <trkpt lat="37.9732828" lon="-4.8147935">
        <ele>613</ele>
        <time>2026-08-18T17:36:43.682Z</time>
      </trkpt>
      <trkpt lat="37.9732729" lon="-4.8148068">
        <ele>613</ele>
        <time>2026-08-18T17:36:44.682Z</time>
      </trkpt>
      <trkpt lat="37.9732636" lon="-4.8148209">
        <ele>613</ele>
        <time>2026-08-18T17:36:45.682Z</time>
      </trkpt>
      <trkpt lat="37.9732543" lon="-4.814835">
        <ele>613</ele>
        <time>2026-08-18T17:36:46.682Z</time>
      </trkpt>
      <trkpt lat="37.9732463" lon="-4.8148507">
        <ele>613</ele>
        <time>2026-08-18T17:36:47.682Z</time>
      </trkpt>
      <trkpt lat="37.9732383" lon="-4.8148664">
        <ele>612</ele>
        <time>2026-08-18T17:36:48.682Z</time>
      </trkpt>
      <trkpt lat="37.9732308" lon="-4.8148825">
        <ele>612</ele>
        <time>2026-08-18T17:36:49.682Z</time>
      </trkpt>
      <trkpt lat="37.9732234" lon="-4.8148986">
        <ele>612</ele>
        <time>2026-08-18T17:36:50.682Z</time>
      </trkpt>
      <trkpt lat="37.9732158" lon="-4.8149154">
        <ele>612</ele>
        <time>2026-08-18T17:36:51.682Z</time>
      </trkpt>
      <trkpt lat="37.9732082" lon="-4.8149322">
        <ele>612</ele>
        <time>2026-08-18T17:36:52.682Z</time>
      </trkpt>
      <trkpt lat="37.9732012" lon="-4.8149489">
        <ele>612</ele>
        <time>2026-08-18T17:36:53.682Z</time>
      </trkpt>
      <trkpt lat="37.9731942" lon="-4.8149657">
        <ele>612</ele>
        <time>2026-08-18T17:36:54.682Z</time>
      </trkpt>
      <trkpt lat="37.9731878" lon="-4.8149825">
        <ele>612</ele>
        <time>2026-08-18T17:36:55.682Z</time>
      </trkpt>
      <trkpt lat="37.9731815" lon="-4.8149994">
        <ele>612</ele>
        <time>2026-08-18T17:36:56.682Z</time>
      </trkpt>
      <trkpt lat="37.9731751" lon="-4.8150148">
        <ele>612</ele>
        <time>2026-08-18T17:36:57.682Z</time>
      </trkpt>
      <trkpt lat="37.9731688" lon="-4.8150303">
        <ele>612</ele>
        <time>2026-08-18T17:36:58.682Z</time>
      </trkpt>
      <trkpt lat="37.9731628" lon="-4.8150444">
        <ele>612</ele>
        <time>2026-08-18T17:36:59.682Z</time>
      </trkpt>
      <trkpt lat="37.9731568" lon="-4.8150585">
        <ele>612</ele>
        <time>2026-08-18T17:37:00.682Z</time>
      </trkpt>
      <trkpt lat="37.9731511" lon="-4.8150745">
        <ele>612</ele>
        <time>2026-08-18T17:37:01.682Z</time>
      </trkpt>
      <trkpt lat="37.9731455" lon="-4.8150906">
        <ele>612</ele>
        <time>2026-08-18T17:37:02.682Z</time>
      </trkpt>
      <trkpt lat="37.9731396" lon="-4.8151078">
        <ele>612</ele>
        <time>2026-08-18T17:37:03.682Z</time>
      </trkpt>
      <trkpt lat="37.9731338" lon="-4.815125">
        <ele>611</ele>
        <time>2026-08-18T17:37:04.682Z</time>
      </trkpt>
      <trkpt lat="37.9731288" lon="-4.8151424">
        <ele>611</ele>
        <time>2026-08-18T17:37:05.682Z</time>
      </trkpt>
      <trkpt lat="37.9731239" lon="-4.8151598">
        <ele>611</ele>
        <time>2026-08-18T17:37:06.682Z</time>
      </trkpt>
      <trkpt lat="37.9731207" lon="-4.815177">
        <ele>611</ele>
        <time>2026-08-18T17:37:07.682Z</time>
      </trkpt>
      <trkpt lat="37.9731176" lon="-4.8151943">
        <ele>611</ele>
        <time>2026-08-18T17:37:08.682Z</time>
      </trkpt>
      <trkpt lat="37.9731158" lon="-4.8152108">
        <ele>611</ele>
        <time>2026-08-18T17:37:09.682Z</time>
      </trkpt>
      <trkpt lat="37.973114" lon="-4.8152273">
        <ele>611</ele>
        <time>2026-08-18T17:37:10.682Z</time>
      </trkpt>
      <trkpt lat="37.9731138" lon="-4.8152441">
        <ele>611</ele>
        <time>2026-08-18T17:37:11.682Z</time>
      </trkpt>
      <trkpt lat="37.9731137" lon="-4.815261">
        <ele>610</ele>
        <time>2026-08-18T17:37:12.682Z</time>
      </trkpt>
      <trkpt lat="37.9731147" lon="-4.8152787">
        <ele>610</ele>
        <time>2026-08-18T17:37:13.682Z</time>
      </trkpt>
      <trkpt lat="37.9731158" lon="-4.8152964">
        <ele>610</ele>
        <time>2026-08-18T17:37:14.682Z</time>
      </trkpt>
      <trkpt lat="37.9731167" lon="-4.8153138">
        <ele>610</ele>
        <time>2026-08-18T17:37:15.682Z</time>
      </trkpt>
      <trkpt lat="37.9731176" lon="-4.8153312">
        <ele>610</ele>
        <time>2026-08-18T17:37:16.682Z</time>
      </trkpt>
      <trkpt lat="37.973118" lon="-4.8153486">
        <ele>610</ele>
        <time>2026-08-18T17:37:17.682Z</time>
      </trkpt>
      <trkpt lat="37.9731185" lon="-4.8153661">
        <ele>610</ele>
        <time>2026-08-18T17:37:18.682Z</time>
      </trkpt>
      <trkpt lat="37.9731178" lon="-4.8153827">
        <ele>610</ele>
        <time>2026-08-18T17:37:19.682Z</time>
      </trkpt>
      <trkpt lat="37.9731171" lon="-4.8153993">
        <ele>609</ele>
        <time>2026-08-18T17:37:20.682Z</time>
      </trkpt>
      <trkpt lat="37.973116" lon="-4.8154152">
        <ele>609</ele>
        <time>2026-08-18T17:37:21.682Z</time>
      </trkpt>
      <trkpt lat="37.9731149" lon="-4.8154312">
        <ele>609</ele>
        <time>2026-08-18T17:37:22.682Z</time>
      </trkpt>
      <trkpt lat="37.9731143" lon="-4.815449">
        <ele>609</ele>
        <time>2026-08-18T17:37:23.682Z</time>
      </trkpt>
      <trkpt lat="37.9731137" lon="-4.8154669">
        <ele>609</ele>
        <time>2026-08-18T17:37:24.682Z</time>
      </trkpt>
      <trkpt lat="37.9731141" lon="-4.8154861">
        <ele>609</ele>
        <time>2026-08-18T17:37:25.682Z</time>
      </trkpt>
      <trkpt lat="37.9731145" lon="-4.8155054">
        <ele>609</ele>
        <time>2026-08-18T17:37:26.682Z</time>
      </trkpt>
      <trkpt lat="37.9731145" lon="-4.8155252">
        <ele>609</ele>
        <time>2026-08-18T17:37:27.682Z</time>
      </trkpt>
      <trkpt lat="37.9731146" lon="-4.815545">
        <ele>609</ele>
        <time>2026-08-18T17:37:28.682Z</time>
      </trkpt>
      <trkpt lat="37.9731146" lon="-4.8155641">
        <ele>609</ele>
        <time>2026-08-18T17:37:29.682Z</time>
      </trkpt>
      <trkpt lat="37.9731147" lon="-4.8155832">
        <ele>609</ele>
        <time>2026-08-18T17:37:30.682Z</time>
      </trkpt>
      <trkpt lat="37.9731138" lon="-4.8156014">
        <ele>610</ele>
        <time>2026-08-18T17:37:31.682Z</time>
      </trkpt>
      <trkpt lat="37.973113" lon="-4.8156196">
        <ele>609</ele>
        <time>2026-08-18T17:37:32.682Z</time>
      </trkpt>
      <trkpt lat="37.9731118" lon="-4.8156374">
        <ele>609</ele>
        <time>2026-08-18T17:37:33.682Z</time>
      </trkpt>
      <trkpt lat="37.9731106" lon="-4.8156552">
        <ele>609</ele>
        <time>2026-08-18T17:37:34.682Z</time>
      </trkpt>
      <trkpt lat="37.9731097" lon="-4.8156731">
        <ele>609</ele>
        <time>2026-08-18T17:37:35.682Z</time>
      </trkpt>
      <trkpt lat="37.9731089" lon="-4.815691">
        <ele>609</ele>
        <time>2026-08-18T17:37:36.682Z</time>
      </trkpt>
      <trkpt lat="37.9731083" lon="-4.8157098">
        <ele>609</ele>
        <time>2026-08-18T17:37:37.682Z</time>
      </trkpt>
      <trkpt lat="37.9731077" lon="-4.8157286">
        <ele>609</ele>
        <time>2026-08-18T17:37:38.682Z</time>
      </trkpt>
      <trkpt lat="37.9731068" lon="-4.8157475">
        <ele>609</ele>
        <time>2026-08-18T17:37:39.682Z</time>
      </trkpt>
      <trkpt lat="37.9731059" lon="-4.8157664">
        <ele>609</ele>
        <time>2026-08-18T17:37:40.682Z</time>
      </trkpt>
      <trkpt lat="37.9731052" lon="-4.8157856">
        <ele>609</ele>
        <time>2026-08-18T17:37:41.682Z</time>
      </trkpt>
      <trkpt lat="37.9731046" lon="-4.8158049">
        <ele>609</ele>
        <time>2026-08-18T17:37:42.682Z</time>
      </trkpt>
      <trkpt lat="37.9731046" lon="-4.8158234">
        <ele>609</ele>
        <time>2026-08-18T17:37:43.682Z</time>
      </trkpt>
      <trkpt lat="37.9731046" lon="-4.815842">
        <ele>609</ele>
        <time>2026-08-18T17:37:44.682Z</time>
      </trkpt>
      <trkpt lat="37.9731048" lon="-4.8158604">
        <ele>609</ele>
        <time>2026-08-18T17:37:45.682Z</time>
      </trkpt>
      <trkpt lat="37.9731051" lon="-4.8158789">
        <ele>609</ele>
        <time>2026-08-18T17:37:46.682Z</time>
      </trkpt>
      <trkpt lat="37.973105" lon="-4.8158977">
        <ele>609</ele>
        <time>2026-08-18T17:37:47.682Z</time>
      </trkpt>
      <trkpt lat="37.9731049" lon="-4.8159165">
        <ele>609</ele>
        <time>2026-08-18T17:37:48.682Z</time>
      </trkpt>
      <trkpt lat="37.973104" lon="-4.8159358">
        <ele>609</ele>
        <time>2026-08-18T17:37:49.682Z</time>
      </trkpt>
      <trkpt lat="37.9731032" lon="-4.8159552">
        <ele>609</ele>
        <time>2026-08-18T17:37:50.682Z</time>
      </trkpt>
      <trkpt lat="37.9731026" lon="-4.8159742">
        <ele>609</ele>
        <time>2026-08-18T17:37:51.682Z</time>
      </trkpt>
      <trkpt lat="37.973102" lon="-4.8159933">
        <ele>609</ele>
        <time>2026-08-18T17:37:52.682Z</time>
      </trkpt>
      <trkpt lat="37.9731013" lon="-4.8160124">
        <ele>609</ele>
        <time>2026-08-18T17:37:53.682Z</time>
      </trkpt>
      <trkpt lat="37.9731006" lon="-4.8160316">
        <ele>609</ele>
        <time>2026-08-18T17:37:54.682Z</time>
      </trkpt>
      <trkpt lat="37.9730996" lon="-4.8160501">
        <ele>609</ele>
        <time>2026-08-18T17:37:55.682Z</time>
      </trkpt>
      <trkpt lat="37.9730986" lon="-4.8160687">
        <ele>608</ele>
        <time>2026-08-18T17:37:56.682Z</time>
      </trkpt>
      <trkpt lat="37.9730987" lon="-4.8160859">
        <ele>608</ele>
        <time>2026-08-18T17:37:57.682Z</time>
      </trkpt>
      <trkpt lat="37.9730988" lon="-4.8161032">
        <ele>608</ele>
        <time>2026-08-18T17:37:58.682Z</time>
      </trkpt>
      <trkpt lat="37.973098" lon="-4.8161196">
        <ele>608</ele>
        <time>2026-08-18T17:37:59.682Z</time>
      </trkpt>
      <trkpt lat="37.9730973" lon="-4.8161361">
        <ele>608</ele>
        <time>2026-08-18T17:38:00.682Z</time>
      </trkpt>
      <trkpt lat="37.9730954" lon="-4.8161534">
        <ele>608</ele>
        <time>2026-08-18T17:38:01.682Z</time>
      </trkpt>
      <trkpt lat="37.9730935" lon="-4.8161708">
        <ele>608</ele>
        <time>2026-08-18T17:38:02.682Z</time>
      </trkpt>
      <trkpt lat="37.9730911" lon="-4.8161897">
        <ele>608</ele>
        <time>2026-08-18T17:38:03.682Z</time>
      </trkpt>
      <trkpt lat="37.9730888" lon="-4.8162087">
        <ele>608</ele>
        <time>2026-08-18T17:38:04.682Z</time>
      </trkpt>
      <trkpt lat="37.9730876" lon="-4.8162274">
        <ele>608</ele>
        <time>2026-08-18T17:38:05.682Z</time>
      </trkpt>
      <trkpt lat="37.9730864" lon="-4.8162462">
        <ele>608</ele>
        <time>2026-08-18T17:38:06.682Z</time>
      </trkpt>
      <trkpt lat="37.9730879" lon="-4.8162631">
        <ele>608</ele>
        <time>2026-08-18T17:38:07.682Z</time>
      </trkpt>
      <trkpt lat="37.9730894" lon="-4.81628">
        <ele>607</ele>
        <time>2026-08-18T17:38:08.682Z</time>
      </trkpt>
      <trkpt lat="37.9730908" lon="-4.816296">
        <ele>607</ele>
        <time>2026-08-18T17:38:09.682Z</time>
      </trkpt>
      <trkpt lat="37.9730923" lon="-4.8163121">
        <ele>607</ele>
        <time>2026-08-18T17:38:10.682Z</time>
      </trkpt>
      <trkpt lat="37.9730939" lon="-4.8163288">
        <ele>607</ele>
        <time>2026-08-18T17:38:11.682Z</time>
      </trkpt>
      <trkpt lat="37.9730955" lon="-4.8163456">
        <ele>606</ele>
        <time>2026-08-18T17:38:12.682Z</time>
      </trkpt>
      <trkpt lat="37.9730994" lon="-4.8163626">
        <ele>606</ele>
        <time>2026-08-18T17:38:13.682Z</time>
      </trkpt>
      <trkpt lat="37.9731034" lon="-4.8163797">
        <ele>606</ele>
        <time>2026-08-18T17:38:14.682Z</time>
      </trkpt>
      <trkpt lat="37.9731093" lon="-4.8163974">
        <ele>606</ele>
        <time>2026-08-18T17:38:15.682Z</time>
      </trkpt>
      <trkpt lat="37.9731152" lon="-4.8164152">
        <ele>605</ele>
        <time>2026-08-18T17:38:16.682Z</time>
      </trkpt>
      <trkpt lat="37.9731225" lon="-4.8164348">
        <ele>605</ele>
        <time>2026-08-18T17:38:17.682Z</time>
      </trkpt>
      <trkpt lat="37.9731298" lon="-4.8164544">
        <ele>605</ele>
        <time>2026-08-18T17:38:18.682Z</time>
      </trkpt>
      <trkpt lat="37.9731385" lon="-4.8164713">
        <ele>605</ele>
        <time>2026-08-18T17:38:19.682Z</time>
      </trkpt>
      <trkpt lat="37.9731473" lon="-4.8164883">
        <ele>604</ele>
        <time>2026-08-18T17:38:20.682Z</time>
      </trkpt>
      <trkpt lat="37.9731545" lon="-4.8165071">
        <ele>604</ele>
        <time>2026-08-18T17:38:21.682Z</time>
      </trkpt>
      <trkpt lat="37.9731618" lon="-4.8165259">
        <ele>604</ele>
        <time>2026-08-18T17:38:22.682Z</time>
      </trkpt>
      <trkpt lat="37.9731669" lon="-4.8165456">
        <ele>604</ele>
        <time>2026-08-18T17:38:23.682Z</time>
      </trkpt>
      <trkpt lat="37.973172" lon="-4.8165654">
        <ele>604</ele>
        <time>2026-08-18T17:38:24.682Z</time>
      </trkpt>
      <trkpt lat="37.9731764" lon="-4.8165849">
        <ele>604</ele>
        <time>2026-08-18T17:38:25.682Z</time>
      </trkpt>
      <trkpt lat="37.9731808" lon="-4.8166044">
        <ele>604</ele>
        <time>2026-08-18T17:38:26.682Z</time>
      </trkpt>
      <trkpt lat="37.9731853" lon="-4.8166223">
        <ele>604</ele>
        <time>2026-08-18T17:38:27.682Z</time>
      </trkpt>
      <trkpt lat="37.9731899" lon="-4.8166402">
        <ele>603</ele>
        <time>2026-08-18T17:38:28.682Z</time>
      </trkpt>
      <trkpt lat="37.9731959" lon="-4.8166567">
        <ele>603</ele>
        <time>2026-08-18T17:38:29.682Z</time>
      </trkpt>
      <trkpt lat="37.973202" lon="-4.8166732">
        <ele>603</ele>
        <time>2026-08-18T17:38:30.682Z</time>
      </trkpt>
      <trkpt lat="37.973208" lon="-4.8166869">
        <ele>603</ele>
        <time>2026-08-18T17:38:31.682Z</time>
      </trkpt>
      <trkpt lat="37.9732141" lon="-4.8167006">
        <ele>602</ele>
        <time>2026-08-18T17:38:32.682Z</time>
      </trkpt>
      <trkpt lat="37.9732189" lon="-4.8167156">
        <ele>602</ele>
        <time>2026-08-18T17:38:33.682Z</time>
      </trkpt>
      <trkpt lat="37.9732237" lon="-4.8167307">
        <ele>601</ele>
        <time>2026-08-18T17:38:34.682Z</time>
      </trkpt>
      <trkpt lat="37.973228" lon="-4.8167486">
        <ele>601</ele>
        <time>2026-08-18T17:38:35.682Z</time>
      </trkpt>
      <trkpt lat="37.9732323" lon="-4.8167665">
        <ele>601</ele>
        <time>2026-08-18T17:38:36.682Z</time>
      </trkpt>
      <trkpt lat="37.9732355" lon="-4.8167849">
        <ele>601</ele>
        <time>2026-08-18T17:38:37.682Z</time>
      </trkpt>
      <trkpt lat="37.9732388" lon="-4.8168034">
        <ele>601</ele>
        <time>2026-08-18T17:38:38.682Z</time>
      </trkpt>
      <trkpt lat="37.9732418" lon="-4.8168213">
        <ele>601</ele>
        <time>2026-08-18T17:38:39.682Z</time>
      </trkpt>
      <trkpt lat="37.9732448" lon="-4.8168392">
        <ele>601</ele>
        <time>2026-08-18T17:38:40.682Z</time>
      </trkpt>
      <trkpt lat="37.9732471" lon="-4.8168552">
        <ele>601</ele>
        <time>2026-08-18T17:38:41.682Z</time>
      </trkpt>
      <trkpt lat="37.9732495" lon="-4.8168712">
        <ele>601</ele>
        <time>2026-08-18T17:38:42.682Z</time>
      </trkpt>
      <trkpt lat="37.9732525" lon="-4.8168863">
        <ele>601</ele>
        <time>2026-08-18T17:38:43.682Z</time>
      </trkpt>
      <trkpt lat="37.9732556" lon="-4.8169015">
        <ele>600</ele>
        <time>2026-08-18T17:38:44.682Z</time>
      </trkpt>
      <trkpt lat="37.9732599" lon="-4.8169167">
        <ele>600</ele>
        <time>2026-08-18T17:38:45.682Z</time>
      </trkpt>
      <trkpt lat="37.9732643" lon="-4.8169319">
        <ele>600</ele>
        <time>2026-08-18T17:38:46.682Z</time>
      </trkpt>
      <trkpt lat="37.9732695" lon="-4.8169461">
        <ele>600</ele>
        <time>2026-08-18T17:38:47.682Z</time>
      </trkpt>
      <trkpt lat="37.9732747" lon="-4.8169604">
        <ele>600</ele>
        <time>2026-08-18T17:38:48.682Z</time>
      </trkpt>
      <trkpt lat="37.9732796" lon="-4.8169745">
        <ele>600</ele>
        <time>2026-08-18T17:38:49.682Z</time>
      </trkpt>
      <trkpt lat="37.9732846" lon="-4.8169886">
        <ele>600</ele>
        <time>2026-08-18T17:38:50.682Z</time>
      </trkpt>
      <trkpt lat="37.9732896" lon="-4.8170039">
        <ele>600</ele>
        <time>2026-08-18T17:38:51.682Z</time>
      </trkpt>
      <trkpt lat="37.9732947" lon="-4.8170192">
        <ele>600</ele>
        <time>2026-08-18T17:38:52.682Z</time>
      </trkpt>
      <trkpt lat="37.9733004" lon="-4.817036">
        <ele>600</ele>
        <time>2026-08-18T17:38:53.682Z</time>
      </trkpt>
      <trkpt lat="37.9733062" lon="-4.8170529">
        <ele>600</ele>
        <time>2026-08-18T17:38:54.682Z</time>
      </trkpt>
      <trkpt lat="37.9733117" lon="-4.8170702">
        <ele>600</ele>
        <time>2026-08-18T17:38:55.682Z</time>
      </trkpt>
      <trkpt lat="37.9733173" lon="-4.8170875">
        <ele>600</ele>
        <time>2026-08-18T17:38:56.682Z</time>
      </trkpt>
      <trkpt lat="37.9733221" lon="-4.8171048">
        <ele>600</ele>
        <time>2026-08-18T17:38:57.682Z</time>
      </trkpt>
      <trkpt lat="37.973327" lon="-4.8171221">
        <ele>600</ele>
        <time>2026-08-18T17:38:58.682Z</time>
      </trkpt>
      <trkpt lat="37.9733311" lon="-4.8171382">
        <ele>600</ele>
        <time>2026-08-18T17:38:59.682Z</time>
      </trkpt>
      <trkpt lat="37.9733352" lon="-4.8171543">
        <ele>600</ele>
        <time>2026-08-18T17:39:00.682Z</time>
      </trkpt>
      <trkpt lat="37.9733365" lon="-4.8171688">
        <ele>600</ele>
        <time>2026-08-18T17:39:01.682Z</time>
      </trkpt>
      <trkpt lat="37.9733379" lon="-4.8171834">
        <ele>600</ele>
        <time>2026-08-18T17:39:02.682Z</time>
      </trkpt>
      <trkpt lat="37.9733384" lon="-4.8171982">
        <ele>600</ele>
        <time>2026-08-18T17:39:03.682Z</time>
      </trkpt>
      <trkpt lat="37.973339" lon="-4.8172131">
        <ele>600</ele>
        <time>2026-08-18T17:39:04.682Z</time>
      </trkpt>
      <trkpt lat="37.9733397" lon="-4.8172281">
        <ele>600</ele>
        <time>2026-08-18T17:39:05.682Z</time>
      </trkpt>
      <trkpt lat="37.9733405" lon="-4.8172431">
        <ele>600</ele>
        <time>2026-08-18T17:39:06.682Z</time>
      </trkpt>
      <trkpt lat="37.9733432" lon="-4.8172588">
        <ele>601</ele>
        <time>2026-08-18T17:39:07.682Z</time>
      </trkpt>
      <trkpt lat="37.9733459" lon="-4.8172746">
        <ele>601</ele>
        <time>2026-08-18T17:39:08.682Z</time>
      </trkpt>
      <trkpt lat="37.9733498" lon="-4.8172903">
        <ele>601</ele>
        <time>2026-08-18T17:39:09.682Z</time>
      </trkpt>
      <trkpt lat="37.9733537" lon="-4.8173061">
        <ele>601</ele>
        <time>2026-08-18T17:39:10.682Z</time>
      </trkpt>
      <trkpt lat="37.9733589" lon="-4.8173212">
        <ele>602</ele>
        <time>2026-08-18T17:39:11.682Z</time>
      </trkpt>
      <trkpt lat="37.9733641" lon="-4.8173364">
        <ele>602</ele>
        <time>2026-08-18T17:39:12.682Z</time>
      </trkpt>
      <trkpt lat="37.9733693" lon="-4.8173516">
        <ele>602</ele>
        <time>2026-08-18T17:39:13.682Z</time>
      </trkpt>
      <trkpt lat="37.9733746" lon="-4.8173668">
        <ele>602</ele>
        <time>2026-08-18T17:39:14.682Z</time>
      </trkpt>
      <trkpt lat="37.9733798" lon="-4.8173833">
        <ele>602</ele>
        <time>2026-08-18T17:39:15.682Z</time>
      </trkpt>
      <trkpt lat="37.973385" lon="-4.8173999">
        <ele>602</ele>
        <time>2026-08-18T17:39:16.682Z</time>
      </trkpt>
      <trkpt lat="37.97339" lon="-4.8174168">
        <ele>602</ele>
        <time>2026-08-18T17:39:17.682Z</time>
      </trkpt>
      <trkpt lat="37.9733951" lon="-4.8174337">
        <ele>602</ele>
        <time>2026-08-18T17:39:18.682Z</time>
      </trkpt>
      <trkpt lat="37.9733994" lon="-4.8174502">
        <ele>602</ele>
        <time>2026-08-18T17:39:19.682Z</time>
      </trkpt>
      <trkpt lat="37.9734037" lon="-4.8174667">
        <ele>602</ele>
        <time>2026-08-18T17:39:20.682Z</time>
      </trkpt>
      <trkpt lat="37.9734084" lon="-4.8174827">
        <ele>602</ele>
        <time>2026-08-18T17:39:21.682Z</time>
      </trkpt>
      <trkpt lat="37.9734131" lon="-4.8174987">
        <ele>602</ele>
        <time>2026-08-18T17:39:22.682Z</time>
      </trkpt>
      <trkpt lat="37.9734192" lon="-4.8175147">
        <ele>603</ele>
        <time>2026-08-18T17:39:23.682Z</time>
      </trkpt>
      <trkpt lat="37.9734253" lon="-4.8175308">
        <ele>603</ele>
        <time>2026-08-18T17:39:24.682Z</time>
      </trkpt>
      <trkpt lat="37.9734321" lon="-4.8175469">
        <ele>603</ele>
        <time>2026-08-18T17:39:25.682Z</time>
      </trkpt>
      <trkpt lat="37.9734389" lon="-4.8175631">
        <ele>603</ele>
        <time>2026-08-18T17:39:26.682Z</time>
      </trkpt>
      <trkpt lat="37.9734466" lon="-4.8175794">
        <ele>604</ele>
        <time>2026-08-18T17:39:27.682Z</time>
      </trkpt>
      <trkpt lat="37.9734543" lon="-4.8175957">
        <ele>604</ele>
        <time>2026-08-18T17:39:28.682Z</time>
      </trkpt>
      <trkpt lat="37.9734635" lon="-4.8176107">
        <ele>604</ele>
        <time>2026-08-18T17:39:29.682Z</time>
      </trkpt>
      <trkpt lat="37.9734728" lon="-4.8176257">
        <ele>604</ele>
        <time>2026-08-18T17:39:30.682Z</time>
      </trkpt>
      <trkpt lat="37.9734822" lon="-4.8176404">
        <ele>605</ele>
        <time>2026-08-18T17:39:31.682Z</time>
      </trkpt>
      <trkpt lat="37.9734917" lon="-4.8176551">
        <ele>605</ele>
        <time>2026-08-18T17:39:32.682Z</time>
      </trkpt>
      <trkpt lat="37.9735001" lon="-4.8176703">
        <ele>605</ele>
        <time>2026-08-18T17:39:33.682Z</time>
      </trkpt>
      <trkpt lat="37.9735086" lon="-4.8176855">
        <ele>605</ele>
        <time>2026-08-18T17:39:34.682Z</time>
      </trkpt>
      <trkpt lat="37.9735165" lon="-4.8177033">
        <ele>605</ele>
        <time>2026-08-18T17:39:35.682Z</time>
      </trkpt>
      <trkpt lat="37.9735245" lon="-4.8177211">
        <ele>605</ele>
        <time>2026-08-18T17:39:36.682Z</time>
      </trkpt>
      <trkpt lat="37.9735318" lon="-4.8177399">
        <ele>605</ele>
        <time>2026-08-18T17:39:37.682Z</time>
      </trkpt>
      <trkpt lat="37.9735392" lon="-4.8177587">
        <ele>605</ele>
        <time>2026-08-18T17:39:38.682Z</time>
      </trkpt>
      <trkpt lat="37.9735459" lon="-4.8177739">
        <ele>606</ele>
        <time>2026-08-18T17:39:39.682Z</time>
      </trkpt>
      <trkpt lat="37.9735526" lon="-4.8177892">
        <ele>606</ele>
        <time>2026-08-18T17:39:40.682Z</time>
      </trkpt>
      <trkpt lat="37.9735605" lon="-4.8178024">
        <ele>606</ele>
        <time>2026-08-18T17:39:41.682Z</time>
      </trkpt>
      <trkpt lat="37.9735685" lon="-4.8178156">
        <ele>606</ele>
        <time>2026-08-18T17:39:42.682Z</time>
      </trkpt>
      <trkpt lat="37.9735792" lon="-4.8178305">
        <ele>606</ele>
        <time>2026-08-18T17:39:43.682Z</time>
      </trkpt>
      <trkpt lat="37.97359" lon="-4.8178455">
        <ele>606</ele>
        <time>2026-08-18T17:39:44.682Z</time>
      </trkpt>
      <trkpt lat="37.9736017" lon="-4.8178612">
        <ele>606</ele>
        <time>2026-08-18T17:39:45.682Z</time>
      </trkpt>
      <trkpt lat="37.9736134" lon="-4.8178769">
        <ele>606</ele>
        <time>2026-08-18T17:39:46.682Z</time>
      </trkpt>
      <trkpt lat="37.973623" lon="-4.8178906">
        <ele>606</ele>
        <time>2026-08-18T17:39:47.682Z</time>
      </trkpt>
      <trkpt lat="37.9736326" lon="-4.8179044">
        <ele>606</ele>
        <time>2026-08-18T17:39:48.682Z</time>
      </trkpt>
      <trkpt lat="37.9736398" lon="-4.8179166">
        <ele>606</ele>
        <time>2026-08-18T17:39:49.682Z</time>
      </trkpt>
      <trkpt lat="37.9736471" lon="-4.8179289">
        <ele>606</ele>
        <time>2026-08-18T17:39:50.682Z</time>
      </trkpt>
      <trkpt lat="37.9736536" lon="-4.8179407">
        <ele>607</ele>
        <time>2026-08-18T17:39:51.682Z</time>
      </trkpt>
      <trkpt lat="37.9736602" lon="-4.8179526">
        <ele>607</ele>
        <time>2026-08-18T17:39:52.682Z</time>
      </trkpt>
      <trkpt lat="37.9736675" lon="-4.8179645">
        <ele>607</ele>
        <time>2026-08-18T17:39:53.682Z</time>
      </trkpt>
      <trkpt lat="37.9736749" lon="-4.8179765">
        <ele>607</ele>
        <time>2026-08-18T17:39:54.682Z</time>
      </trkpt>
      <trkpt lat="37.9736825" lon="-4.8179892">
        <ele>607</ele>
        <time>2026-08-18T17:39:55.682Z</time>
      </trkpt>
      <trkpt lat="37.9736901" lon="-4.8180019">
        <ele>607</ele>
        <time>2026-08-18T17:39:56.682Z</time>
      </trkpt>
      <trkpt lat="37.9736971" lon="-4.8180153">
        <ele>607</ele>
        <time>2026-08-18T17:39:57.682Z</time>
      </trkpt>
      <trkpt lat="37.9737042" lon="-4.8180288">
        <ele>607</ele>
        <time>2026-08-18T17:39:58.682Z</time>
      </trkpt>
      <trkpt lat="37.973711" lon="-4.8180426">
        <ele>607</ele>
        <time>2026-08-18T17:39:59.682Z</time>
      </trkpt>
      <trkpt lat="37.9737179" lon="-4.8180564">
        <ele>607</ele>
        <time>2026-08-18T17:40:00.682Z</time>
      </trkpt>
      <trkpt lat="37.9737259" lon="-4.8180702">
        <ele>607</ele>
        <time>2026-08-18T17:40:01.682Z</time>
      </trkpt>
      <trkpt lat="37.9737339" lon="-4.818084">
        <ele>607</ele>
        <time>2026-08-18T17:40:02.682Z</time>
      </trkpt>
      <trkpt lat="37.9737422" lon="-4.8180977">
        <ele>607</ele>
        <time>2026-08-18T17:40:03.682Z</time>
      </trkpt>
      <trkpt lat="37.9737505" lon="-4.8181114">
        <ele>607</ele>
        <time>2026-08-18T17:40:04.682Z</time>
      </trkpt>
      <trkpt lat="37.9737586" lon="-4.8181264">
        <ele>607</ele>
        <time>2026-08-18T17:40:05.682Z</time>
      </trkpt>
      <trkpt lat="37.9737667" lon="-4.8181415">
        <ele>607</ele>
        <time>2026-08-18T17:40:06.682Z</time>
      </trkpt>
      <trkpt lat="37.9737752" lon="-4.818157">
        <ele>607</ele>
        <time>2026-08-18T17:40:07.682Z</time>
      </trkpt>
      <trkpt lat="37.9737837" lon="-4.8181726">
        <ele>607</ele>
        <time>2026-08-18T17:40:08.682Z</time>
      </trkpt>
      <trkpt lat="37.9737922" lon="-4.8181862">
        <ele>607</ele>
        <time>2026-08-18T17:40:09.682Z</time>
      </trkpt>
      <trkpt lat="37.9738007" lon="-4.8181999">
        <ele>607</ele>
        <time>2026-08-18T17:40:10.682Z</time>
      </trkpt>
      <trkpt lat="37.9738093" lon="-4.8182112">
        <ele>607</ele>
        <time>2026-08-18T17:40:11.682Z</time>
      </trkpt>
      <trkpt lat="37.9738179" lon="-4.8182226">
        <ele>607</ele>
        <time>2026-08-18T17:40:12.682Z</time>
      </trkpt>
      <trkpt lat="37.9738263" lon="-4.818232">
        <ele>607</ele>
        <time>2026-08-18T17:40:13.682Z</time>
      </trkpt>
      <trkpt lat="37.9738348" lon="-4.8182414">
        <ele>607</ele>
        <time>2026-08-18T17:40:14.682Z</time>
      </trkpt>
      <trkpt lat="37.9738423" lon="-4.8182512">
        <ele>607</ele>
        <time>2026-08-18T17:40:15.682Z</time>
      </trkpt>
      <trkpt lat="37.9738499" lon="-4.818261">
        <ele>606</ele>
        <time>2026-08-18T17:40:16.682Z</time>
      </trkpt>
      <trkpt lat="37.9738573" lon="-4.8182729">
        <ele>606</ele>
        <time>2026-08-18T17:40:17.682Z</time>
      </trkpt>
      <trkpt lat="37.9738647" lon="-4.8182848">
        <ele>606</ele>
        <time>2026-08-18T17:40:18.682Z</time>
      </trkpt>
      <trkpt lat="37.9738715" lon="-4.818299">
        <ele>606</ele>
        <time>2026-08-18T17:40:19.682Z</time>
      </trkpt>
      <trkpt lat="37.9738784" lon="-4.8183132">
        <ele>606</ele>
        <time>2026-08-18T17:40:20.682Z</time>
      </trkpt>
      <trkpt lat="37.9738841" lon="-4.8183284">
        <ele>606</ele>
        <time>2026-08-18T17:40:21.682Z</time>
      </trkpt>
      <trkpt lat="37.9738898" lon="-4.8183437">
        <ele>606</ele>
        <time>2026-08-18T17:40:22.682Z</time>
      </trkpt>
      <trkpt lat="37.9738958" lon="-4.8183601">
        <ele>606</ele>
        <time>2026-08-18T17:40:23.682Z</time>
      </trkpt>
      <trkpt lat="37.9739019" lon="-4.8183766">
        <ele>606</ele>
        <time>2026-08-18T17:40:24.682Z</time>
      </trkpt>
      <trkpt lat="37.9739086" lon="-4.8183934">
        <ele>606</ele>
        <time>2026-08-18T17:40:25.682Z</time>
      </trkpt>
      <trkpt lat="37.9739154" lon="-4.8184103">
        <ele>606</ele>
        <time>2026-08-18T17:40:26.682Z</time>
      </trkpt>
      <trkpt lat="37.9739226" lon="-4.8184274">
        <ele>606</ele>
        <time>2026-08-18T17:40:27.682Z</time>
      </trkpt>
      <trkpt lat="37.9739298" lon="-4.8184446">
        <ele>605</ele>
        <time>2026-08-18T17:40:28.682Z</time>
      </trkpt>
      <trkpt lat="37.9739368" lon="-4.8184625">
        <ele>605</ele>
        <time>2026-08-18T17:40:29.682Z</time>
      </trkpt>
      <trkpt lat="37.9739438" lon="-4.8184804">
        <ele>605</ele>
        <time>2026-08-18T17:40:30.682Z</time>
      </trkpt>
      <trkpt lat="37.9739505" lon="-4.8184981">
        <ele>605</ele>
        <time>2026-08-18T17:40:31.682Z</time>
      </trkpt>
      <trkpt lat="37.9739572" lon="-4.8185158">
        <ele>604</ele>
        <time>2026-08-18T17:40:32.682Z</time>
      </trkpt>
      <trkpt lat="37.9739648" lon="-4.8185314">
        <ele>604</ele>
        <time>2026-08-18T17:40:33.682Z</time>
      </trkpt>
      <trkpt lat="37.9739724" lon="-4.8185471">
        <ele>604</ele>
        <time>2026-08-18T17:40:34.682Z</time>
      </trkpt>
      <trkpt lat="37.9739796" lon="-4.8185621">
        <ele>604</ele>
        <time>2026-08-18T17:40:35.682Z</time>
      </trkpt>
      <trkpt lat="37.9739868" lon="-4.8185772">
        <ele>603</ele>
        <time>2026-08-18T17:40:36.682Z</time>
      </trkpt>
      <trkpt lat="37.9739915" lon="-4.8185922">
        <ele>603</ele>
        <time>2026-08-18T17:40:37.682Z</time>
      </trkpt>
      <trkpt lat="37.9739962" lon="-4.8186073">
        <ele>603</ele>
        <time>2026-08-18T17:40:38.682Z</time>
      </trkpt>
      <trkpt lat="37.9739995" lon="-4.8186207">
        <ele>603</ele>
        <time>2026-08-18T17:40:39.682Z</time>
      </trkpt>
      <trkpt lat="37.9740028" lon="-4.8186342">
        <ele>602</ele>
        <time>2026-08-18T17:40:40.682Z</time>
      </trkpt>
      <trkpt lat="37.9740056" lon="-4.8186475">
        <ele>602</ele>
        <time>2026-08-18T17:40:41.682Z</time>
      </trkpt>
      <trkpt lat="37.9740085" lon="-4.8186609">
        <ele>602</ele>
        <time>2026-08-18T17:40:42.682Z</time>
      </trkpt>
      <trkpt lat="37.9740109" lon="-4.8186747">
        <ele>602</ele>
        <time>2026-08-18T17:40:43.682Z</time>
      </trkpt>
      <trkpt lat="37.9740134" lon="-4.8186885">
        <ele>601</ele>
        <time>2026-08-18T17:40:44.682Z</time>
      </trkpt>
      <trkpt lat="37.9740168" lon="-4.818703">
        <ele>601</ele>
        <time>2026-08-18T17:40:45.682Z</time>
      </trkpt>
      <trkpt lat="37.9740203" lon="-4.8187175">
        <ele>601</ele>
        <time>2026-08-18T17:40:46.682Z</time>
      </trkpt>
      <trkpt lat="37.9740256" lon="-4.8187332">
        <ele>601</ele>
        <time>2026-08-18T17:40:47.682Z</time>
      </trkpt>
      <trkpt lat="37.9740309" lon="-4.818749">
        <ele>601</ele>
        <time>2026-08-18T17:40:48.682Z</time>
      </trkpt>
      <trkpt lat="37.9740381" lon="-4.8187653">
        <ele>601</ele>
        <time>2026-08-18T17:40:49.682Z</time>
      </trkpt>
      <trkpt lat="37.9740453" lon="-4.8187816">
        <ele>601</ele>
        <time>2026-08-18T17:40:50.682Z</time>
      </trkpt>
      <trkpt lat="37.9740519" lon="-4.8187882">
        <ele>598</ele>
        <time>2026-08-18T17:41:22.682Z</time>
      </trkpt>
      <trkpt lat="37.9740554" lon="-4.8187945">
        <ele>598</ele>
        <time>2026-08-18T17:41:23.682Z</time>
      </trkpt>
      <trkpt lat="37.974059" lon="-4.8188008">
        <ele>598</ele>
        <time>2026-08-18T17:41:24.682Z</time>
      </trkpt>
      <trkpt lat="37.9740611" lon="-4.8188147">
        <ele>598</ele>
        <time>2026-08-18T17:41:25.682Z</time>
      </trkpt>
      <trkpt lat="37.9740632" lon="-4.8188286">
        <ele>598</ele>
        <time>2026-08-18T17:41:26.682Z</time>
      </trkpt>
      <trkpt lat="37.9740655" lon="-4.8188498">
        <ele>598</ele>
        <time>2026-08-18T17:41:27.682Z</time>
      </trkpt>
      <trkpt lat="37.9740678" lon="-4.8188711">
        <ele>598</ele>
        <time>2026-08-18T17:41:28.682Z</time>
      </trkpt>
      <trkpt lat="37.9740694" lon="-4.8188933">
        <ele>598</ele>
        <time>2026-08-18T17:41:29.682Z</time>
      </trkpt>
      <trkpt lat="37.974071" lon="-4.8189155">
        <ele>598</ele>
        <time>2026-08-18T17:41:30.682Z</time>
      </trkpt>
      <trkpt lat="37.9740688" lon="-4.8189351">
        <ele>599</ele>
        <time>2026-08-18T17:41:31.682Z</time>
      </trkpt>
      <trkpt lat="37.9740667" lon="-4.8189547">
        <ele>599</ele>
        <time>2026-08-18T17:41:32.682Z</time>
      </trkpt>
      <trkpt lat="37.9740626" lon="-4.8189733">
        <ele>599</ele>
        <time>2026-08-18T17:41:33.682Z</time>
      </trkpt>
      <trkpt lat="37.9740585" lon="-4.8189919">
        <ele>599</ele>
        <time>2026-08-18T17:41:34.682Z</time>
      </trkpt>
      <trkpt lat="37.9740549" lon="-4.8190116">
        <ele>599</ele>
        <time>2026-08-18T17:41:35.682Z</time>
      </trkpt>
      <trkpt lat="37.9740513" lon="-4.8190313">
        <ele>599</ele>
        <time>2026-08-18T17:41:36.682Z</time>
      </trkpt>
      <trkpt lat="37.9740479" lon="-4.8190502">
        <ele>599</ele>
        <time>2026-08-18T17:41:37.682Z</time>
      </trkpt>
      <trkpt lat="37.9740446" lon="-4.8190691">
        <ele>599</ele>
        <time>2026-08-18T17:41:38.682Z</time>
      </trkpt>
      <trkpt lat="37.9740409" lon="-4.8190879">
        <ele>599</ele>
        <time>2026-08-18T17:41:39.682Z</time>
      </trkpt>
      <trkpt lat="37.9740372" lon="-4.8191067">
        <ele>598</ele>
        <time>2026-08-18T17:41:40.682Z</time>
      </trkpt>
      <trkpt lat="37.9740332" lon="-4.8191243">
        <ele>598</ele>
        <time>2026-08-18T17:41:41.682Z</time>
      </trkpt>
      <trkpt lat="37.9740293" lon="-4.8191419">
        <ele>598</ele>
        <time>2026-08-18T17:41:42.682Z</time>
      </trkpt>
      <trkpt lat="37.9740246" lon="-4.8191573">
        <ele>598</ele>
        <time>2026-08-18T17:41:43.682Z</time>
      </trkpt>
      <trkpt lat="37.97402" lon="-4.8191728">
        <ele>598</ele>
        <time>2026-08-18T17:41:44.682Z</time>
      </trkpt>
      <trkpt lat="37.9740146" lon="-4.8191846">
        <ele>598</ele>
        <time>2026-08-18T17:41:45.682Z</time>
      </trkpt>
      <trkpt lat="37.9740092" lon="-4.8191964">
        <ele>598</ele>
        <time>2026-08-18T17:41:46.682Z</time>
      </trkpt>
      <trkpt lat="37.9740012" lon="-4.8192077">
        <ele>598</ele>
        <time>2026-08-18T17:41:47.682Z</time>
      </trkpt>
      <trkpt lat="37.9739933" lon="-4.8192191">
        <ele>597</ele>
        <time>2026-08-18T17:41:48.682Z</time>
      </trkpt>
      <trkpt lat="37.9739837" lon="-4.8192319">
        <ele>597</ele>
        <time>2026-08-18T17:41:49.682Z</time>
      </trkpt>
      <trkpt lat="37.9739741" lon="-4.8192448">
        <ele>597</ele>
        <time>2026-08-18T17:41:50.682Z</time>
      </trkpt>
      <trkpt lat="37.9739643" lon="-4.8192582">
        <ele>597</ele>
        <time>2026-08-18T17:41:51.682Z</time>
      </trkpt>
      <trkpt lat="37.9739546" lon="-4.8192716">
        <ele>596</ele>
        <time>2026-08-18T17:41:52.682Z</time>
      </trkpt>
      <trkpt lat="37.9739453" lon="-4.8192849">
        <ele>596</ele>
        <time>2026-08-18T17:41:53.682Z</time>
      </trkpt>
      <trkpt lat="37.9739361" lon="-4.8192983">
        <ele>596</ele>
        <time>2026-08-18T17:41:54.682Z</time>
      </trkpt>
      <trkpt lat="37.9739282" lon="-4.8193108">
        <ele>596</ele>
        <time>2026-08-18T17:41:55.682Z</time>
      </trkpt>
      <trkpt lat="37.9739203" lon="-4.8193233">
        <ele>596</ele>
        <time>2026-08-18T17:41:56.682Z</time>
      </trkpt>
      <trkpt lat="37.9739138" lon="-4.819338">
        <ele>596</ele>
        <time>2026-08-18T17:41:57.682Z</time>
      </trkpt>
      <trkpt lat="37.9739073" lon="-4.8193527">
        <ele>596</ele>
        <time>2026-08-18T17:41:58.682Z</time>
      </trkpt>
      <trkpt lat="37.9739" lon="-4.8193664">
        <ele>596</ele>
        <time>2026-08-18T17:41:59.682Z</time>
      </trkpt>
      <trkpt lat="37.9738927" lon="-4.8193802">
        <ele>595</ele>
        <time>2026-08-18T17:42:00.682Z</time>
      </trkpt>
      <trkpt lat="37.9738837" lon="-4.8193905">
        <ele>595</ele>
        <time>2026-08-18T17:42:01.682Z</time>
      </trkpt>
      <trkpt lat="37.9738748" lon="-4.8194008">
        <ele>595</ele>
        <time>2026-08-18T17:42:02.682Z</time>
      </trkpt>
      <trkpt lat="37.9738641" lon="-4.8194094">
        <ele>595</ele>
        <time>2026-08-18T17:42:03.682Z</time>
      </trkpt>
      <trkpt lat="37.9738534" lon="-4.819418">
        <ele>595</ele>
        <time>2026-08-18T17:42:04.682Z</time>
      </trkpt>
      <trkpt lat="37.9738414" lon="-4.8194262">
        <ele>595</ele>
        <time>2026-08-18T17:42:05.682Z</time>
      </trkpt>
      <trkpt lat="37.9738294" lon="-4.8194345">
        <ele>595</ele>
        <time>2026-08-18T17:42:06.682Z</time>
      </trkpt>
      <trkpt lat="37.9738175" lon="-4.8194424">
        <ele>595</ele>
        <time>2026-08-18T17:42:07.682Z</time>
      </trkpt>
      <trkpt lat="37.9738057" lon="-4.8194503">
        <ele>595</ele>
        <time>2026-08-18T17:42:08.682Z</time>
      </trkpt>
      <trkpt lat="37.9737942" lon="-4.8194579">
        <ele>595</ele>
        <time>2026-08-18T17:42:09.682Z</time>
      </trkpt>
      <trkpt lat="37.9737827" lon="-4.8194655">
        <ele>595</ele>
        <time>2026-08-18T17:42:10.682Z</time>
      </trkpt>
      <trkpt lat="37.9737714" lon="-4.8194725">
        <ele>595</ele>
        <time>2026-08-18T17:42:11.682Z</time>
      </trkpt>
      <trkpt lat="37.9737601" lon="-4.8194796">
        <ele>594</ele>
        <time>2026-08-18T17:42:12.682Z</time>
      </trkpt>
      <trkpt lat="37.9737482" lon="-4.8194874">
        <ele>594</ele>
        <time>2026-08-18T17:42:13.682Z</time>
      </trkpt>
      <trkpt lat="37.9737364" lon="-4.8194952">
        <ele>594</ele>
        <time>2026-08-18T17:42:14.682Z</time>
      </trkpt>
      <trkpt lat="37.9737231" lon="-4.8195036">
        <ele>594</ele>
        <time>2026-08-18T17:42:15.682Z</time>
      </trkpt>
      <trkpt lat="37.9737099" lon="-4.819512">
        <ele>593</ele>
        <time>2026-08-18T17:42:16.682Z</time>
      </trkpt>
      <trkpt lat="37.9736955" lon="-4.8195192">
        <ele>593</ele>
        <time>2026-08-18T17:42:17.682Z</time>
      </trkpt>
      <trkpt lat="37.9736811" lon="-4.8195265">
        <ele>593</ele>
        <time>2026-08-18T17:42:18.682Z</time>
      </trkpt>
      <trkpt lat="37.973666" lon="-4.8195312">
        <ele>593</ele>
        <time>2026-08-18T17:42:19.682Z</time>
      </trkpt>
      <trkpt lat="37.973651" lon="-4.819536">
        <ele>593</ele>
        <time>2026-08-18T17:42:20.682Z</time>
      </trkpt>
      <trkpt lat="37.9736356" lon="-4.8195395">
        <ele>593</ele>
        <time>2026-08-18T17:42:21.682Z</time>
      </trkpt>
      <trkpt lat="37.9736202" lon="-4.8195431">
        <ele>593</ele>
        <time>2026-08-18T17:42:22.682Z</time>
      </trkpt>
      <trkpt lat="37.9736045" lon="-4.8195462">
        <ele>593</ele>
        <time>2026-08-18T17:42:23.682Z</time>
      </trkpt>
      <trkpt lat="37.9735888" lon="-4.8195493">
        <ele>593</ele>
        <time>2026-08-18T17:42:24.682Z</time>
      </trkpt>
      <trkpt lat="37.973574" lon="-4.8195515">
        <ele>593</ele>
        <time>2026-08-18T17:42:25.682Z</time>
      </trkpt>
      <trkpt lat="37.9735593" lon="-4.8195538">
        <ele>593</ele>
        <time>2026-08-18T17:42:26.682Z</time>
      </trkpt>
      <trkpt lat="37.973546" lon="-4.8195537">
        <ele>593</ele>
        <time>2026-08-18T17:42:27.682Z</time>
      </trkpt>
      <trkpt lat="37.9735327" lon="-4.8195537">
        <ele>593</ele>
        <time>2026-08-18T17:42:28.682Z</time>
      </trkpt>
      <trkpt lat="37.973521" lon="-4.8195506">
        <ele>593</ele>
        <time>2026-08-18T17:42:29.682Z</time>
      </trkpt>
      <trkpt lat="37.9735094" lon="-4.8195475">
        <ele>593</ele>
        <time>2026-08-18T17:42:30.682Z</time>
      </trkpt>
      <trkpt lat="37.9734991" lon="-4.8195415">
        <ele>593</ele>
        <time>2026-08-18T17:42:31.682Z</time>
      </trkpt>
      <trkpt lat="37.9734889" lon="-4.8195356">
        <ele>593</ele>
        <time>2026-08-18T17:42:32.682Z</time>
      </trkpt>
      <trkpt lat="37.9734785" lon="-4.8195281">
        <ele>593</ele>
        <time>2026-08-18T17:42:33.682Z</time>
      </trkpt>
      <trkpt lat="37.9734681" lon="-4.8195207">
        <ele>593</ele>
        <time>2026-08-18T17:42:34.682Z</time>
      </trkpt>
      <trkpt lat="37.9734569" lon="-4.8195128">
        <ele>593</ele>
        <time>2026-08-18T17:42:35.682Z</time>
      </trkpt>
      <trkpt lat="37.9734458" lon="-4.819505">
        <ele>592</ele>
        <time>2026-08-18T17:42:36.682Z</time>
      </trkpt>
      <trkpt lat="37.9734341" lon="-4.8194974">
        <ele>592</ele>
        <time>2026-08-18T17:42:37.682Z</time>
      </trkpt>
      <trkpt lat="37.9734224" lon="-4.8194899">
        <ele>592</ele>
        <time>2026-08-18T17:42:38.682Z</time>
      </trkpt>
      <trkpt lat="37.9734117" lon="-4.8194832">
        <ele>592</ele>
        <time>2026-08-18T17:42:39.682Z</time>
      </trkpt>
      <trkpt lat="37.9734011" lon="-4.8194766">
        <ele>592</ele>
        <time>2026-08-18T17:42:40.682Z</time>
      </trkpt>
      <trkpt lat="37.9733912" lon="-4.8194695">
        <ele>592</ele>
        <time>2026-08-18T17:42:41.682Z</time>
      </trkpt>
      <trkpt lat="37.9733814" lon="-4.8194625">
        <ele>592</ele>
        <time>2026-08-18T17:42:42.682Z</time>
      </trkpt>
      <trkpt lat="37.9733716" lon="-4.8194556">
        <ele>592</ele>
        <time>2026-08-18T17:42:43.682Z</time>
      </trkpt>
      <trkpt lat="37.9733619" lon="-4.8194488">
        <ele>591</ele>
        <time>2026-08-18T17:42:44.682Z</time>
      </trkpt>
      <trkpt lat="37.973351" lon="-4.8194433">
        <ele>591</ele>
        <time>2026-08-18T17:42:45.682Z</time>
      </trkpt>
      <trkpt lat="37.9733401" lon="-4.8194378">
        <ele>591</ele>
        <time>2026-08-18T17:42:46.682Z</time>
      </trkpt>
      <trkpt lat="37.9733281" lon="-4.8194342">
        <ele>591</ele>
        <time>2026-08-18T17:42:47.682Z</time>
      </trkpt>
      <trkpt lat="37.9733162" lon="-4.8194307">
        <ele>591</ele>
        <time>2026-08-18T17:42:48.682Z</time>
      </trkpt>
      <trkpt lat="37.9733036" lon="-4.8194281">
        <ele>591</ele>
        <time>2026-08-18T17:42:49.682Z</time>
      </trkpt>
      <trkpt lat="37.9732911" lon="-4.8194255">
        <ele>591</ele>
        <time>2026-08-18T17:42:50.682Z</time>
      </trkpt>
      <trkpt lat="37.9732777" lon="-4.8194202">
        <ele>591</ele>
        <time>2026-08-18T17:42:51.682Z</time>
      </trkpt>
      <trkpt lat="37.9732644" lon="-4.8194149">
        <ele>591</ele>
        <time>2026-08-18T17:42:52.682Z</time>
      </trkpt>
      <trkpt lat="37.9732501" lon="-4.8194078">
        <ele>591</ele>
        <time>2026-08-18T17:42:53.682Z</time>
      </trkpt>
      <trkpt lat="37.9732359" lon="-4.8194008">
        <ele>591</ele>
        <time>2026-08-18T17:42:54.682Z</time>
      </trkpt>
      <trkpt lat="37.9732211" lon="-4.8193938">
        <ele>591</ele>
        <time>2026-08-18T17:42:55.682Z</time>
      </trkpt>
      <trkpt lat="37.9732064" lon="-4.8193868">
        <ele>591</ele>
        <time>2026-08-18T17:42:56.682Z</time>
      </trkpt>
      <trkpt lat="37.9731914" lon="-4.8193796">
        <ele>591</ele>
        <time>2026-08-18T17:42:57.682Z</time>
      </trkpt>
      <trkpt lat="37.9731764" lon="-4.8193724">
        <ele>591</ele>
        <time>2026-08-18T17:42:58.682Z</time>
      </trkpt>
      <trkpt lat="37.9731617" lon="-4.8193656">
        <ele>591</ele>
        <time>2026-08-18T17:42:59.682Z</time>
      </trkpt>
      <trkpt lat="37.973147" lon="-4.8193589">
        <ele>591</ele>
        <time>2026-08-18T17:43:00.682Z</time>
      </trkpt>
      <trkpt lat="37.9731327" lon="-4.8193507">
        <ele>591</ele>
        <time>2026-08-18T17:43:01.682Z</time>
      </trkpt>
      <trkpt lat="37.9731185" lon="-4.8193426">
        <ele>591</ele>
        <time>2026-08-18T17:43:02.682Z</time>
      </trkpt>
      <trkpt lat="37.9731049" lon="-4.8193352">
        <ele>591</ele>
        <time>2026-08-18T17:43:03.682Z</time>
      </trkpt>
      <trkpt lat="37.9730914" lon="-4.8193279">
        <ele>591</ele>
        <time>2026-08-18T17:43:04.682Z</time>
      </trkpt>
      <trkpt lat="37.973086" lon="-4.8193254">
        <ele>591</ele>
        <time>2026-08-18T17:43:05.682Z</time>
      </trkpt>
      <trkpt lat="37.9730807" lon="-4.819323">
        <ele>591</ele>
        <time>2026-08-18T17:43:06.682Z</time>
      </trkpt>
      <trkpt lat="37.973074" lon="-4.8193199">
        <ele>591</ele>
        <time>2026-08-18T17:43:07.682Z</time>
      </trkpt>
      <trkpt lat="37.9730673" lon="-4.8193169">
        <ele>591</ele>
        <time>2026-08-18T17:43:08.682Z</time>
      </trkpt>
      <trkpt lat="37.9730606" lon="-4.8193136">
        <ele>591</ele>
        <time>2026-08-18T17:43:09.682Z</time>
      </trkpt>
      <trkpt lat="37.973054" lon="-4.8193104">
        <ele>591</ele>
        <time>2026-08-18T17:43:10.682Z</time>
      </trkpt>
      <trkpt lat="37.9730455" lon="-4.8193049">
        <ele>591</ele>
        <time>2026-08-18T17:43:11.682Z</time>
      </trkpt>
      <trkpt lat="37.973037" lon="-4.8192994">
        <ele>590</ele>
        <time>2026-08-18T17:43:12.682Z</time>
      </trkpt>
      <trkpt lat="37.9730267" lon="-4.8192914">
        <ele>590</ele>
        <time>2026-08-18T17:43:13.682Z</time>
      </trkpt>
      <trkpt lat="37.9730165" lon="-4.8192835">
        <ele>590</ele>
        <time>2026-08-18T17:43:14.682Z</time>
      </trkpt>
      <trkpt lat="37.9730057" lon="-4.8192749">
        <ele>590</ele>
        <time>2026-08-18T17:43:15.682Z</time>
      </trkpt>
      <trkpt lat="37.972995" lon="-4.8192663">
        <ele>590</ele>
        <time>2026-08-18T17:43:16.682Z</time>
      </trkpt>
      <trkpt lat="37.9729843" lon="-4.8192587">
        <ele>590</ele>
        <time>2026-08-18T17:43:17.682Z</time>
      </trkpt>
      <trkpt lat="37.9729736" lon="-4.8192512">
        <ele>590</ele>
        <time>2026-08-18T17:43:18.682Z</time>
      </trkpt>
      <trkpt lat="37.9729626" lon="-4.8192447">
        <ele>591</ele>
        <time>2026-08-18T17:43:19.682Z</time>
      </trkpt>
      <trkpt lat="37.9729517" lon="-4.8192382">
        <ele>591</ele>
        <time>2026-08-18T17:43:20.682Z</time>
      </trkpt>
      <trkpt lat="37.9729401" lon="-4.8192309">
        <ele>591</ele>
        <time>2026-08-18T17:43:21.682Z</time>
      </trkpt>
      <trkpt lat="37.9729285" lon="-4.8192237">
        <ele>591</ele>
        <time>2026-08-18T17:43:22.682Z</time>
      </trkpt>
      <trkpt lat="37.9729165" lon="-4.8192166">
        <ele>591</ele>
        <time>2026-08-18T17:43:23.682Z</time>
      </trkpt>
      <trkpt lat="37.9729045" lon="-4.8192096">
        <ele>591</ele>
        <time>2026-08-18T17:43:24.682Z</time>
      </trkpt>
      <trkpt lat="37.9728931" lon="-4.8192016">
        <ele>591</ele>
        <time>2026-08-18T17:43:25.682Z</time>
      </trkpt>
      <trkpt lat="37.9728817" lon="-4.8191937">
        <ele>591</ele>
        <time>2026-08-18T17:43:26.682Z</time>
      </trkpt>
      <trkpt lat="37.9728696" lon="-4.8191854">
        <ele>591</ele>
        <time>2026-08-18T17:43:27.682Z</time>
      </trkpt>
      <trkpt lat="37.9728575" lon="-4.8191772">
        <ele>591</ele>
        <time>2026-08-18T17:43:28.682Z</time>
      </trkpt>
      <trkpt lat="37.9728443" lon="-4.8191697">
        <ele>591</ele>
        <time>2026-08-18T17:43:29.682Z</time>
      </trkpt>
      <trkpt lat="37.9728312" lon="-4.8191622">
        <ele>591</ele>
        <time>2026-08-18T17:43:30.682Z</time>
      </trkpt>
      <trkpt lat="37.9728185" lon="-4.819153">
        <ele>591</ele>
        <time>2026-08-18T17:43:31.682Z</time>
      </trkpt>
      <trkpt lat="37.9728059" lon="-4.8191439">
        <ele>591</ele>
        <time>2026-08-18T17:43:32.682Z</time>
      </trkpt>
      <trkpt lat="37.9727922" lon="-4.8191347">
        <ele>591</ele>
        <time>2026-08-18T17:43:33.682Z</time>
      </trkpt>
      <trkpt lat="37.9727785" lon="-4.8191255">
        <ele>591</ele>
        <time>2026-08-18T17:43:34.682Z</time>
      </trkpt>
      <trkpt lat="37.9727639" lon="-4.8191167">
        <ele>591</ele>
        <time>2026-08-18T17:43:35.682Z</time>
      </trkpt>
      <trkpt lat="37.9727494" lon="-4.8191079">
        <ele>591</ele>
        <time>2026-08-18T17:43:36.682Z</time>
      </trkpt>
      <trkpt lat="37.9727355" lon="-4.8190996">
        <ele>591</ele>
        <time>2026-08-18T17:43:37.682Z</time>
      </trkpt>
      <trkpt lat="37.9727217" lon="-4.8190914">
        <ele>591</ele>
        <time>2026-08-18T17:43:38.682Z</time>
      </trkpt>
      <trkpt lat="37.9727083" lon="-4.8190826">
        <ele>591</ele>
        <time>2026-08-18T17:43:39.682Z</time>
      </trkpt>
      <trkpt lat="37.9726949" lon="-4.8190739">
        <ele>591</ele>
        <time>2026-08-18T17:43:40.682Z</time>
      </trkpt>
      <trkpt lat="37.9726825" lon="-4.8190659">
        <ele>591</ele>
        <time>2026-08-18T17:43:41.682Z</time>
      </trkpt>
      <trkpt lat="37.9726701" lon="-4.8190579">
        <ele>591</ele>
        <time>2026-08-18T17:43:42.682Z</time>
      </trkpt>
      <trkpt lat="37.9726596" lon="-4.8190496">
        <ele>591</ele>
        <time>2026-08-18T17:43:43.682Z</time>
      </trkpt>
      <trkpt lat="37.9726491" lon="-4.8190413">
        <ele>591</ele>
        <time>2026-08-18T17:43:44.682Z</time>
      </trkpt>
      <trkpt lat="37.9726399" lon="-4.8190322">
        <ele>591</ele>
        <time>2026-08-18T17:43:45.682Z</time>
      </trkpt>
      <trkpt lat="37.9726308" lon="-4.8190231">
        <ele>591</ele>
        <time>2026-08-18T17:43:46.682Z</time>
      </trkpt>
      <trkpt lat="37.9726209" lon="-4.8190139">
        <ele>591</ele>
        <time>2026-08-18T17:43:47.682Z</time>
      </trkpt>
      <trkpt lat="37.9726111" lon="-4.8190048">
        <ele>591</ele>
        <time>2026-08-18T17:43:48.682Z</time>
      </trkpt>
      <trkpt lat="37.9726009" lon="-4.8189966">
        <ele>591</ele>
        <time>2026-08-18T17:43:49.682Z</time>
      </trkpt>
      <trkpt lat="37.9725907" lon="-4.8189884">
        <ele>591</ele>
        <time>2026-08-18T17:43:50.682Z</time>
      </trkpt>
      <trkpt lat="37.9725796" lon="-4.8189815">
        <ele>591</ele>
        <time>2026-08-18T17:43:51.682Z</time>
      </trkpt>
      <trkpt lat="37.9725686" lon="-4.8189746">
        <ele>591</ele>
        <time>2026-08-18T17:43:52.682Z</time>
      </trkpt>
      <trkpt lat="37.9725571" lon="-4.8189687">
        <ele>591</ele>
        <time>2026-08-18T17:43:53.682Z</time>
      </trkpt>
      <trkpt lat="37.9725457" lon="-4.8189628">
        <ele>591</ele>
        <time>2026-08-18T17:43:54.682Z</time>
      </trkpt>
      <trkpt lat="37.9725346" lon="-4.8189568">
        <ele>591</ele>
        <time>2026-08-18T17:43:55.682Z</time>
      </trkpt>
      <trkpt lat="37.9725236" lon="-4.8189508">
        <ele>591</ele>
        <time>2026-08-18T17:43:56.682Z</time>
      </trkpt>
      <trkpt lat="37.9725128" lon="-4.8189436">
        <ele>591</ele>
        <time>2026-08-18T17:43:57.682Z</time>
      </trkpt>
      <trkpt lat="37.972502" lon="-4.8189365">
        <ele>591</ele>
        <time>2026-08-18T17:43:58.682Z</time>
      </trkpt>
      <trkpt lat="37.9724911" lon="-4.8189282">
        <ele>591</ele>
        <time>2026-08-18T17:43:59.682Z</time>
      </trkpt>
      <trkpt lat="37.9724802" lon="-4.81892">
        <ele>590</ele>
        <time>2026-08-18T17:44:00.682Z</time>
      </trkpt>
      <trkpt lat="37.9724698" lon="-4.8189119">
        <ele>590</ele>
        <time>2026-08-18T17:44:01.682Z</time>
      </trkpt>
      <trkpt lat="37.9724595" lon="-4.8189038">
        <ele>590</ele>
        <time>2026-08-18T17:44:02.682Z</time>
      </trkpt>
      <trkpt lat="37.9724481" lon="-4.8188951">
        <ele>590</ele>
        <time>2026-08-18T17:44:03.682Z</time>
      </trkpt>
      <trkpt lat="37.9724368" lon="-4.8188865">
        <ele>590</ele>
        <time>2026-08-18T17:44:04.682Z</time>
      </trkpt>
      <trkpt lat="37.9724251" lon="-4.8188773">
        <ele>590</ele>
        <time>2026-08-18T17:44:05.682Z</time>
      </trkpt>
      <trkpt lat="37.9724134" lon="-4.8188681">
        <ele>590</ele>
        <time>2026-08-18T17:44:06.682Z</time>
      </trkpt>
      <trkpt lat="37.9724015" lon="-4.8188578">
        <ele>590</ele>
        <time>2026-08-18T17:44:07.682Z</time>
      </trkpt>
      <trkpt lat="37.9723897" lon="-4.8188475">
        <ele>590</ele>
        <time>2026-08-18T17:44:08.682Z</time>
      </trkpt>
      <trkpt lat="37.9723773" lon="-4.8188362">
        <ele>590</ele>
        <time>2026-08-18T17:44:09.682Z</time>
      </trkpt>
      <trkpt lat="37.972365" lon="-4.8188249">
        <ele>590</ele>
        <time>2026-08-18T17:44:10.682Z</time>
      </trkpt>
      <trkpt lat="37.9723524" lon="-4.8188133">
        <ele>590</ele>
        <time>2026-08-18T17:44:11.682Z</time>
      </trkpt>
      <trkpt lat="37.9723399" lon="-4.8188018">
        <ele>590</ele>
        <time>2026-08-18T17:44:12.682Z</time>
      </trkpt>
      <trkpt lat="37.972328" lon="-4.8187899">
        <ele>590</ele>
        <time>2026-08-18T17:44:13.682Z</time>
      </trkpt>
      <trkpt lat="37.9723162" lon="-4.8187781">
        <ele>590</ele>
        <time>2026-08-18T17:44:14.682Z</time>
      </trkpt>
      <trkpt lat="37.9723052" lon="-4.8187669">
        <ele>590</ele>
        <time>2026-08-18T17:44:15.682Z</time>
      </trkpt>
      <trkpt lat="37.9722943" lon="-4.8187557">
        <ele>590</ele>
        <time>2026-08-18T17:44:16.682Z</time>
      </trkpt>
      <trkpt lat="37.9722843" lon="-4.8187449">
        <ele>590</ele>
        <time>2026-08-18T17:44:17.682Z</time>
      </trkpt>
      <trkpt lat="37.9722744" lon="-4.8187342">
        <ele>590</ele>
        <time>2026-08-18T17:44:18.682Z</time>
      </trkpt>
      <trkpt lat="37.9722641" lon="-4.8187236">
        <ele>590</ele>
        <time>2026-08-18T17:44:19.682Z</time>
      </trkpt>
      <trkpt lat="37.9722538" lon="-4.8187131">
        <ele>590</ele>
        <time>2026-08-18T17:44:20.682Z</time>
      </trkpt>
      <trkpt lat="37.9722431" lon="-4.8187036">
        <ele>590</ele>
        <time>2026-08-18T17:44:21.682Z</time>
      </trkpt>
      <trkpt lat="37.9722325" lon="-4.8186942">
        <ele>590</ele>
        <time>2026-08-18T17:44:22.682Z</time>
      </trkpt>
      <trkpt lat="37.9722217" lon="-4.818686">
        <ele>590</ele>
        <time>2026-08-18T17:44:23.682Z</time>
      </trkpt>
      <trkpt lat="37.972211" lon="-4.8186779">
        <ele>590</ele>
        <time>2026-08-18T17:44:24.682Z</time>
      </trkpt>
      <trkpt lat="37.9722" lon="-4.8186684">
        <ele>590</ele>
        <time>2026-08-18T17:44:25.682Z</time>
      </trkpt>
      <trkpt lat="37.972189" lon="-4.8186589">
        <ele>590</ele>
        <time>2026-08-18T17:44:26.682Z</time>
      </trkpt>
      <trkpt lat="37.9721788" lon="-4.8186492">
        <ele>590</ele>
        <time>2026-08-18T17:44:27.682Z</time>
      </trkpt>
      <trkpt lat="37.9721687" lon="-4.8186395">
        <ele>590</ele>
        <time>2026-08-18T17:44:28.682Z</time>
      </trkpt>
      <trkpt lat="37.972159" lon="-4.8186302">
        <ele>590</ele>
        <time>2026-08-18T17:44:29.682Z</time>
      </trkpt>
      <trkpt lat="37.9721494" lon="-4.818621">
        <ele>590</ele>
        <time>2026-08-18T17:44:30.682Z</time>
      </trkpt>
      <trkpt lat="37.9721386" lon="-4.8186114">
        <ele>590</ele>
        <time>2026-08-18T17:44:31.682Z</time>
      </trkpt>
      <trkpt lat="37.9721278" lon="-4.8186019">
        <ele>590</ele>
        <time>2026-08-18T17:44:32.682Z</time>
      </trkpt>
      <trkpt lat="37.9721163" lon="-4.8185917">
        <ele>590</ele>
        <time>2026-08-18T17:44:33.682Z</time>
      </trkpt>
      <trkpt lat="37.9721048" lon="-4.8185816">
        <ele>590</ele>
        <time>2026-08-18T17:44:34.682Z</time>
      </trkpt>
      <trkpt lat="37.9720941" lon="-4.8185713">
        <ele>591</ele>
        <time>2026-08-18T17:44:35.682Z</time>
      </trkpt>
      <trkpt lat="37.9720835" lon="-4.818561">
        <ele>591</ele>
        <time>2026-08-18T17:44:36.682Z</time>
      </trkpt>
      <trkpt lat="37.9720741" lon="-4.8185497">
        <ele>591</ele>
        <time>2026-08-18T17:44:37.682Z</time>
      </trkpt>
      <trkpt lat="37.9720647" lon="-4.8185385">
        <ele>591</ele>
        <time>2026-08-18T17:44:38.682Z</time>
      </trkpt>
      <trkpt lat="37.9720549" lon="-4.8185273">
        <ele>591</ele>
        <time>2026-08-18T17:44:39.682Z</time>
      </trkpt>
      <trkpt lat="37.9720452" lon="-4.8185162">
        <ele>591</ele>
        <time>2026-08-18T17:44:40.682Z</time>
      </trkpt>
      <trkpt lat="37.972035" lon="-4.8185059">
        <ele>591</ele>
        <time>2026-08-18T17:44:41.682Z</time>
      </trkpt>
      <trkpt lat="37.9720248" lon="-4.8184956">
        <ele>591</ele>
        <time>2026-08-18T17:44:42.682Z</time>
      </trkpt>
      <trkpt lat="37.9720158" lon="-4.8184854">
        <ele>591</ele>
        <time>2026-08-18T17:44:43.682Z</time>
      </trkpt>
      <trkpt lat="37.9720069" lon="-4.8184752">
        <ele>591</ele>
        <time>2026-08-18T17:44:44.682Z</time>
      </trkpt>
      <trkpt lat="37.9719988" lon="-4.8184649">
        <ele>591</ele>
        <time>2026-08-18T17:44:45.682Z</time>
      </trkpt>
      <trkpt lat="37.9719908" lon="-4.8184547">
        <ele>591</ele>
        <time>2026-08-18T17:44:46.682Z</time>
      </trkpt>
      <trkpt lat="37.9719811" lon="-4.8184438">
        <ele>592</ele>
        <time>2026-08-18T17:44:47.682Z</time>
      </trkpt>
      <trkpt lat="37.9719714" lon="-4.818433">
        <ele>592</ele>
        <time>2026-08-18T17:44:48.682Z</time>
      </trkpt>
      <trkpt lat="37.9719612" lon="-4.8184212">
        <ele>592</ele>
        <time>2026-08-18T17:44:49.682Z</time>
      </trkpt>
      <trkpt lat="37.9719511" lon="-4.8184094">
        <ele>592</ele>
        <time>2026-08-18T17:44:50.682Z</time>
      </trkpt>
      <trkpt lat="37.9719423" lon="-4.8183973">
        <ele>592</ele>
        <time>2026-08-18T17:44:51.682Z</time>
      </trkpt>
      <trkpt lat="37.9719336" lon="-4.8183852">
        <ele>592</ele>
        <time>2026-08-18T17:44:52.682Z</time>
      </trkpt>
      <trkpt lat="37.9719257" lon="-4.8183748">
        <ele>592</ele>
        <time>2026-08-18T17:44:53.682Z</time>
      </trkpt>
      <trkpt lat="37.9719179" lon="-4.8183644">
        <ele>592</ele>
        <time>2026-08-18T17:44:54.682Z</time>
      </trkpt>
      <trkpt lat="37.9719129" lon="-4.8183594">
        <ele>592</ele>
        <time>2026-08-18T17:44:55.682Z</time>
      </trkpt>
      <trkpt lat="37.971908" lon="-4.8183545">
        <ele>592</ele>
        <time>2026-08-18T17:44:56.682Z</time>
      </trkpt>
      <trkpt lat="37.971903" lon="-4.8183496">
        <ele>592</ele>
        <time>2026-08-18T17:44:57.682Z</time>
      </trkpt>
      <trkpt lat="37.9718981" lon="-4.8183447">
        <ele>592</ele>
        <time>2026-08-18T17:44:58.682Z</time>
      </trkpt>
      <trkpt lat="37.9718862" lon="-4.8183355">
        <ele>592</ele>
        <time>2026-08-18T17:44:59.682Z</time>
      </trkpt>
      <trkpt lat="37.9718744" lon="-4.8183263">
        <ele>592</ele>
        <time>2026-08-18T17:45:00.682Z</time>
      </trkpt>
      <trkpt lat="37.9718676" lon="-4.8183215">
        <ele>592</ele>
        <time>2026-08-18T17:45:01.682Z</time>
      </trkpt>
      <trkpt lat="37.9718609" lon="-4.8183168">
        <ele>592</ele>
        <time>2026-08-18T17:45:02.682Z</time>
      </trkpt>
      <trkpt lat="37.9718498" lon="-4.818309">
        <ele>593</ele>
        <time>2026-08-18T17:45:03.682Z</time>
      </trkpt>
      <trkpt lat="37.9718387" lon="-4.8183013">
        <ele>593</ele>
        <time>2026-08-18T17:45:04.682Z</time>
      </trkpt>
      <trkpt lat="37.971828" lon="-4.8182934">
        <ele>593</ele>
        <time>2026-08-18T17:45:05.682Z</time>
      </trkpt>
      <trkpt lat="37.9718173" lon="-4.8182856">
        <ele>593</ele>
        <time>2026-08-18T17:45:06.682Z</time>
      </trkpt>
      <trkpt lat="37.9718068" lon="-4.8182761">
        <ele>593</ele>
        <time>2026-08-18T17:45:07.682Z</time>
      </trkpt>
      <trkpt lat="37.9717963" lon="-4.8182667">
        <ele>592</ele>
        <time>2026-08-18T17:45:08.682Z</time>
      </trkpt>
      <trkpt lat="37.9717853" lon="-4.818256">
        <ele>592</ele>
        <time>2026-08-18T17:45:09.682Z</time>
      </trkpt>
      <trkpt lat="37.9717743" lon="-4.8182453">
        <ele>592</ele>
        <time>2026-08-18T17:45:10.682Z</time>
      </trkpt>
      <trkpt lat="37.9717611" lon="-4.8182381">
        <ele>592</ele>
        <time>2026-08-18T17:45:11.682Z</time>
      </trkpt>
      <trkpt lat="37.971748" lon="-4.818231">
        <ele>592</ele>
        <time>2026-08-18T17:45:12.682Z</time>
      </trkpt>
      <trkpt lat="37.9717351" lon="-4.8182279">
        <ele>592</ele>
        <time>2026-08-18T17:45:13.682Z</time>
      </trkpt>
      <trkpt lat="37.9717222" lon="-4.8182248">
        <ele>592</ele>
        <time>2026-08-18T17:45:14.682Z</time>
      </trkpt>
      <trkpt lat="37.9717109" lon="-4.818223">
        <ele>592</ele>
        <time>2026-08-18T17:45:15.682Z</time>
      </trkpt>
      <trkpt lat="37.9716996" lon="-4.8182213">
        <ele>592</ele>
        <time>2026-08-18T17:45:16.682Z</time>
      </trkpt>
      <trkpt lat="37.9716892" lon="-4.8182187">
        <ele>592</ele>
        <time>2026-08-18T17:45:17.682Z</time>
      </trkpt>
      <trkpt lat="37.9716788" lon="-4.8182162">
        <ele>592</ele>
        <time>2026-08-18T17:45:18.682Z</time>
      </trkpt>
      <trkpt lat="37.9716694" lon="-4.8182135">
        <ele>592</ele>
        <time>2026-08-18T17:45:19.682Z</time>
      </trkpt>
      <trkpt lat="37.9716601" lon="-4.8182109">
        <ele>591</ele>
        <time>2026-08-18T17:45:20.682Z</time>
      </trkpt>
      <trkpt lat="37.9716516" lon="-4.8182093">
        <ele>591</ele>
        <time>2026-08-18T17:45:21.682Z</time>
      </trkpt>
      <trkpt lat="37.9716432" lon="-4.8182077">
        <ele>591</ele>
        <time>2026-08-18T17:45:22.682Z</time>
      </trkpt>
      <trkpt lat="37.9716352" lon="-4.8182055">
        <ele>591</ele>
        <time>2026-08-18T17:45:23.682Z</time>
      </trkpt>
      <trkpt lat="37.9716272" lon="-4.8182033">
        <ele>590</ele>
        <time>2026-08-18T17:45:24.682Z</time>
      </trkpt>
      <trkpt lat="37.9716169" lon="-4.8181984">
        <ele>590</ele>
        <time>2026-08-18T17:45:25.682Z</time>
      </trkpt>
      <trkpt lat="37.9716066" lon="-4.8181936">
        <ele>590</ele>
        <time>2026-08-18T17:45:26.682Z</time>
      </trkpt>
      <trkpt lat="37.9715948" lon="-4.818188">
        <ele>590</ele>
        <time>2026-08-18T17:45:27.682Z</time>
      </trkpt>
      <trkpt lat="37.971583" lon="-4.8181824">
        <ele>589</ele>
        <time>2026-08-18T17:45:28.682Z</time>
      </trkpt>
      <trkpt lat="37.9715718" lon="-4.8181777">
        <ele>589</ele>
        <time>2026-08-18T17:45:29.682Z</time>
      </trkpt>
      <trkpt lat="37.9715606" lon="-4.8181731">
        <ele>589</ele>
        <time>2026-08-18T17:45:30.682Z</time>
      </trkpt>
      <trkpt lat="37.9715515" lon="-4.818169">
        <ele>589</ele>
        <time>2026-08-18T17:45:31.682Z</time>
      </trkpt>
      <trkpt lat="37.9715425" lon="-4.818165">
        <ele>588</ele>
        <time>2026-08-18T17:45:32.682Z</time>
      </trkpt>
      <trkpt lat="37.9715326" lon="-4.8181615">
        <ele>588</ele>
        <time>2026-08-18T17:45:33.682Z</time>
      </trkpt>
      <trkpt lat="37.9715228" lon="-4.818158">
        <ele>588</ele>
        <time>2026-08-18T17:45:34.682Z</time>
      </trkpt>
      <trkpt lat="37.9715107" lon="-4.8181553">
        <ele>588</ele>
        <time>2026-08-18T17:45:35.682Z</time>
      </trkpt>
      <trkpt lat="37.9714986" lon="-4.8181526">
        <ele>587</ele>
        <time>2026-08-18T17:45:36.682Z</time>
      </trkpt>
      <trkpt lat="37.971486" lon="-4.818148">
        <ele>587</ele>
        <time>2026-08-18T17:45:37.682Z</time>
      </trkpt>
      <trkpt lat="37.9714735" lon="-4.8181435">
        <ele>587</ele>
        <time>2026-08-18T17:45:38.682Z</time>
      </trkpt>
      <trkpt lat="37.9714622" lon="-4.8181351">
        <ele>587</ele>
        <time>2026-08-18T17:45:39.682Z</time>
      </trkpt>
      <trkpt lat="37.971451" lon="-4.8181267">
        <ele>587</ele>
        <time>2026-08-18T17:45:40.682Z</time>
      </trkpt>
      <trkpt lat="37.9714398" lon="-4.8181183">
        <ele>587</ele>
        <time>2026-08-18T17:45:41.682Z</time>
      </trkpt>
      <trkpt lat="37.9714287" lon="-4.8181099">
        <ele>587</ele>
        <time>2026-08-18T17:45:42.682Z</time>
      </trkpt>
      <trkpt lat="37.9714173" lon="-4.8181085">
        <ele>587</ele>
        <time>2026-08-18T17:45:43.682Z</time>
      </trkpt>
      <trkpt lat="37.9714059" lon="-4.8181072">
        <ele>587</ele>
        <time>2026-08-18T17:45:44.682Z</time>
      </trkpt>
      <trkpt lat="37.9713968" lon="-4.8181155">
        <ele>587</ele>
        <time>2026-08-18T17:45:45.682Z</time>
      </trkpt>
      <trkpt lat="37.9713878" lon="-4.8181238">
        <ele>587</ele>
        <time>2026-08-18T17:45:46.682Z</time>
      </trkpt>
      <trkpt lat="37.9713813" lon="-4.8181376">
        <ele>587</ele>
        <time>2026-08-18T17:45:47.682Z</time>
      </trkpt>
      <trkpt lat="37.9713748" lon="-4.8181515">
        <ele>586</ele>
        <time>2026-08-18T17:45:48.682Z</time>
      </trkpt>
      <trkpt lat="37.9713709" lon="-4.8181669">
        <ele>586</ele>
        <time>2026-08-18T17:45:49.682Z</time>
      </trkpt>
      <trkpt lat="37.9713671" lon="-4.8181824">
        <ele>586</ele>
        <time>2026-08-18T17:45:50.682Z</time>
      </trkpt>
      <trkpt lat="37.9713696" lon="-4.8181849">
        <ele>585</ele>
        <time>2026-08-18T17:46:12.682Z</time>
      </trkpt>
      <trkpt lat="37.9713717" lon="-4.8181873">
        <ele>585</ele>
        <time>2026-08-18T17:46:13.682Z</time>
      </trkpt>
      <trkpt lat="37.9713738" lon="-4.8181898">
        <ele>585</ele>
        <time>2026-08-18T17:46:14.682Z</time>
      </trkpt>
      <trkpt lat="37.9713764" lon="-4.8181943">
        <ele>585</ele>
        <time>2026-08-18T17:46:15.682Z</time>
      </trkpt>
      <trkpt lat="37.9713791" lon="-4.8181989">
        <ele>585</ele>
        <time>2026-08-18T17:46:16.682Z</time>
      </trkpt>
      <trkpt lat="37.9713862" lon="-4.8182062">
        <ele>585</ele>
        <time>2026-08-18T17:46:17.682Z</time>
      </trkpt>
      <trkpt lat="37.9713934" lon="-4.8182136">
        <ele>585</ele>
        <time>2026-08-18T17:46:18.682Z</time>
      </trkpt>
      <trkpt lat="37.971404" lon="-4.818219">
        <ele>585</ele>
        <time>2026-08-18T17:46:19.682Z</time>
      </trkpt>
      <trkpt lat="37.9714146" lon="-4.8182244">
        <ele>585</ele>
        <time>2026-08-18T17:46:20.682Z</time>
      </trkpt>
      <trkpt lat="37.9714271" lon="-4.8182272">
        <ele>585</ele>
        <time>2026-08-18T17:46:21.682Z</time>
      </trkpt>
      <trkpt lat="37.9714397" lon="-4.8182301">
        <ele>585</ele>
        <time>2026-08-18T17:46:22.682Z</time>
      </trkpt>
      <trkpt lat="37.9714532" lon="-4.818232">
        <ele>585</ele>
        <time>2026-08-18T17:46:23.682Z</time>
      </trkpt>
      <trkpt lat="37.9714668" lon="-4.8182339">
        <ele>585</ele>
        <time>2026-08-18T17:46:24.682Z</time>
      </trkpt>
      <trkpt lat="37.9714785" lon="-4.8182357">
        <ele>585</ele>
        <time>2026-08-18T17:46:25.682Z</time>
      </trkpt>
      <trkpt lat="37.9714903" lon="-4.8182376">
        <ele>585</ele>
        <time>2026-08-18T17:46:26.682Z</time>
      </trkpt>
      <trkpt lat="37.9715013" lon="-4.8182386">
        <ele>586</ele>
        <time>2026-08-18T17:46:27.682Z</time>
      </trkpt>
      <trkpt lat="37.9715123" lon="-4.8182396">
        <ele>586</ele>
        <time>2026-08-18T17:46:28.682Z</time>
      </trkpt>
      <trkpt lat="37.9715232" lon="-4.8182394">
        <ele>586</ele>
        <time>2026-08-18T17:46:29.682Z</time>
      </trkpt>
      <trkpt lat="37.9715342" lon="-4.8182392">
        <ele>586</ele>
        <time>2026-08-18T17:46:30.682Z</time>
      </trkpt>
      <trkpt lat="37.9715435" lon="-4.8182398">
        <ele>586</ele>
        <time>2026-08-18T17:46:31.682Z</time>
      </trkpt>
      <trkpt lat="37.9715529" lon="-4.8182405">
        <ele>586</ele>
        <time>2026-08-18T17:46:32.682Z</time>
      </trkpt>
      <trkpt lat="37.9715613" lon="-4.818243">
        <ele>586</ele>
        <time>2026-08-18T17:46:33.682Z</time>
      </trkpt>
      <trkpt lat="37.9715697" lon="-4.8182455">
        <ele>586</ele>
        <time>2026-08-18T17:46:34.682Z</time>
      </trkpt>
      <trkpt lat="37.9715789" lon="-4.8182486">
        <ele>587</ele>
        <time>2026-08-18T17:46:35.682Z</time>
      </trkpt>
      <trkpt lat="37.9715881" lon="-4.8182517">
        <ele>587</ele>
        <time>2026-08-18T17:46:36.682Z</time>
      </trkpt>
      <trkpt lat="37.9715998" lon="-4.8182547">
        <ele>587</ele>
        <time>2026-08-18T17:46:37.682Z</time>
      </trkpt>
      <trkpt lat="37.9716115" lon="-4.8182577">
        <ele>587</ele>
        <time>2026-08-18T17:46:38.682Z</time>
      </trkpt>
      <trkpt lat="37.9716228" lon="-4.8182599">
        <ele>587</ele>
        <time>2026-08-18T17:46:39.682Z</time>
      </trkpt>
      <trkpt lat="37.9716342" lon="-4.8182622">
        <ele>587</ele>
        <time>2026-08-18T17:46:40.682Z</time>
      </trkpt>
      <trkpt lat="37.9716442" lon="-4.8182633">
        <ele>587</ele>
        <time>2026-08-18T17:46:41.682Z</time>
      </trkpt>
      <trkpt lat="37.9716543" lon="-4.8182644">
        <ele>587</ele>
        <time>2026-08-18T17:46:42.682Z</time>
      </trkpt>
      <trkpt lat="37.9716658" lon="-4.8182641">
        <ele>588</ele>
        <time>2026-08-18T17:46:43.682Z</time>
      </trkpt>
      <trkpt lat="37.9716774" lon="-4.8182639">
        <ele>588</ele>
        <time>2026-08-18T17:46:44.682Z</time>
      </trkpt>
      <trkpt lat="37.9716887" lon="-4.8182645">
        <ele>588</ele>
        <time>2026-08-18T17:46:45.682Z</time>
      </trkpt>
      <trkpt lat="37.9717001" lon="-4.8182652">
        <ele>588</ele>
        <time>2026-08-18T17:46:46.682Z</time>
      </trkpt>
      <trkpt lat="37.9717095" lon="-4.818268">
        <ele>589</ele>
        <time>2026-08-18T17:46:47.682Z</time>
      </trkpt>
      <trkpt lat="37.971719" lon="-4.8182708">
        <ele>589</ele>
        <time>2026-08-18T17:46:48.682Z</time>
      </trkpt>
      <trkpt lat="37.9717283" lon="-4.8182743">
        <ele>589</ele>
        <time>2026-08-18T17:46:49.682Z</time>
      </trkpt>
      <trkpt lat="37.9717376" lon="-4.8182778">
        <ele>589</ele>
        <time>2026-08-18T17:46:50.682Z</time>
      </trkpt>
      <trkpt lat="37.9717464" lon="-4.81828">
        <ele>589</ele>
        <time>2026-08-18T17:46:51.682Z</time>
      </trkpt>
      <trkpt lat="37.9717552" lon="-4.8182822">
        <ele>589</ele>
        <time>2026-08-18T17:46:52.682Z</time>
      </trkpt>
      <trkpt lat="37.9717646" lon="-4.8182858">
        <ele>589</ele>
        <time>2026-08-18T17:46:53.682Z</time>
      </trkpt>
      <trkpt lat="37.971774" lon="-4.8182895">
        <ele>589</ele>
        <time>2026-08-18T17:46:54.682Z</time>
      </trkpt>
      <trkpt lat="37.9717847" lon="-4.8182944">
        <ele>590</ele>
        <time>2026-08-18T17:46:55.682Z</time>
      </trkpt>
      <trkpt lat="37.9717954" lon="-4.8182993">
        <ele>590</ele>
        <time>2026-08-18T17:46:56.682Z</time>
      </trkpt>
      <trkpt lat="37.9718063" lon="-4.8183063">
        <ele>590</ele>
        <time>2026-08-18T17:46:57.682Z</time>
      </trkpt>
      <trkpt lat="37.9718173" lon="-4.8183134">
        <ele>590</ele>
        <time>2026-08-18T17:46:58.682Z</time>
      </trkpt>
      <trkpt lat="37.9718274" lon="-4.818323">
        <ele>590</ele>
        <time>2026-08-18T17:46:59.682Z</time>
      </trkpt>
      <trkpt lat="37.9718376" lon="-4.8183327">
        <ele>590</ele>
        <time>2026-08-18T17:47:00.682Z</time>
      </trkpt>
      <trkpt lat="37.9718467" lon="-4.8183431">
        <ele>590</ele>
        <time>2026-08-18T17:47:01.682Z</time>
      </trkpt>
      <trkpt lat="37.9718559" lon="-4.8183535">
        <ele>590</ele>
        <time>2026-08-18T17:47:02.682Z</time>
      </trkpt>
      <trkpt lat="37.9718647" lon="-4.8183626">
        <ele>590</ele>
        <time>2026-08-18T17:47:03.682Z</time>
      </trkpt>
      <trkpt lat="37.9718735" lon="-4.8183718">
        <ele>590</ele>
        <time>2026-08-18T17:47:04.682Z</time>
      </trkpt>
      <trkpt lat="37.9718818" lon="-4.8183793">
        <ele>590</ele>
        <time>2026-08-18T17:47:05.682Z</time>
      </trkpt>
      <trkpt lat="37.9718901" lon="-4.8183869">
        <ele>590</ele>
        <time>2026-08-18T17:47:06.682Z</time>
      </trkpt>
      <trkpt lat="37.971898" lon="-4.8183947">
        <ele>591</ele>
        <time>2026-08-18T17:47:07.682Z</time>
      </trkpt>
      <trkpt lat="37.971906" lon="-4.8184025">
        <ele>591</ele>
        <time>2026-08-18T17:47:08.682Z</time>
      </trkpt>
      <trkpt lat="37.9719151" lon="-4.818412">
        <ele>591</ele>
        <time>2026-08-18T17:47:09.682Z</time>
      </trkpt>
      <trkpt lat="37.9719243" lon="-4.8184216">
        <ele>591</ele>
        <time>2026-08-18T17:47:10.682Z</time>
      </trkpt>
      <trkpt lat="37.9719348" lon="-4.8184323">
        <ele>591</ele>
        <time>2026-08-18T17:47:11.682Z</time>
      </trkpt>
      <trkpt lat="37.9719453" lon="-4.818443">
        <ele>590</ele>
        <time>2026-08-18T17:47:12.682Z</time>
      </trkpt>
      <trkpt lat="37.9719556" lon="-4.8184551">
        <ele>590</ele>
        <time>2026-08-18T17:47:13.682Z</time>
      </trkpt>
      <trkpt lat="37.971966" lon="-4.8184672">
        <ele>590</ele>
        <time>2026-08-18T17:47:14.682Z</time>
      </trkpt>
      <trkpt lat="37.9719757" lon="-4.8184808">
        <ele>590</ele>
        <time>2026-08-18T17:47:15.682Z</time>
      </trkpt>
      <trkpt lat="37.9719854" lon="-4.8184944">
        <ele>590</ele>
        <time>2026-08-18T17:47:16.682Z</time>
      </trkpt>
      <trkpt lat="37.9719946" lon="-4.8185084">
        <ele>590</ele>
        <time>2026-08-18T17:47:17.682Z</time>
      </trkpt>
      <trkpt lat="37.9720039" lon="-4.8185224">
        <ele>590</ele>
        <time>2026-08-18T17:47:18.682Z</time>
      </trkpt>
      <trkpt lat="37.9720137" lon="-4.8185352">
        <ele>591</ele>
        <time>2026-08-18T17:47:19.682Z</time>
      </trkpt>
      <trkpt lat="37.9720235" lon="-4.818548">
        <ele>590</ele>
        <time>2026-08-18T17:47:20.682Z</time>
      </trkpt>
      <trkpt lat="37.9720334" lon="-4.8185606">
        <ele>590</ele>
        <time>2026-08-18T17:47:21.682Z</time>
      </trkpt>
      <trkpt lat="37.9720433" lon="-4.8185733">
        <ele>590</ele>
        <time>2026-08-18T17:47:22.682Z</time>
      </trkpt>
      <trkpt lat="37.9720535" lon="-4.8185857">
        <ele>590</ele>
        <time>2026-08-18T17:47:23.682Z</time>
      </trkpt>
      <trkpt lat="37.9720638" lon="-4.8185982">
        <ele>590</ele>
        <time>2026-08-18T17:47:24.682Z</time>
      </trkpt>
      <trkpt lat="37.9720744" lon="-4.8186101">
        <ele>590</ele>
        <time>2026-08-18T17:47:25.682Z</time>
      </trkpt>
      <trkpt lat="37.972085" lon="-4.818622">
        <ele>590</ele>
        <time>2026-08-18T17:47:26.682Z</time>
      </trkpt>
      <trkpt lat="37.972095" lon="-4.8186349">
        <ele>590</ele>
        <time>2026-08-18T17:47:27.682Z</time>
      </trkpt>
      <trkpt lat="37.972105" lon="-4.8186478">
        <ele>589</ele>
        <time>2026-08-18T17:47:28.682Z</time>
      </trkpt>
      <trkpt lat="37.9721139" lon="-4.8186624">
        <ele>589</ele>
        <time>2026-08-18T17:47:29.682Z</time>
      </trkpt>
      <trkpt lat="37.9721229" lon="-4.818677">
        <ele>589</ele>
        <time>2026-08-18T17:47:30.682Z</time>
      </trkpt>
      <trkpt lat="37.9721303" lon="-4.8186929">
        <ele>589</ele>
        <time>2026-08-18T17:47:31.682Z</time>
      </trkpt>
      <trkpt lat="37.9721377" lon="-4.8187088">
        <ele>589</ele>
        <time>2026-08-18T17:47:32.682Z</time>
      </trkpt>
      <trkpt lat="37.9721416" lon="-4.8187262">
        <ele>589</ele>
        <time>2026-08-18T17:47:33.682Z</time>
      </trkpt>
      <trkpt lat="37.9721456" lon="-4.8187437">
        <ele>589</ele>
        <time>2026-08-18T17:47:34.682Z</time>
      </trkpt>
      <trkpt lat="37.9721461" lon="-4.8187617">
        <ele>589</ele>
        <time>2026-08-18T17:47:35.682Z</time>
      </trkpt>
      <trkpt lat="37.9721466" lon="-4.8187797">
        <ele>589</ele>
        <time>2026-08-18T17:47:36.682Z</time>
      </trkpt>
      <trkpt lat="37.972144" lon="-4.8187976">
        <ele>589</ele>
        <time>2026-08-18T17:47:37.682Z</time>
      </trkpt>
      <trkpt lat="37.9721415" lon="-4.8188156">
        <ele>589</ele>
        <time>2026-08-18T17:47:38.682Z</time>
      </trkpt>
      <trkpt lat="37.9721356" lon="-4.8188334">
        <ele>589</ele>
        <time>2026-08-18T17:47:39.682Z</time>
      </trkpt>
      <trkpt lat="37.9721298" lon="-4.8188512">
        <ele>589</ele>
        <time>2026-08-18T17:47:40.682Z</time>
      </trkpt>
      <trkpt lat="37.9721215" lon="-4.8188663">
        <ele>589</ele>
        <time>2026-08-18T17:47:41.682Z</time>
      </trkpt>
      <trkpt lat="37.9721133" lon="-4.8188814">
        <ele>589</ele>
        <time>2026-08-18T17:47:42.682Z</time>
      </trkpt>
      <trkpt lat="37.9721046" lon="-4.8188949">
        <ele>589</ele>
        <time>2026-08-18T17:47:43.682Z</time>
      </trkpt>
      <trkpt lat="37.9720959" lon="-4.8189085">
        <ele>589</ele>
        <time>2026-08-18T17:47:44.682Z</time>
      </trkpt>
      <trkpt lat="37.9720887" lon="-4.8189224">
        <ele>589</ele>
        <time>2026-08-18T17:47:45.682Z</time>
      </trkpt>
      <trkpt lat="37.9720815" lon="-4.8189363">
        <ele>589</ele>
        <time>2026-08-18T17:47:46.682Z</time>
      </trkpt>
      <trkpt lat="37.9720752" lon="-4.8189494">
        <ele>589</ele>
        <time>2026-08-18T17:47:47.682Z</time>
      </trkpt>
      <trkpt lat="37.972069" lon="-4.8189625">
        <ele>589</ele>
        <time>2026-08-18T17:47:48.682Z</time>
      </trkpt>
      <trkpt lat="37.9720624" lon="-4.818976">
        <ele>589</ele>
        <time>2026-08-18T17:47:49.682Z</time>
      </trkpt>
      <trkpt lat="37.9720559" lon="-4.8189895">
        <ele>589</ele>
        <time>2026-08-18T17:47:50.682Z</time>
      </trkpt>
      <trkpt lat="37.9720506" lon="-4.8190028">
        <ele>589</ele>
        <time>2026-08-18T17:47:51.682Z</time>
      </trkpt>
      <trkpt lat="37.9720453" lon="-4.8190162">
        <ele>589</ele>
        <time>2026-08-18T17:47:52.682Z</time>
      </trkpt>
      <trkpt lat="37.9720404" lon="-4.8190291">
        <ele>589</ele>
        <time>2026-08-18T17:47:53.682Z</time>
      </trkpt>
      <trkpt lat="37.9720356" lon="-4.819042">
        <ele>589</ele>
        <time>2026-08-18T17:47:54.682Z</time>
      </trkpt>
      <trkpt lat="37.9720301" lon="-4.8190545">
        <ele>589</ele>
        <time>2026-08-18T17:47:55.682Z</time>
      </trkpt>
      <trkpt lat="37.9720246" lon="-4.8190671">
        <ele>588</ele>
        <time>2026-08-18T17:47:56.682Z</time>
      </trkpt>
      <trkpt lat="37.9720182" lon="-4.8190799">
        <ele>588</ele>
        <time>2026-08-18T17:47:57.682Z</time>
      </trkpt>
      <trkpt lat="37.9720118" lon="-4.8190927">
        <ele>588</ele>
        <time>2026-08-18T17:47:58.682Z</time>
      </trkpt>
      <trkpt lat="37.9720048" lon="-4.8191062">
        <ele>588</ele>
        <time>2026-08-18T17:47:59.682Z</time>
      </trkpt>
      <trkpt lat="37.9719978" lon="-4.8191197">
        <ele>588</ele>
        <time>2026-08-18T17:48:00.682Z</time>
      </trkpt>
      <trkpt lat="37.9719894" lon="-4.8191329">
        <ele>588</ele>
        <time>2026-08-18T17:48:01.682Z</time>
      </trkpt>
      <trkpt lat="37.971981" lon="-4.8191462">
        <ele>588</ele>
        <time>2026-08-18T17:48:02.682Z</time>
      </trkpt>
      <trkpt lat="37.9719714" lon="-4.81916">
        <ele>588</ele>
        <time>2026-08-18T17:48:03.682Z</time>
      </trkpt>
      <trkpt lat="37.9719619" lon="-4.8191738">
        <ele>587</ele>
        <time>2026-08-18T17:48:04.682Z</time>
      </trkpt>
      <trkpt lat="37.9719522" lon="-4.8191886">
        <ele>587</ele>
        <time>2026-08-18T17:48:05.682Z</time>
      </trkpt>
      <trkpt lat="37.9719425" lon="-4.8192034">
        <ele>587</ele>
        <time>2026-08-18T17:48:06.682Z</time>
      </trkpt>
      <trkpt lat="37.9719332" lon="-4.8192204">
        <ele>587</ele>
        <time>2026-08-18T17:48:07.682Z</time>
      </trkpt>
      <trkpt lat="37.9719239" lon="-4.8192375">
        <ele>587</ele>
        <time>2026-08-18T17:48:08.682Z</time>
      </trkpt>
      <trkpt lat="37.9719151" lon="-4.819254">
        <ele>587</ele>
        <time>2026-08-18T17:48:09.682Z</time>
      </trkpt>
      <trkpt lat="37.9719063" lon="-4.8192706">
        <ele>587</ele>
        <time>2026-08-18T17:48:10.682Z</time>
      </trkpt>
      <trkpt lat="37.9718967" lon="-4.8192861">
        <ele>587</ele>
        <time>2026-08-18T17:48:11.682Z</time>
      </trkpt>
      <trkpt lat="37.9718872" lon="-4.8193017">
        <ele>587</ele>
        <time>2026-08-18T17:48:12.682Z</time>
      </trkpt>
      <trkpt lat="37.9718779" lon="-4.8193154">
        <ele>587</ele>
        <time>2026-08-18T17:48:13.682Z</time>
      </trkpt>
      <trkpt lat="37.9718686" lon="-4.8193291">
        <ele>587</ele>
        <time>2026-08-18T17:48:14.682Z</time>
      </trkpt>
      <trkpt lat="37.9718605" lon="-4.8193406">
        <ele>587</ele>
        <time>2026-08-18T17:48:15.682Z</time>
      </trkpt>
      <trkpt lat="37.9718525" lon="-4.8193522">
        <ele>587</ele>
        <time>2026-08-18T17:48:16.682Z</time>
      </trkpt>
      <trkpt lat="37.9718488" lon="-4.8193579">
        <ele>587</ele>
        <time>2026-08-18T17:48:17.682Z</time>
      </trkpt>
      <trkpt lat="37.9718452" lon="-4.8193637">
        <ele>587</ele>
        <time>2026-08-18T17:48:18.682Z</time>
      </trkpt>
      <trkpt lat="37.9718399" lon="-4.8193743">
        <ele>587</ele>
        <time>2026-08-18T17:48:19.682Z</time>
      </trkpt>
      <trkpt lat="37.9718346" lon="-4.819385">
        <ele>586</ele>
        <time>2026-08-18T17:48:20.682Z</time>
      </trkpt>
      <trkpt lat="37.9718297" lon="-4.8193965">
        <ele>586</ele>
        <time>2026-08-18T17:48:21.682Z</time>
      </trkpt>
      <trkpt lat="37.9718249" lon="-4.819408">
        <ele>586</ele>
        <time>2026-08-18T17:48:22.682Z</time>
      </trkpt>
      <trkpt lat="37.9718195" lon="-4.8194199">
        <ele>586</ele>
        <time>2026-08-18T17:48:23.682Z</time>
      </trkpt>
      <trkpt lat="37.9718141" lon="-4.8194319">
        <ele>585</ele>
        <time>2026-08-18T17:48:24.682Z</time>
      </trkpt>
      <trkpt lat="37.9718084" lon="-4.8194458">
        <ele>585</ele>
        <time>2026-08-18T17:48:25.682Z</time>
      </trkpt>
      <trkpt lat="37.9718027" lon="-4.8194598">
        <ele>585</ele>
        <time>2026-08-18T17:48:26.682Z</time>
      </trkpt>
      <trkpt lat="37.9717983" lon="-4.8194749">
        <ele>585</ele>
        <time>2026-08-18T17:48:27.682Z</time>
      </trkpt>
      <trkpt lat="37.971794" lon="-4.81949">
        <ele>585</ele>
        <time>2026-08-18T17:48:28.682Z</time>
      </trkpt>
      <trkpt lat="37.9717909" lon="-4.8195063">
        <ele>585</ele>
        <time>2026-08-18T17:48:29.682Z</time>
      </trkpt>
      <trkpt lat="37.9717879" lon="-4.8195226">
        <ele>585</ele>
        <time>2026-08-18T17:48:30.682Z</time>
      </trkpt>
      <trkpt lat="37.9717862" lon="-4.8195392">
        <ele>586</ele>
        <time>2026-08-18T17:48:31.682Z</time>
      </trkpt>
      <trkpt lat="37.9717845" lon="-4.8195558">
        <ele>586</ele>
        <time>2026-08-18T17:48:32.682Z</time>
      </trkpt>
      <trkpt lat="37.9717847" lon="-4.8195729">
        <ele>586</ele>
        <time>2026-08-18T17:48:33.682Z</time>
      </trkpt>
      <trkpt lat="37.9717849" lon="-4.8195901">
        <ele>586</ele>
        <time>2026-08-18T17:48:34.682Z</time>
      </trkpt>
      <trkpt lat="37.9717861" lon="-4.8196076">
        <ele>586</ele>
        <time>2026-08-18T17:48:35.682Z</time>
      </trkpt>
      <trkpt lat="37.9717873" lon="-4.8196252">
        <ele>586</ele>
        <time>2026-08-18T17:48:36.682Z</time>
      </trkpt>
      <trkpt lat="37.971789" lon="-4.8196436">
        <ele>586</ele>
        <time>2026-08-18T17:48:37.682Z</time>
      </trkpt>
      <trkpt lat="37.9717907" lon="-4.819662">
        <ele>586</ele>
        <time>2026-08-18T17:48:38.682Z</time>
      </trkpt>
      <trkpt lat="37.9717946" lon="-4.8196805">
        <ele>586</ele>
        <time>2026-08-18T17:48:39.682Z</time>
      </trkpt>
      <trkpt lat="37.9717985" lon="-4.8196991">
        <ele>585</ele>
        <time>2026-08-18T17:48:40.682Z</time>
      </trkpt>
      <trkpt lat="37.9718053" lon="-4.8197146">
        <ele>585</ele>
        <time>2026-08-18T17:48:41.682Z</time>
      </trkpt>
      <trkpt lat="37.9718122" lon="-4.8197301">
        <ele>585</ele>
        <time>2026-08-18T17:48:42.682Z</time>
      </trkpt>
      <trkpt lat="37.9718194" lon="-4.819744">
        <ele>585</ele>
        <time>2026-08-18T17:48:43.682Z</time>
      </trkpt>
      <trkpt lat="37.9718266" lon="-4.8197579">
        <ele>584</ele>
        <time>2026-08-18T17:48:44.682Z</time>
      </trkpt>
      <trkpt lat="37.9718342" lon="-4.8197699">
        <ele>584</ele>
        <time>2026-08-18T17:48:45.682Z</time>
      </trkpt>
      <trkpt lat="37.9718418" lon="-4.8197819">
        <ele>584</ele>
        <time>2026-08-18T17:48:46.682Z</time>
      </trkpt>
      <trkpt lat="37.9718506" lon="-4.8197923">
        <ele>584</ele>
        <time>2026-08-18T17:48:47.682Z</time>
      </trkpt>
      <trkpt lat="37.9718595" lon="-4.8198028">
        <ele>583</ele>
        <time>2026-08-18T17:48:48.682Z</time>
      </trkpt>
      <trkpt lat="37.9718685" lon="-4.8198128">
        <ele>583</ele>
        <time>2026-08-18T17:48:49.682Z</time>
      </trkpt>
      <trkpt lat="37.9718775" lon="-4.8198229">
        <ele>583</ele>
        <time>2026-08-18T17:48:50.682Z</time>
      </trkpt>
      <trkpt lat="37.971886" lon="-4.8198321">
        <ele>583</ele>
        <time>2026-08-18T17:48:51.682Z</time>
      </trkpt>
      <trkpt lat="37.9718946" lon="-4.8198414">
        <ele>583</ele>
        <time>2026-08-18T17:48:52.682Z</time>
      </trkpt>
      <trkpt lat="37.971904" lon="-4.8198479">
        <ele>583</ele>
        <time>2026-08-18T17:48:53.682Z</time>
      </trkpt>
      <trkpt lat="37.9719135" lon="-4.8198544">
        <ele>583</ele>
        <time>2026-08-18T17:48:54.682Z</time>
      </trkpt>
      <trkpt lat="37.9719234" lon="-4.8198602">
        <ele>583</ele>
        <time>2026-08-18T17:48:55.682Z</time>
      </trkpt>
      <trkpt lat="37.9719333" lon="-4.8198661">
        <ele>583</ele>
        <time>2026-08-18T17:48:56.682Z</time>
      </trkpt>
      <trkpt lat="37.9719433" lon="-4.8198711">
        <ele>583</ele>
        <time>2026-08-18T17:48:57.682Z</time>
      </trkpt>
      <trkpt lat="37.9719533" lon="-4.8198761">
        <ele>583</ele>
        <time>2026-08-18T17:48:58.682Z</time>
      </trkpt>
      <trkpt lat="37.9719643" lon="-4.8198807">
        <ele>583</ele>
        <time>2026-08-18T17:48:59.682Z</time>
      </trkpt>
      <trkpt lat="37.9719754" lon="-4.8198853">
        <ele>582</ele>
        <time>2026-08-18T17:49:00.682Z</time>
      </trkpt>
      <trkpt lat="37.9719887" lon="-4.819891">
        <ele>582</ele>
        <time>2026-08-18T17:49:01.682Z</time>
      </trkpt>
      <trkpt lat="37.9720021" lon="-4.8198967">
        <ele>582</ele>
        <time>2026-08-18T17:49:02.682Z</time>
      </trkpt>
      <trkpt lat="37.9720154" lon="-4.8199039">
        <ele>582</ele>
        <time>2026-08-18T17:49:03.682Z</time>
      </trkpt>
      <trkpt lat="37.9720287" lon="-4.8199112">
        <ele>581</ele>
        <time>2026-08-18T17:49:04.682Z</time>
      </trkpt>
      <trkpt lat="37.9720419" lon="-4.8199189">
        <ele>581</ele>
        <time>2026-08-18T17:49:05.682Z</time>
      </trkpt>
      <trkpt lat="37.9720552" lon="-4.8199266">
        <ele>581</ele>
        <time>2026-08-18T17:49:06.682Z</time>
      </trkpt>
      <trkpt lat="37.9720677" lon="-4.8199346">
        <ele>581</ele>
        <time>2026-08-18T17:49:07.682Z</time>
      </trkpt>
      <trkpt lat="37.9720802" lon="-4.8199427">
        <ele>581</ele>
        <time>2026-08-18T17:49:08.682Z</time>
      </trkpt>
      <trkpt lat="37.9720928" lon="-4.8199513">
        <ele>581</ele>
        <time>2026-08-18T17:49:09.682Z</time>
      </trkpt>
      <trkpt lat="37.9721054" lon="-4.8199599">
        <ele>581</ele>
        <time>2026-08-18T17:49:10.682Z</time>
      </trkpt>
      <trkpt lat="37.9721182" lon="-4.8199681">
        <ele>581</ele>
        <time>2026-08-18T17:49:11.682Z</time>
      </trkpt>
      <trkpt lat="37.972131" lon="-4.8199764">
        <ele>581</ele>
        <time>2026-08-18T17:49:12.682Z</time>
      </trkpt>
      <trkpt lat="37.9721427" lon="-4.8199854">
        <ele>581</ele>
        <time>2026-08-18T17:49:13.682Z</time>
      </trkpt>
      <trkpt lat="37.9721545" lon="-4.8199945">
        <ele>581</ele>
        <time>2026-08-18T17:49:14.682Z</time>
      </trkpt>
      <trkpt lat="37.9721654" lon="-4.8200044">
        <ele>581</ele>
        <time>2026-08-18T17:49:15.682Z</time>
      </trkpt>
      <trkpt lat="37.9721764" lon="-4.8200144">
        <ele>581</ele>
        <time>2026-08-18T17:49:16.682Z</time>
      </trkpt>
      <trkpt lat="37.9721866" lon="-4.820025">
        <ele>581</ele>
        <time>2026-08-18T17:49:17.682Z</time>
      </trkpt>
      <trkpt lat="37.9721968" lon="-4.8200357">
        <ele>581</ele>
        <time>2026-08-18T17:49:18.682Z</time>
      </trkpt>
      <trkpt lat="37.9722055" lon="-4.8200475">
        <ele>581</ele>
        <time>2026-08-18T17:49:19.682Z</time>
      </trkpt>
      <trkpt lat="37.9722142" lon="-4.8200593">
        <ele>581</ele>
        <time>2026-08-18T17:49:20.682Z</time>
      </trkpt>
      <trkpt lat="37.9722221" lon="-4.8200717">
        <ele>581</ele>
        <time>2026-08-18T17:49:21.682Z</time>
      </trkpt>
      <trkpt lat="37.97223" lon="-4.8200841">
        <ele>581</ele>
        <time>2026-08-18T17:49:22.682Z</time>
      </trkpt>
      <trkpt lat="37.9722379" lon="-4.8200947">
        <ele>581</ele>
        <time>2026-08-18T17:49:23.682Z</time>
      </trkpt>
      <trkpt lat="37.9722458" lon="-4.8201053">
        <ele>580</ele>
        <time>2026-08-18T17:49:24.682Z</time>
      </trkpt>
      <trkpt lat="37.9722544" lon="-4.8201145">
        <ele>580</ele>
        <time>2026-08-18T17:49:25.682Z</time>
      </trkpt>
      <trkpt lat="37.972263" lon="-4.8201237">
        <ele>580</ele>
        <time>2026-08-18T17:49:26.682Z</time>
      </trkpt>
      <trkpt lat="37.9722709" lon="-4.8201293">
        <ele>580</ele>
        <time>2026-08-18T17:49:27.682Z</time>
      </trkpt>
      <trkpt lat="37.9722788" lon="-4.820135">
        <ele>579</ele>
        <time>2026-08-18T17:49:28.682Z</time>
      </trkpt>
      <trkpt lat="37.9722823" lon="-4.8201391">
        <ele>579</ele>
        <time>2026-08-18T17:49:29.682Z</time>
      </trkpt>
      <trkpt lat="37.9722858" lon="-4.8201433">
        <ele>579</ele>
        <time>2026-08-18T17:49:30.682Z</time>
      </trkpt>
      <trkpt lat="37.9722886" lon="-4.820148">
        <ele>579</ele>
        <time>2026-08-18T17:49:31.682Z</time>
      </trkpt>
      <trkpt lat="37.9722914" lon="-4.8201528">
        <ele>578</ele>
        <time>2026-08-18T17:49:32.682Z</time>
      </trkpt>
      <trkpt lat="37.9722967" lon="-4.8201598">
        <ele>578</ele>
        <time>2026-08-18T17:49:33.682Z</time>
      </trkpt>
      <trkpt lat="37.9723021" lon="-4.8201669">
        <ele>578</ele>
        <time>2026-08-18T17:49:34.682Z</time>
      </trkpt>
      <trkpt lat="37.97231" lon="-4.8201773">
        <ele>578</ele>
        <time>2026-08-18T17:49:35.682Z</time>
      </trkpt>
      <trkpt lat="37.9723179" lon="-4.8201878">
        <ele>578</ele>
        <time>2026-08-18T17:49:36.682Z</time>
      </trkpt>
      <trkpt lat="37.9723267" lon="-4.8201998">
        <ele>578</ele>
        <time>2026-08-18T17:49:37.682Z</time>
      </trkpt>
      <trkpt lat="37.9723356" lon="-4.8202119">
        <ele>578</ele>
        <time>2026-08-18T17:49:38.682Z</time>
      </trkpt>
      <trkpt lat="37.9723437" lon="-4.8202243">
        <ele>578</ele>
        <time>2026-08-18T17:49:39.682Z</time>
      </trkpt>
      <trkpt lat="37.9723518" lon="-4.8202367">
        <ele>578</ele>
        <time>2026-08-18T17:49:40.682Z</time>
      </trkpt>
      <trkpt lat="37.9723581" lon="-4.8202497">
        <ele>578</ele>
        <time>2026-08-18T17:49:41.682Z</time>
      </trkpt>
      <trkpt lat="37.9723644" lon="-4.8202627">
        <ele>578</ele>
        <time>2026-08-18T17:49:42.682Z</time>
      </trkpt>
      <trkpt lat="37.9723677" lon="-4.820276">
        <ele>578</ele>
        <time>2026-08-18T17:49:43.682Z</time>
      </trkpt>
      <trkpt lat="37.972371" lon="-4.8202894">
        <ele>578</ele>
        <time>2026-08-18T17:49:44.682Z</time>
      </trkpt>
      <trkpt lat="37.9723729" lon="-4.8203025">
        <ele>578</ele>
        <time>2026-08-18T17:49:45.682Z</time>
      </trkpt>
      <trkpt lat="37.9723749" lon="-4.8203156">
        <ele>578</ele>
        <time>2026-08-18T17:49:46.682Z</time>
      </trkpt>
      <trkpt lat="37.9723755" lon="-4.8203296">
        <ele>578</ele>
        <time>2026-08-18T17:49:47.682Z</time>
      </trkpt>
      <trkpt lat="37.9723762" lon="-4.8203436">
        <ele>578</ele>
        <time>2026-08-18T17:49:48.682Z</time>
      </trkpt>
      <trkpt lat="37.9723763" lon="-4.8203593">
        <ele>578</ele>
        <time>2026-08-18T17:49:49.682Z</time>
      </trkpt>
      <trkpt lat="37.9723765" lon="-4.8203751">
        <ele>578</ele>
        <time>2026-08-18T17:49:50.682Z</time>
      </trkpt>
      <trkpt lat="37.9723763" lon="-4.8203929">
        <ele>578</ele>
        <time>2026-08-18T17:49:51.682Z</time>
      </trkpt>
      <trkpt lat="37.9723761" lon="-4.8204107">
        <ele>578</ele>
        <time>2026-08-18T17:49:52.682Z</time>
      </trkpt>
      <trkpt lat="37.972375" lon="-4.8204289">
        <ele>578</ele>
        <time>2026-08-18T17:49:53.682Z</time>
      </trkpt>
      <trkpt lat="37.9723739" lon="-4.8204471">
        <ele>578</ele>
        <time>2026-08-18T17:49:54.682Z</time>
      </trkpt>
      <trkpt lat="37.9723727" lon="-4.8204648">
        <ele>579</ele>
        <time>2026-08-18T17:49:55.682Z</time>
      </trkpt>
      <trkpt lat="37.9723715" lon="-4.8204825">
        <ele>579</ele>
        <time>2026-08-18T17:49:56.682Z</time>
      </trkpt>
      <trkpt lat="37.9723698" lon="-4.8205">
        <ele>579</ele>
        <time>2026-08-18T17:49:57.682Z</time>
      </trkpt>
      <trkpt lat="37.9723681" lon="-4.8205176">
        <ele>579</ele>
        <time>2026-08-18T17:49:58.682Z</time>
      </trkpt>
      <trkpt lat="37.9723664" lon="-4.8205357">
        <ele>579</ele>
        <time>2026-08-18T17:49:59.682Z</time>
      </trkpt>
      <trkpt lat="37.9723647" lon="-4.8205538">
        <ele>579</ele>
        <time>2026-08-18T17:50:00.682Z</time>
      </trkpt>
      <trkpt lat="37.9723625" lon="-4.8205713">
        <ele>579</ele>
        <time>2026-08-18T17:50:01.682Z</time>
      </trkpt>
      <trkpt lat="37.9723604" lon="-4.8205889">
        <ele>579</ele>
        <time>2026-08-18T17:50:02.682Z</time>
      </trkpt>
      <trkpt lat="37.9723571" lon="-4.8206049">
        <ele>579</ele>
        <time>2026-08-18T17:50:03.682Z</time>
      </trkpt>
      <trkpt lat="37.9723539" lon="-4.8206209">
        <ele>578</ele>
        <time>2026-08-18T17:50:04.682Z</time>
      </trkpt>
      <trkpt lat="37.9723494" lon="-4.8206368">
        <ele>578</ele>
        <time>2026-08-18T17:50:05.682Z</time>
      </trkpt>
      <trkpt lat="37.9723449" lon="-4.8206527">
        <ele>578</ele>
        <time>2026-08-18T17:50:06.682Z</time>
      </trkpt>
      <trkpt lat="37.9723392" lon="-4.8206679">
        <ele>578</ele>
        <time>2026-08-18T17:50:07.682Z</time>
      </trkpt>
      <trkpt lat="37.9723335" lon="-4.8206831">
        <ele>578</ele>
        <time>2026-08-18T17:50:08.682Z</time>
      </trkpt>
      <trkpt lat="37.9723259" lon="-4.8206974">
        <ele>578</ele>
        <time>2026-08-18T17:50:09.682Z</time>
      </trkpt>
      <trkpt lat="37.9723184" lon="-4.8207118">
        <ele>578</ele>
        <time>2026-08-18T17:50:10.682Z</time>
      </trkpt>
      <trkpt lat="37.9723104" lon="-4.8207245">
        <ele>579</ele>
        <time>2026-08-18T17:50:11.682Z</time>
      </trkpt>
      <trkpt lat="37.9723024" lon="-4.8207373">
        <ele>578</ele>
        <time>2026-08-18T17:50:12.682Z</time>
      </trkpt>
      <trkpt lat="37.9722954" lon="-4.8207496">
        <ele>578</ele>
        <time>2026-08-18T17:50:13.682Z</time>
      </trkpt>
      <trkpt lat="37.9722885" lon="-4.820762">
        <ele>578</ele>
        <time>2026-08-18T17:50:14.682Z</time>
      </trkpt>
      <trkpt lat="37.9722819" lon="-4.8207735">
        <ele>578</ele>
        <time>2026-08-18T17:50:15.682Z</time>
      </trkpt>
      <trkpt lat="37.9722753" lon="-4.8207851">
        <ele>578</ele>
        <time>2026-08-18T17:50:16.682Z</time>
      </trkpt>
      <trkpt lat="37.9722669" lon="-4.8207959">
        <ele>578</ele>
        <time>2026-08-18T17:50:17.682Z</time>
      </trkpt>
      <trkpt lat="37.9722585" lon="-4.8208068">
        <ele>578</ele>
        <time>2026-08-18T17:50:18.682Z</time>
      </trkpt>
      <trkpt lat="37.9722487" lon="-4.8208149">
        <ele>578</ele>
        <time>2026-08-18T17:50:19.682Z</time>
      </trkpt>
      <trkpt lat="37.972239" lon="-4.8208231">
        <ele>578</ele>
        <time>2026-08-18T17:50:20.682Z</time>
      </trkpt>
      <trkpt lat="37.9722285" lon="-4.8208284">
        <ele>578</ele>
        <time>2026-08-18T17:50:21.682Z</time>
      </trkpt>
      <trkpt lat="37.9722181" lon="-4.8208338">
        <ele>578</ele>
        <time>2026-08-18T17:50:22.682Z</time>
      </trkpt>
      <trkpt lat="37.9722077" lon="-4.8208382">
        <ele>578</ele>
        <time>2026-08-18T17:50:23.682Z</time>
      </trkpt>
      <trkpt lat="37.9721974" lon="-4.8208427">
        <ele>578</ele>
        <time>2026-08-18T17:50:24.682Z</time>
      </trkpt>
      <trkpt lat="37.9721865" lon="-4.8208464">
        <ele>578</ele>
        <time>2026-08-18T17:50:25.682Z</time>
      </trkpt>
      <trkpt lat="37.9721757" lon="-4.8208501">
        <ele>578</ele>
        <time>2026-08-18T17:50:26.682Z</time>
      </trkpt>
      <trkpt lat="37.9721649" lon="-4.8208533">
        <ele>578</ele>
        <time>2026-08-18T17:50:27.682Z</time>
      </trkpt>
      <trkpt lat="37.9721541" lon="-4.8208566">
        <ele>577</ele>
        <time>2026-08-18T17:50:28.682Z</time>
      </trkpt>
      <trkpt lat="37.9721433" lon="-4.8208566">
        <ele>577</ele>
        <time>2026-08-18T17:50:29.682Z</time>
      </trkpt>
      <trkpt lat="37.9721325" lon="-4.8208566">
        <ele>577</ele>
        <time>2026-08-18T17:50:30.682Z</time>
      </trkpt>
      <trkpt lat="37.9721231" lon="-4.8208578">
        <ele>577</ele>
        <time>2026-08-18T17:50:31.682Z</time>
      </trkpt>
      <trkpt lat="37.9721138" lon="-4.820859">
        <ele>576</ele>
        <time>2026-08-18T17:50:32.682Z</time>
      </trkpt>
      <trkpt lat="37.9721059" lon="-4.8208615">
        <ele>576</ele>
        <time>2026-08-18T17:50:33.682Z</time>
      </trkpt>
      <trkpt lat="37.972098" lon="-4.8208641">
        <ele>576</ele>
        <time>2026-08-18T17:50:34.682Z</time>
      </trkpt>
      <trkpt lat="37.9720894" lon="-4.8208646">
        <ele>576</ele>
        <time>2026-08-18T17:50:35.682Z</time>
      </trkpt>
      <trkpt lat="37.9720808" lon="-4.8208652">
        <ele>576</ele>
        <time>2026-08-18T17:50:36.682Z</time>
      </trkpt>
      <trkpt lat="37.9720708" lon="-4.8208639">
        <ele>576</ele>
        <time>2026-08-18T17:50:37.682Z</time>
      </trkpt>
      <trkpt lat="37.9720609" lon="-4.8208627">
        <ele>576</ele>
        <time>2026-08-18T17:50:38.682Z</time>
      </trkpt>
      <trkpt lat="37.97205" lon="-4.8208599">
        <ele>576</ele>
        <time>2026-08-18T17:50:39.682Z</time>
      </trkpt>
      <trkpt lat="37.9720391" lon="-4.8208571">
        <ele>576</ele>
        <time>2026-08-18T17:50:40.682Z</time>
      </trkpt>
      <trkpt lat="37.9720273" lon="-4.8208557">
        <ele>576</ele>
        <time>2026-08-18T17:50:41.682Z</time>
      </trkpt>
      <trkpt lat="37.9720156" lon="-4.8208544">
        <ele>576</ele>
        <time>2026-08-18T17:50:42.682Z</time>
      </trkpt>
      <trkpt lat="37.9720037" lon="-4.8208563">
        <ele>576</ele>
        <time>2026-08-18T17:50:43.682Z</time>
      </trkpt>
      <trkpt lat="37.9719919" lon="-4.8208583">
        <ele>575</ele>
        <time>2026-08-18T17:50:44.682Z</time>
      </trkpt>
      <trkpt lat="37.9719814" lon="-4.8208623">
        <ele>575</ele>
        <time>2026-08-18T17:50:45.682Z</time>
      </trkpt>
      <trkpt lat="37.9719709" lon="-4.8208663">
        <ele>575</ele>
        <time>2026-08-18T17:50:46.682Z</time>
      </trkpt>
      <trkpt lat="37.9719602" lon="-4.8208688">
        <ele>575</ele>
        <time>2026-08-18T17:50:47.682Z</time>
      </trkpt>
      <trkpt lat="37.9719495" lon="-4.8208714">
        <ele>574</ele>
        <time>2026-08-18T17:50:48.682Z</time>
      </trkpt>
      <trkpt lat="37.9719382" lon="-4.8208703">
        <ele>574</ele>
        <time>2026-08-18T17:50:49.682Z</time>
      </trkpt>
      <trkpt lat="37.971927" lon="-4.8208693">
        <ele>574</ele>
        <time>2026-08-18T17:50:50.682Z</time>
      </trkpt>
      <trkpt lat="37.9719162" lon="-4.8208688">
        <ele>574</ele>
        <time>2026-08-18T17:50:51.682Z</time>
      </trkpt>
      <trkpt lat="37.9719054" lon="-4.8208684">
        <ele>574</ele>
        <time>2026-08-18T17:50:52.682Z</time>
      </trkpt>
      <trkpt lat="37.9718949" lon="-4.8208705">
        <ele>574</ele>
        <time>2026-08-18T17:50:53.682Z</time>
      </trkpt>
      <trkpt lat="37.9718844" lon="-4.8208727">
        <ele>574</ele>
        <time>2026-08-18T17:50:54.682Z</time>
      </trkpt>
      <trkpt lat="37.9718737" lon="-4.8208753">
        <ele>574</ele>
        <time>2026-08-18T17:50:55.682Z</time>
      </trkpt>
      <trkpt lat="37.9718631" lon="-4.820878">
        <ele>574</ele>
        <time>2026-08-18T17:50:56.682Z</time>
      </trkpt>
      <trkpt lat="37.9718506" lon="-4.820879">
        <ele>574</ele>
        <time>2026-08-18T17:50:57.682Z</time>
      </trkpt>
      <trkpt lat="37.9718382" lon="-4.82088">
        <ele>574</ele>
        <time>2026-08-18T17:50:58.682Z</time>
      </trkpt>
      <trkpt lat="37.9718239" lon="-4.8208838">
        <ele>574</ele>
        <time>2026-08-18T17:50:59.682Z</time>
      </trkpt>
      <trkpt lat="37.9718096" lon="-4.8208876">
        <ele>574</ele>
        <time>2026-08-18T17:51:00.682Z</time>
      </trkpt>
      <trkpt lat="37.9717955" lon="-4.8208921">
        <ele>574</ele>
        <time>2026-08-18T17:51:01.682Z</time>
      </trkpt>
      <trkpt lat="37.9717815" lon="-4.8208967">
        <ele>574</ele>
        <time>2026-08-18T17:51:02.682Z</time>
      </trkpt>
      <trkpt lat="37.971768" lon="-4.8208989">
        <ele>574</ele>
        <time>2026-08-18T17:51:03.682Z</time>
      </trkpt>
      <trkpt lat="37.9717546" lon="-4.8209012">
        <ele>573</ele>
        <time>2026-08-18T17:51:04.682Z</time>
      </trkpt>
      <trkpt lat="37.9717415" lon="-4.8209024">
        <ele>573</ele>
        <time>2026-08-18T17:51:05.682Z</time>
      </trkpt>
      <trkpt lat="37.9717284" lon="-4.8209037">
        <ele>573</ele>
        <time>2026-08-18T17:51:06.682Z</time>
      </trkpt>
      <trkpt lat="37.9717156" lon="-4.8209058">
        <ele>573</ele>
        <time>2026-08-18T17:51:07.682Z</time>
      </trkpt>
      <trkpt lat="37.9717029" lon="-4.8209079">
        <ele>573</ele>
        <time>2026-08-18T17:51:08.682Z</time>
      </trkpt>
      <trkpt lat="37.9716911" lon="-4.8209112">
        <ele>573</ele>
        <time>2026-08-18T17:51:09.682Z</time>
      </trkpt>
      <trkpt lat="37.9716794" lon="-4.8209145">
        <ele>573</ele>
        <time>2026-08-18T17:51:10.682Z</time>
      </trkpt>
      <trkpt lat="37.9716692" lon="-4.8209194">
        <ele>573</ele>
        <time>2026-08-18T17:51:11.682Z</time>
      </trkpt>
      <trkpt lat="37.971659" lon="-4.8209244">
        <ele>572</ele>
        <time>2026-08-18T17:51:12.682Z</time>
      </trkpt>
      <trkpt lat="37.9716496" lon="-4.8209325">
        <ele>572</ele>
        <time>2026-08-18T17:51:13.682Z</time>
      </trkpt>
      <trkpt lat="37.9716403" lon="-4.8209407">
        <ele>572</ele>
        <time>2026-08-18T17:51:14.682Z</time>
      </trkpt>
      <trkpt lat="37.97163" lon="-4.8209504">
        <ele>572</ele>
        <time>2026-08-18T17:51:15.682Z</time>
      </trkpt>
      <trkpt lat="37.9716198" lon="-4.8209602">
        <ele>571</ele>
        <time>2026-08-18T17:51:16.682Z</time>
      </trkpt>
      <trkpt lat="37.9716102" lon="-4.8209687">
        <ele>571</ele>
        <time>2026-08-18T17:51:17.682Z</time>
      </trkpt>
      <trkpt lat="37.9716006" lon="-4.8209772">
        <ele>571</ele>
        <time>2026-08-18T17:51:18.682Z</time>
      </trkpt>
      <trkpt lat="37.9715915" lon="-4.8209831">
        <ele>571</ele>
        <time>2026-08-18T17:51:19.682Z</time>
      </trkpt>
      <trkpt lat="37.9715825" lon="-4.8209891">
        <ele>571</ele>
        <time>2026-08-18T17:51:20.682Z</time>
      </trkpt>
      <trkpt lat="37.9715731" lon="-4.8209937">
        <ele>571</ele>
        <time>2026-08-18T17:51:21.682Z</time>
      </trkpt>
      <trkpt lat="37.9715637" lon="-4.8209983">
        <ele>571</ele>
        <time>2026-08-18T17:51:22.682Z</time>
      </trkpt>
      <trkpt lat="37.971554" lon="-4.8210041">
        <ele>571</ele>
        <time>2026-08-18T17:51:23.682Z</time>
      </trkpt>
      <trkpt lat="37.9715444" lon="-4.82101">
        <ele>571</ele>
        <time>2026-08-18T17:51:24.682Z</time>
      </trkpt>
      <trkpt lat="37.9715347" lon="-4.8210179">
        <ele>571</ele>
        <time>2026-08-18T17:51:25.682Z</time>
      </trkpt>
      <trkpt lat="37.971525" lon="-4.8210258">
        <ele>571</ele>
        <time>2026-08-18T17:51:26.682Z</time>
      </trkpt>
      <trkpt lat="37.9715151" lon="-4.8210341">
        <ele>571</ele>
        <time>2026-08-18T17:51:27.682Z</time>
      </trkpt>
      <trkpt lat="37.9715052" lon="-4.8210425">
        <ele>571</ele>
        <time>2026-08-18T17:51:28.682Z</time>
      </trkpt>
      <trkpt lat="37.971494" lon="-4.8210528">
        <ele>571</ele>
        <time>2026-08-18T17:51:29.682Z</time>
      </trkpt>
      <trkpt lat="37.9714829" lon="-4.8210632">
        <ele>571</ele>
        <time>2026-08-18T17:51:30.682Z</time>
      </trkpt>
      <trkpt lat="37.9714708" lon="-4.8210743">
        <ele>571</ele>
        <time>2026-08-18T17:51:31.682Z</time>
      </trkpt>
      <trkpt lat="37.9714588" lon="-4.8210854">
        <ele>571</ele>
        <time>2026-08-18T17:51:32.682Z</time>
      </trkpt>
      <trkpt lat="37.9714456" lon="-4.8210969">
        <ele>571</ele>
        <time>2026-08-18T17:51:33.682Z</time>
      </trkpt>
      <trkpt lat="37.9714324" lon="-4.8211084">
        <ele>571</ele>
        <time>2026-08-18T17:51:34.682Z</time>
      </trkpt>
      <trkpt lat="37.9714197" lon="-4.8211192">
        <ele>571</ele>
        <time>2026-08-18T17:51:35.682Z</time>
      </trkpt>
      <trkpt lat="37.9714071" lon="-4.82113">
        <ele>570</ele>
        <time>2026-08-18T17:51:36.682Z</time>
      </trkpt>
      <trkpt lat="37.9713958" lon="-4.8211385">
        <ele>570</ele>
        <time>2026-08-18T17:51:37.682Z</time>
      </trkpt>
      <trkpt lat="37.9713846" lon="-4.821147">
        <ele>570</ele>
        <time>2026-08-18T17:51:38.682Z</time>
      </trkpt>
      <trkpt lat="37.9713761" lon="-4.8211542">
        <ele>570</ele>
        <time>2026-08-18T17:51:39.682Z</time>
      </trkpt>
      <trkpt lat="37.9713676" lon="-4.8211614">
        <ele>569</ele>
        <time>2026-08-18T17:51:40.682Z</time>
      </trkpt>
      <trkpt lat="37.9713607" lon="-4.8211694">
        <ele>569</ele>
        <time>2026-08-18T17:51:41.682Z</time>
      </trkpt>
      <trkpt lat="37.9713539" lon="-4.8211775">
        <ele>569</ele>
        <time>2026-08-18T17:51:42.682Z</time>
      </trkpt>
      <trkpt lat="37.9713469" lon="-4.8211882">
        <ele>569</ele>
        <time>2026-08-18T17:51:43.682Z</time>
      </trkpt>
      <trkpt lat="37.9713399" lon="-4.821199">
        <ele>569</ele>
        <time>2026-08-18T17:51:44.682Z</time>
      </trkpt>
      <trkpt lat="37.9713313" lon="-4.8212109">
        <ele>569</ele>
        <time>2026-08-18T17:51:45.682Z</time>
      </trkpt>
      <trkpt lat="37.9713228" lon="-4.8212228">
        <ele>569</ele>
        <time>2026-08-18T17:51:46.682Z</time>
      </trkpt>
      <trkpt lat="37.9713127" lon="-4.8212342">
        <ele>569</ele>
        <time>2026-08-18T17:51:47.682Z</time>
      </trkpt>
      <trkpt lat="37.9713026" lon="-4.8212456">
        <ele>568</ele>
        <time>2026-08-18T17:51:48.682Z</time>
      </trkpt>
      <trkpt lat="37.9712919" lon="-4.8212546">
        <ele>568</ele>
        <time>2026-08-18T17:51:49.682Z</time>
      </trkpt>
      <trkpt lat="37.9712812" lon="-4.8212637">
        <ele>568</ele>
        <time>2026-08-18T17:51:50.682Z</time>
      </trkpt>
      <trkpt lat="37.9712694" lon="-4.8212696">
        <ele>568</ele>
        <time>2026-08-18T17:51:51.682Z</time>
      </trkpt>
      <trkpt lat="37.9712577" lon="-4.8212756">
        <ele>568</ele>
        <time>2026-08-18T17:51:52.682Z</time>
      </trkpt>
      <trkpt lat="37.9712462" lon="-4.8212788">
        <ele>568</ele>
        <time>2026-08-18T17:51:53.682Z</time>
      </trkpt>
      <trkpt lat="37.9712348" lon="-4.8212821">
        <ele>568</ele>
        <time>2026-08-18T17:51:54.682Z</time>
      </trkpt>
      <trkpt lat="37.9712236" lon="-4.8212836">
        <ele>568</ele>
        <time>2026-08-18T17:51:55.682Z</time>
      </trkpt>
      <trkpt lat="37.9712124" lon="-4.8212852">
        <ele>568</ele>
        <time>2026-08-18T17:51:56.682Z</time>
      </trkpt>
      <trkpt lat="37.9712001" lon="-4.8212852">
        <ele>568</ele>
        <time>2026-08-18T17:51:57.682Z</time>
      </trkpt>
      <trkpt lat="37.9711879" lon="-4.8212852">
        <ele>568</ele>
        <time>2026-08-18T17:51:58.682Z</time>
      </trkpt>
      <trkpt lat="37.9711751" lon="-4.8212863">
        <ele>568</ele>
        <time>2026-08-18T17:51:59.682Z</time>
      </trkpt>
      <trkpt lat="37.9711623" lon="-4.8212875">
        <ele>568</ele>
        <time>2026-08-18T17:52:00.682Z</time>
      </trkpt>
      <trkpt lat="37.9711492" lon="-4.8212917">
        <ele>568</ele>
        <time>2026-08-18T17:52:01.682Z</time>
      </trkpt>
      <trkpt lat="37.9711361" lon="-4.821296">
        <ele>568</ele>
        <time>2026-08-18T17:52:02.682Z</time>
      </trkpt>
      <trkpt lat="37.9711223" lon="-4.8213008">
        <ele>568</ele>
        <time>2026-08-18T17:52:03.682Z</time>
      </trkpt>
      <trkpt lat="37.9711086" lon="-4.8213057">
        <ele>568</ele>
        <time>2026-08-18T17:52:04.682Z</time>
      </trkpt>
      <trkpt lat="37.9710944" lon="-4.821309">
        <ele>568</ele>
        <time>2026-08-18T17:52:05.682Z</time>
      </trkpt>
      <trkpt lat="37.9710803" lon="-4.8213124">
        <ele>568</ele>
        <time>2026-08-18T17:52:06.682Z</time>
      </trkpt>
      <trkpt lat="37.9710657" lon="-4.8213149">
        <ele>568</ele>
        <time>2026-08-18T17:52:07.682Z</time>
      </trkpt>
      <trkpt lat="37.9710511" lon="-4.8213175">
        <ele>568</ele>
        <time>2026-08-18T17:52:08.682Z</time>
      </trkpt>
      <trkpt lat="37.971036" lon="-4.8213206">
        <ele>568</ele>
        <time>2026-08-18T17:52:09.682Z</time>
      </trkpt>
      <trkpt lat="37.971021" lon="-4.8213238">
        <ele>568</ele>
        <time>2026-08-18T17:52:10.682Z</time>
      </trkpt>
      <trkpt lat="37.9710066" lon="-4.8213284">
        <ele>568</ele>
        <time>2026-08-18T17:52:11.682Z</time>
      </trkpt>
      <trkpt lat="37.9709923" lon="-4.821333">
        <ele>567</ele>
        <time>2026-08-18T17:52:12.682Z</time>
      </trkpt>
      <trkpt lat="37.9709794" lon="-4.8213376">
        <ele>567</ele>
        <time>2026-08-18T17:52:13.682Z</time>
      </trkpt>
      <trkpt lat="37.9709665" lon="-4.8213423">
        <ele>567</ele>
        <time>2026-08-18T17:52:14.682Z</time>
      </trkpt>
      <trkpt lat="37.9709543" lon="-4.8213475">
        <ele>567</ele>
        <time>2026-08-18T17:52:15.682Z</time>
      </trkpt>
      <trkpt lat="37.9709421" lon="-4.8213527">
        <ele>567</ele>
        <time>2026-08-18T17:52:16.682Z</time>
      </trkpt>
      <trkpt lat="37.9709303" lon="-4.821358">
        <ele>567</ele>
        <time>2026-08-18T17:52:17.682Z</time>
      </trkpt>
      <trkpt lat="37.9709186" lon="-4.8213633">
        <ele>567</ele>
        <time>2026-08-18T17:52:18.682Z</time>
      </trkpt>
      <trkpt lat="37.9709074" lon="-4.8213677">
        <ele>567</ele>
        <time>2026-08-18T17:52:19.682Z</time>
      </trkpt>
      <trkpt lat="37.9708962" lon="-4.8213722">
        <ele>567</ele>
        <time>2026-08-18T17:52:20.682Z</time>
      </trkpt>
      <trkpt lat="37.9708851" lon="-4.8213772">
        <ele>567</ele>
        <time>2026-08-18T17:52:21.682Z</time>
      </trkpt>
      <trkpt lat="37.9708741" lon="-4.8213822">
        <ele>567</ele>
        <time>2026-08-18T17:52:22.682Z</time>
      </trkpt>
      <trkpt lat="37.9708636" lon="-4.8213894">
        <ele>568</ele>
        <time>2026-08-18T17:52:23.682Z</time>
      </trkpt>
      <trkpt lat="37.9708531" lon="-4.8213967">
        <ele>568</ele>
        <time>2026-08-18T17:52:24.682Z</time>
      </trkpt>
      <trkpt lat="37.9708431" lon="-4.8214057">
        <ele>568</ele>
        <time>2026-08-18T17:52:25.682Z</time>
      </trkpt>
      <trkpt lat="37.9708332" lon="-4.8214148">
        <ele>568</ele>
        <time>2026-08-18T17:52:26.682Z</time>
      </trkpt>
      <trkpt lat="37.9708231" lon="-4.8214254">
        <ele>568</ele>
        <time>2026-08-18T17:52:27.682Z</time>
      </trkpt>
      <trkpt lat="37.970813" lon="-4.821436">
        <ele>567</ele>
        <time>2026-08-18T17:52:28.682Z</time>
      </trkpt>
      <trkpt lat="37.970804" lon="-4.8214476">
        <ele>567</ele>
        <time>2026-08-18T17:52:29.682Z</time>
      </trkpt>
      <trkpt lat="37.970795" lon="-4.8214592">
        <ele>567</ele>
        <time>2026-08-18T17:52:30.682Z</time>
      </trkpt>
      <trkpt lat="37.9707859" lon="-4.8214701">
        <ele>567</ele>
        <time>2026-08-18T17:52:31.682Z</time>
      </trkpt>
      <trkpt lat="37.9707769" lon="-4.821481">
        <ele>567</ele>
        <time>2026-08-18T17:52:32.682Z</time>
      </trkpt>
      <trkpt lat="37.9707679" lon="-4.8214925">
        <ele>567</ele>
        <time>2026-08-18T17:52:33.682Z</time>
      </trkpt>
      <trkpt lat="37.9707589" lon="-4.821504">
        <ele>567</ele>
        <time>2026-08-18T17:52:34.682Z</time>
      </trkpt>
      <trkpt lat="37.9707504" lon="-4.8215151">
        <ele>567</ele>
        <time>2026-08-18T17:52:35.682Z</time>
      </trkpt>
      <trkpt lat="37.9707419" lon="-4.8215263">
        <ele>567</ele>
        <time>2026-08-18T17:52:36.682Z</time>
      </trkpt>
      <trkpt lat="37.9707337" lon="-4.8215348">
        <ele>567</ele>
        <time>2026-08-18T17:52:37.682Z</time>
      </trkpt>
      <trkpt lat="37.9707256" lon="-4.8215434">
        <ele>567</ele>
        <time>2026-08-18T17:52:38.682Z</time>
      </trkpt>
      <trkpt lat="37.9707173" lon="-4.8215506">
        <ele>567</ele>
        <time>2026-08-18T17:52:39.682Z</time>
      </trkpt>
      <trkpt lat="37.9707091" lon="-4.8215578">
        <ele>566</ele>
        <time>2026-08-18T17:52:40.682Z</time>
      </trkpt>
      <trkpt lat="37.9707003" lon="-4.8215651">
        <ele>566</ele>
        <time>2026-08-18T17:52:41.682Z</time>
      </trkpt>
      <trkpt lat="37.9706916" lon="-4.8215724">
        <ele>566</ele>
        <time>2026-08-18T17:52:42.682Z</time>
      </trkpt>
      <trkpt lat="37.970681" lon="-4.821581">
        <ele>566</ele>
        <time>2026-08-18T17:52:43.682Z</time>
      </trkpt>
      <trkpt lat="37.9706705" lon="-4.8215896">
        <ele>566</ele>
        <time>2026-08-18T17:52:44.682Z</time>
      </trkpt>
      <trkpt lat="37.9706589" lon="-4.8215982">
        <ele>566</ele>
        <time>2026-08-18T17:52:45.682Z</time>
      </trkpt>
      <trkpt lat="37.9706473" lon="-4.8216068">
        <ele>566</ele>
        <time>2026-08-18T17:52:46.682Z</time>
      </trkpt>
      <trkpt lat="37.9706353" lon="-4.8216139">
        <ele>566</ele>
        <time>2026-08-18T17:52:47.682Z</time>
      </trkpt>
      <trkpt lat="37.9706233" lon="-4.821621">
        <ele>566</ele>
        <time>2026-08-18T17:52:48.682Z</time>
      </trkpt>
      <trkpt lat="37.970611" lon="-4.8216243">
        <ele>566</ele>
        <time>2026-08-18T17:52:49.682Z</time>
      </trkpt>
      <trkpt lat="37.9705987" lon="-4.8216277">
        <ele>566</ele>
        <time>2026-08-18T17:52:50.682Z</time>
      </trkpt>
      <trkpt lat="37.9705861" lon="-4.8216279">
        <ele>566</ele>
        <time>2026-08-18T17:52:51.682Z</time>
      </trkpt>
      <trkpt lat="37.9705736" lon="-4.8216281">
        <ele>565</ele>
        <time>2026-08-18T17:52:52.682Z</time>
      </trkpt>
      <trkpt lat="37.9705619" lon="-4.8216266">
        <ele>565</ele>
        <time>2026-08-18T17:52:53.682Z</time>
      </trkpt>
      <trkpt lat="37.9705502" lon="-4.8216252">
        <ele>565</ele>
        <time>2026-08-18T17:52:54.682Z</time>
      </trkpt>
      <trkpt lat="37.9705376" lon="-4.8216214">
        <ele>565</ele>
        <time>2026-08-18T17:52:55.682Z</time>
      </trkpt>
      <trkpt lat="37.970525" lon="-4.8216176">
        <ele>565</ele>
        <time>2026-08-18T17:52:56.682Z</time>
      </trkpt>
      <trkpt lat="37.9705115" lon="-4.8216154">
        <ele>565</ele>
        <time>2026-08-18T17:52:57.682Z</time>
      </trkpt>
      <trkpt lat="37.9704981" lon="-4.8216132">
        <ele>565</ele>
        <time>2026-08-18T17:52:58.682Z</time>
      </trkpt>
      <trkpt lat="37.9704847" lon="-4.8216138">
        <ele>565</ele>
        <time>2026-08-18T17:52:59.682Z</time>
      </trkpt>
      <trkpt lat="37.9704714" lon="-4.8216145">
        <ele>564</ele>
        <time>2026-08-18T17:53:00.682Z</time>
      </trkpt>
      <trkpt lat="37.9704586" lon="-4.8216176">
        <ele>564</ele>
        <time>2026-08-18T17:53:01.682Z</time>
      </trkpt>
      <trkpt lat="37.9704459" lon="-4.8216207">
        <ele>564</ele>
        <time>2026-08-18T17:53:02.682Z</time>
      </trkpt>
      <trkpt lat="37.9704338" lon="-4.8216248">
        <ele>564</ele>
        <time>2026-08-18T17:53:03.682Z</time>
      </trkpt>
      <trkpt lat="37.9704217" lon="-4.8216289">
        <ele>564</ele>
        <time>2026-08-18T17:53:04.682Z</time>
      </trkpt>
      <trkpt lat="37.9704092" lon="-4.8216314">
        <ele>564</ele>
        <time>2026-08-18T17:53:05.682Z</time>
      </trkpt>
      <trkpt lat="37.9703967" lon="-4.821634">
        <ele>564</ele>
        <time>2026-08-18T17:53:06.682Z</time>
      </trkpt>
      <trkpt lat="37.9703842" lon="-4.8216361">
        <ele>564</ele>
        <time>2026-08-18T17:53:07.682Z</time>
      </trkpt>
      <trkpt lat="37.9703718" lon="-4.8216383">
        <ele>564</ele>
        <time>2026-08-18T17:53:08.682Z</time>
      </trkpt>
      <trkpt lat="37.9703587" lon="-4.821642">
        <ele>564</ele>
        <time>2026-08-18T17:53:09.682Z</time>
      </trkpt>
      <trkpt lat="37.9703456" lon="-4.8216457">
        <ele>564</ele>
        <time>2026-08-18T17:53:10.682Z</time>
      </trkpt>
      <trkpt lat="37.9703321" lon="-4.8216511">
        <ele>565</ele>
        <time>2026-08-18T17:53:11.682Z</time>
      </trkpt>
      <trkpt lat="37.9703187" lon="-4.8216565">
        <ele>564</ele>
        <time>2026-08-18T17:53:12.682Z</time>
      </trkpt>
      <trkpt lat="37.9703051" lon="-4.8216628">
        <ele>564</ele>
        <time>2026-08-18T17:53:13.682Z</time>
      </trkpt>
      <trkpt lat="37.9702915" lon="-4.8216692">
        <ele>564</ele>
        <time>2026-08-18T17:53:14.682Z</time>
      </trkpt>
      <trkpt lat="37.9702789" lon="-4.8216769">
        <ele>564</ele>
        <time>2026-08-18T17:53:15.682Z</time>
      </trkpt>
      <trkpt lat="37.9702663" lon="-4.8216846">
        <ele>564</ele>
        <time>2026-08-18T17:53:16.682Z</time>
      </trkpt>
      <trkpt lat="37.9702551" lon="-4.8216938">
        <ele>564</ele>
        <time>2026-08-18T17:53:17.682Z</time>
      </trkpt>
      <trkpt lat="37.970244" lon="-4.8217031">
        <ele>564</ele>
        <time>2026-08-18T17:53:18.682Z</time>
      </trkpt>
      <trkpt lat="37.9702347" lon="-4.8217128">
        <ele>564</ele>
        <time>2026-08-18T17:53:19.682Z</time>
      </trkpt>
      <trkpt lat="37.9702255" lon="-4.8217225">
        <ele>563</ele>
        <time>2026-08-18T17:53:20.682Z</time>
      </trkpt>
      <trkpt lat="37.9702161" lon="-4.821733">
        <ele>563</ele>
        <time>2026-08-18T17:53:21.682Z</time>
      </trkpt>
      <trkpt lat="37.9702068" lon="-4.8217435">
        <ele>563</ele>
        <time>2026-08-18T17:53:22.682Z</time>
      </trkpt>
      <trkpt lat="37.9701971" lon="-4.821755">
        <ele>563</ele>
        <time>2026-08-18T17:53:23.682Z</time>
      </trkpt>
      <trkpt lat="37.9701875" lon="-4.8217665">
        <ele>562</ele>
        <time>2026-08-18T17:53:24.682Z</time>
      </trkpt>
      <trkpt lat="37.9701778" lon="-4.8217755">
        <ele>562</ele>
        <time>2026-08-18T17:53:25.682Z</time>
      </trkpt>
      <trkpt lat="37.9701682" lon="-4.8217845">
        <ele>562</ele>
        <time>2026-08-18T17:53:26.682Z</time>
      </trkpt>
      <trkpt lat="37.9701625" lon="-4.8217887">
        <ele>562</ele>
        <time>2026-08-18T17:53:27.682Z</time>
      </trkpt>
      <trkpt lat="37.9701569" lon="-4.8217929">
        <ele>562</ele>
        <time>2026-08-18T17:53:28.682Z</time>
      </trkpt>
      <trkpt lat="37.9701475" lon="-4.8218007">
        <ele>562</ele>
        <time>2026-08-18T17:53:29.682Z</time>
      </trkpt>
      <trkpt lat="37.9701381" lon="-4.8218085">
        <ele>562</ele>
        <time>2026-08-18T17:53:30.682Z</time>
      </trkpt>
      <trkpt lat="37.9701283" lon="-4.8218173">
        <ele>562</ele>
        <time>2026-08-18T17:53:31.682Z</time>
      </trkpt>
      <trkpt lat="37.9701185" lon="-4.8218261">
        <ele>561</ele>
        <time>2026-08-18T17:53:32.682Z</time>
      </trkpt>
      <trkpt lat="37.9701079" lon="-4.821834">
        <ele>561</ele>
        <time>2026-08-18T17:53:33.682Z</time>
      </trkpt>
      <trkpt lat="37.9700973" lon="-4.8218419">
        <ele>561</ele>
        <time>2026-08-18T17:53:34.682Z</time>
      </trkpt>
      <trkpt lat="37.9700866" lon="-4.8218469">
        <ele>561</ele>
        <time>2026-08-18T17:53:35.682Z</time>
      </trkpt>
      <trkpt lat="37.9700759" lon="-4.821852">
        <ele>561</ele>
        <time>2026-08-18T17:53:36.682Z</time>
      </trkpt>
      <trkpt lat="37.9700658" lon="-4.8218535">
        <ele>561</ele>
        <time>2026-08-18T17:53:37.682Z</time>
      </trkpt>
      <trkpt lat="37.9700557" lon="-4.8218551">
        <ele>561</ele>
        <time>2026-08-18T17:53:38.682Z</time>
      </trkpt>
      <trkpt lat="37.9700439" lon="-4.8218565">
        <ele>561</ele>
        <time>2026-08-18T17:53:39.682Z</time>
      </trkpt>
      <trkpt lat="37.9700322" lon="-4.821858">
        <ele>561</ele>
        <time>2026-08-18T17:53:40.682Z</time>
      </trkpt>
      <trkpt lat="37.9700194" lon="-4.8218598">
        <ele>561</ele>
        <time>2026-08-18T17:53:41.682Z</time>
      </trkpt>
      <trkpt lat="37.9700067" lon="-4.8218616">
        <ele>561</ele>
        <time>2026-08-18T17:53:42.682Z</time>
      </trkpt>
      <trkpt lat="37.9699926" lon="-4.8218629">
        <ele>561</ele>
        <time>2026-08-18T17:53:43.682Z</time>
      </trkpt>
      <trkpt lat="37.9699786" lon="-4.8218643">
        <ele>560</ele>
        <time>2026-08-18T17:53:44.682Z</time>
      </trkpt>
      <trkpt lat="37.9699637" lon="-4.8218661">
        <ele>560</ele>
        <time>2026-08-18T17:53:45.682Z</time>
      </trkpt>
      <trkpt lat="37.9699489" lon="-4.821868">
        <ele>560</ele>
        <time>2026-08-18T17:53:46.682Z</time>
      </trkpt>
      <trkpt lat="37.9699335" lon="-4.8218717">
        <ele>560</ele>
        <time>2026-08-18T17:53:47.682Z</time>
      </trkpt>
      <trkpt lat="37.9699182" lon="-4.8218755">
        <ele>560</ele>
        <time>2026-08-18T17:53:48.682Z</time>
      </trkpt>
      <trkpt lat="37.9699026" lon="-4.8218798">
        <ele>560</ele>
        <time>2026-08-18T17:53:49.682Z</time>
      </trkpt>
      <trkpt lat="37.969887" lon="-4.8218841">
        <ele>560</ele>
        <time>2026-08-18T17:53:50.682Z</time>
      </trkpt>
      <trkpt lat="37.9698714" lon="-4.8218879">
        <ele>560</ele>
        <time>2026-08-18T17:53:51.682Z</time>
      </trkpt>
      <trkpt lat="37.9698558" lon="-4.8218918">
        <ele>560</ele>
        <time>2026-08-18T17:53:52.682Z</time>
      </trkpt>
      <trkpt lat="37.9698407" lon="-4.8218931">
        <ele>560</ele>
        <time>2026-08-18T17:53:53.682Z</time>
      </trkpt>
      <trkpt lat="37.9698256" lon="-4.8218945">
        <ele>560</ele>
        <time>2026-08-18T17:53:54.682Z</time>
      </trkpt>
      <trkpt lat="37.9698103" lon="-4.8218937">
        <ele>560</ele>
        <time>2026-08-18T17:53:55.682Z</time>
      </trkpt>
      <trkpt lat="37.9697951" lon="-4.8218929">
        <ele>560</ele>
        <time>2026-08-18T17:53:56.682Z</time>
      </trkpt>
      <trkpt lat="37.9697808" lon="-4.8218921">
        <ele>560</ele>
        <time>2026-08-18T17:53:57.682Z</time>
      </trkpt>
      <trkpt lat="37.9697666" lon="-4.8218914">
        <ele>560</ele>
        <time>2026-08-18T17:53:58.682Z</time>
      </trkpt>
      <trkpt lat="37.9697539" lon="-4.8218962">
        <ele>560</ele>
        <time>2026-08-18T17:53:59.682Z</time>
      </trkpt>
      <trkpt lat="37.9697413" lon="-4.8219011">
        <ele>559</ele>
        <time>2026-08-18T17:54:00.682Z</time>
      </trkpt>
      <trkpt lat="37.9697298" lon="-4.8219101">
        <ele>559</ele>
        <time>2026-08-18T17:54:01.682Z</time>
      </trkpt>
      <trkpt lat="37.9697184" lon="-4.8219191">
        <ele>559</ele>
        <time>2026-08-18T17:54:02.682Z</time>
      </trkpt>
      <trkpt lat="37.9697083" lon="-4.8219298">
        <ele>559</ele>
        <time>2026-08-18T17:54:03.682Z</time>
      </trkpt>
      <trkpt lat="37.9696983" lon="-4.8219405">
        <ele>559</ele>
        <time>2026-08-18T17:54:04.682Z</time>
      </trkpt>
      <trkpt lat="37.9696893" lon="-4.8219509">
        <ele>559</ele>
        <time>2026-08-18T17:54:05.682Z</time>
      </trkpt>
      <trkpt lat="37.9696804" lon="-4.8219614">
        <ele>559</ele>
        <time>2026-08-18T17:54:06.682Z</time>
      </trkpt>
      <trkpt lat="37.9696713" lon="-4.8219707">
        <ele>559</ele>
        <time>2026-08-18T17:54:07.682Z</time>
      </trkpt>
      <trkpt lat="37.9696622" lon="-4.8219801">
        <ele>559</ele>
        <time>2026-08-18T17:54:08.682Z</time>
      </trkpt>
      <trkpt lat="37.9696536" lon="-4.8219886">
        <ele>559</ele>
        <time>2026-08-18T17:54:09.682Z</time>
      </trkpt>
      <trkpt lat="37.969645" lon="-4.8219972">
        <ele>559</ele>
        <time>2026-08-18T17:54:10.682Z</time>
      </trkpt>
      <trkpt lat="37.9696366" lon="-4.8220053">
        <ele>559</ele>
        <time>2026-08-18T17:54:11.682Z</time>
      </trkpt>
      <trkpt lat="37.9696282" lon="-4.8220134">
        <ele>559</ele>
        <time>2026-08-18T17:54:12.682Z</time>
      </trkpt>
      <trkpt lat="37.9696191" lon="-4.8220201">
        <ele>559</ele>
        <time>2026-08-18T17:54:13.682Z</time>
      </trkpt>
      <trkpt lat="37.96961" lon="-4.8220268">
        <ele>559</ele>
        <time>2026-08-18T17:54:14.682Z</time>
      </trkpt>
      <trkpt lat="37.9695993" lon="-4.8220334">
        <ele>559</ele>
        <time>2026-08-18T17:54:15.682Z</time>
      </trkpt>
      <trkpt lat="37.9695887" lon="-4.82204">
        <ele>559</ele>
        <time>2026-08-18T17:54:16.682Z</time>
      </trkpt>
      <trkpt lat="37.9695753" lon="-4.8220458">
        <ele>559</ele>
        <time>2026-08-18T17:54:17.682Z</time>
      </trkpt>
      <trkpt lat="37.9695619" lon="-4.8220516">
        <ele>559</ele>
        <time>2026-08-18T17:54:18.682Z</time>
      </trkpt>
      <trkpt lat="37.9695461" lon="-4.8220564">
        <ele>559</ele>
        <time>2026-08-18T17:54:19.682Z</time>
      </trkpt>
      <trkpt lat="37.9695303" lon="-4.8220613">
        <ele>559</ele>
        <time>2026-08-18T17:54:20.682Z</time>
      </trkpt>
      <trkpt lat="37.9695144" lon="-4.8220676">
        <ele>559</ele>
        <time>2026-08-18T17:54:21.682Z</time>
      </trkpt>
      <trkpt lat="37.9694986" lon="-4.822074">
        <ele>559</ele>
        <time>2026-08-18T17:54:22.682Z</time>
      </trkpt>
      <trkpt lat="37.9694841" lon="-4.8220824">
        <ele>559</ele>
        <time>2026-08-18T17:54:23.682Z</time>
      </trkpt>
      <trkpt lat="37.9694696" lon="-4.8220909">
        <ele>558</ele>
        <time>2026-08-18T17:54:24.682Z</time>
      </trkpt>
      <trkpt lat="37.9694564" lon="-4.8220998">
        <ele>558</ele>
        <time>2026-08-18T17:54:25.682Z</time>
      </trkpt>
      <trkpt lat="37.9694432" lon="-4.8221088">
        <ele>558</ele>
        <time>2026-08-18T17:54:26.682Z</time>
      </trkpt>
      <trkpt lat="37.9694293" lon="-4.822118">
        <ele>558</ele>
        <time>2026-08-18T17:54:27.682Z</time>
      </trkpt>
      <trkpt lat="37.9694155" lon="-4.8221272">
        <ele>558</ele>
        <time>2026-08-18T17:54:28.682Z</time>
      </trkpt>
      <trkpt lat="37.9694016" lon="-4.8221351">
        <ele>558</ele>
        <time>2026-08-18T17:54:29.682Z</time>
      </trkpt>
      <trkpt lat="37.9693877" lon="-4.8221431">
        <ele>558</ele>
        <time>2026-08-18T17:54:30.682Z</time>
      </trkpt>
      <trkpt lat="37.9693737" lon="-4.8221492">
        <ele>558</ele>
        <time>2026-08-18T17:54:31.682Z</time>
      </trkpt>
      <trkpt lat="37.9693597" lon="-4.8221554">
        <ele>557</ele>
        <time>2026-08-18T17:54:32.682Z</time>
      </trkpt>
      <trkpt lat="37.9693466" lon="-4.822162">
        <ele>557</ele>
        <time>2026-08-18T17:54:33.682Z</time>
      </trkpt>
      <trkpt lat="37.9693336" lon="-4.8221686">
        <ele>557</ele>
        <time>2026-08-18T17:54:34.682Z</time>
      </trkpt>
      <trkpt lat="37.9693212" lon="-4.8221753">
        <ele>557</ele>
        <time>2026-08-18T17:54:35.682Z</time>
      </trkpt>
      <trkpt lat="37.9693088" lon="-4.8221821">
        <ele>557</ele>
        <time>2026-08-18T17:54:36.682Z</time>
      </trkpt>
      <trkpt lat="37.9692965" lon="-4.8221897">
        <ele>557</ele>
        <time>2026-08-18T17:54:37.682Z</time>
      </trkpt>
      <trkpt lat="37.9692842" lon="-4.8221974">
        <ele>557</ele>
        <time>2026-08-18T17:54:38.682Z</time>
      </trkpt>
      <trkpt lat="37.9692726" lon="-4.8222059">
        <ele>557</ele>
        <time>2026-08-18T17:54:39.682Z</time>
      </trkpt>
      <trkpt lat="37.969261" lon="-4.8222144">
        <ele>557</ele>
        <time>2026-08-18T17:54:40.682Z</time>
      </trkpt>
      <trkpt lat="37.9692498" lon="-4.8222223">
        <ele>557</ele>
        <time>2026-08-18T17:54:41.682Z</time>
      </trkpt>
      <trkpt lat="37.9692386" lon="-4.8222303">
        <ele>557</ele>
        <time>2026-08-18T17:54:42.682Z</time>
      </trkpt>
      <trkpt lat="37.9692273" lon="-4.822237">
        <ele>557</ele>
        <time>2026-08-18T17:54:43.682Z</time>
      </trkpt>
      <trkpt lat="37.9692161" lon="-4.8222438">
        <ele>556</ele>
        <time>2026-08-18T17:54:44.682Z</time>
      </trkpt>
      <trkpt lat="37.9692032" lon="-4.8222494">
        <ele>556</ele>
        <time>2026-08-18T17:54:45.682Z</time>
      </trkpt>
      <trkpt lat="37.9691904" lon="-4.822255">
        <ele>556</ele>
        <time>2026-08-18T17:54:46.682Z</time>
      </trkpt>
      <trkpt lat="37.9691771" lon="-4.82226">
        <ele>556</ele>
        <time>2026-08-18T17:54:47.682Z</time>
      </trkpt>
      <trkpt lat="37.9691639" lon="-4.8222651">
        <ele>556</ele>
        <time>2026-08-18T17:54:48.682Z</time>
      </trkpt>
      <trkpt lat="37.9691514" lon="-4.8222713">
        <ele>556</ele>
        <time>2026-08-18T17:54:49.682Z</time>
      </trkpt>
      <trkpt lat="37.969139" lon="-4.8222775">
        <ele>556</ele>
        <time>2026-08-18T17:54:50.682Z</time>
      </trkpt>
      <trkpt lat="37.9691277" lon="-4.8222855">
        <ele>556</ele>
        <time>2026-08-18T17:54:51.682Z</time>
      </trkpt>
      <trkpt lat="37.9691165" lon="-4.8222936">
        <ele>556</ele>
        <time>2026-08-18T17:54:52.682Z</time>
      </trkpt>
      <trkpt lat="37.969107" lon="-4.8223018">
        <ele>556</ele>
        <time>2026-08-18T17:54:53.682Z</time>
      </trkpt>
      <trkpt lat="37.9690976" lon="-4.8223101">
        <ele>556</ele>
        <time>2026-08-18T17:54:54.682Z</time>
      </trkpt>
      <trkpt lat="37.9690896" lon="-4.822318">
        <ele>556</ele>
        <time>2026-08-18T17:54:55.682Z</time>
      </trkpt>
      <trkpt lat="37.9690817" lon="-4.8223259">
        <ele>556</ele>
        <time>2026-08-18T17:54:56.682Z</time>
      </trkpt>
      <trkpt lat="37.9690736" lon="-4.8223355">
        <ele>556</ele>
        <time>2026-08-18T17:54:57.682Z</time>
      </trkpt>
      <trkpt lat="37.9690655" lon="-4.8223451">
        <ele>556</ele>
        <time>2026-08-18T17:54:58.682Z</time>
      </trkpt>
      <trkpt lat="37.9690557" lon="-4.822356">
        <ele>556</ele>
        <time>2026-08-18T17:54:59.682Z</time>
      </trkpt>
      <trkpt lat="37.969046" lon="-4.8223669">
        <ele>556</ele>
        <time>2026-08-18T17:55:00.682Z</time>
      </trkpt>
      <trkpt lat="37.9690357" lon="-4.8223794">
        <ele>556</ele>
        <time>2026-08-18T17:55:01.682Z</time>
      </trkpt>
      <trkpt lat="37.9690255" lon="-4.8223919">
        <ele>556</ele>
        <time>2026-08-18T17:55:02.682Z</time>
      </trkpt>
      <trkpt lat="37.9690148" lon="-4.8224051">
        <ele>556</ele>
        <time>2026-08-18T17:55:03.682Z</time>
      </trkpt>
      <trkpt lat="37.9690041" lon="-4.8224184">
        <ele>556</ele>
        <time>2026-08-18T17:55:04.682Z</time>
      </trkpt>
      <trkpt lat="37.9689941" lon="-4.822432">
        <ele>556</ele>
        <time>2026-08-18T17:55:05.682Z</time>
      </trkpt>
      <trkpt lat="37.9689841" lon="-4.8224457">
        <ele>556</ele>
        <time>2026-08-18T17:55:06.682Z</time>
      </trkpt>
      <trkpt lat="37.9689748" lon="-4.8224593">
        <ele>556</ele>
        <time>2026-08-18T17:55:07.682Z</time>
      </trkpt>
      <trkpt lat="37.9689656" lon="-4.8224729">
        <ele>556</ele>
        <time>2026-08-18T17:55:08.682Z</time>
      </trkpt>
      <trkpt lat="37.9689565" lon="-4.8224856">
        <ele>556</ele>
        <time>2026-08-18T17:55:09.682Z</time>
      </trkpt>
      <trkpt lat="37.9689474" lon="-4.8224984">
        <ele>556</ele>
        <time>2026-08-18T17:55:10.682Z</time>
      </trkpt>
      <trkpt lat="37.9689377" lon="-4.8225095">
        <ele>556</ele>
        <time>2026-08-18T17:55:11.682Z</time>
      </trkpt>
      <trkpt lat="37.9689281" lon="-4.8225207">
        <ele>556</ele>
        <time>2026-08-18T17:55:12.682Z</time>
      </trkpt>
      <trkpt lat="37.9689187" lon="-4.8225301">
        <ele>556</ele>
        <time>2026-08-18T17:55:13.682Z</time>
      </trkpt>
      <trkpt lat="37.9689093" lon="-4.8225396">
        <ele>556</ele>
        <time>2026-08-18T17:55:14.682Z</time>
      </trkpt>
      <trkpt lat="37.9688995" lon="-4.8225479">
        <ele>556</ele>
        <time>2026-08-18T17:55:15.682Z</time>
      </trkpt>
      <trkpt lat="37.9688898" lon="-4.8225563">
        <ele>556</ele>
        <time>2026-08-18T17:55:16.682Z</time>
      </trkpt>
      <trkpt lat="37.968879" lon="-4.8225642">
        <ele>556</ele>
        <time>2026-08-18T17:55:17.682Z</time>
      </trkpt>
      <trkpt lat="37.9688682" lon="-4.8225721">
        <ele>556</ele>
        <time>2026-08-18T17:55:18.682Z</time>
      </trkpt>
      <trkpt lat="37.9688568" lon="-4.8225797">
        <ele>556</ele>
        <time>2026-08-18T17:55:19.682Z</time>
      </trkpt>
      <trkpt lat="37.9688454" lon="-4.8225874">
        <ele>556</ele>
        <time>2026-08-18T17:55:20.682Z</time>
      </trkpt>
      <trkpt lat="37.9688354" lon="-4.8225952">
        <ele>556</ele>
        <time>2026-08-18T17:55:21.682Z</time>
      </trkpt>
      <trkpt lat="37.9688254" lon="-4.8226031">
        <ele>556</ele>
        <time>2026-08-18T17:55:22.682Z</time>
      </trkpt>
      <trkpt lat="37.9688157" lon="-4.8226094">
        <ele>556</ele>
        <time>2026-08-18T17:55:23.682Z</time>
      </trkpt>
      <trkpt lat="37.968806" lon="-4.8226158">
        <ele>556</ele>
        <time>2026-08-18T17:55:24.682Z</time>
      </trkpt>
      <trkpt lat="37.968794" lon="-4.8226213">
        <ele>556</ele>
        <time>2026-08-18T17:55:25.682Z</time>
      </trkpt>
      <trkpt lat="37.9687821" lon="-4.8226269">
        <ele>556</ele>
        <time>2026-08-18T17:55:26.682Z</time>
      </trkpt>
      <trkpt lat="37.9687687" lon="-4.822634">
        <ele>556</ele>
        <time>2026-08-18T17:55:27.682Z</time>
      </trkpt>
      <trkpt lat="37.9687553" lon="-4.8226412">
        <ele>556</ele>
        <time>2026-08-18T17:55:28.682Z</time>
      </trkpt>
      <trkpt lat="37.9687418" lon="-4.822649">
        <ele>556</ele>
        <time>2026-08-18T17:55:29.682Z</time>
      </trkpt>
      <trkpt lat="37.9687284" lon="-4.8226569">
        <ele>556</ele>
        <time>2026-08-18T17:55:30.682Z</time>
      </trkpt>
      <trkpt lat="37.9687161" lon="-4.8226635">
        <ele>556</ele>
        <time>2026-08-18T17:55:31.682Z</time>
      </trkpt>
      <trkpt lat="37.9687038" lon="-4.8226702">
        <ele>555</ele>
        <time>2026-08-18T17:55:32.682Z</time>
      </trkpt>
      <trkpt lat="37.9686912" lon="-4.8226754">
        <ele>555</ele>
        <time>2026-08-18T17:55:33.682Z</time>
      </trkpt>
      <trkpt lat="37.9686787" lon="-4.8226806">
        <ele>555</ele>
        <time>2026-08-18T17:55:34.682Z</time>
      </trkpt>
      <trkpt lat="37.9686655" lon="-4.8226849">
        <ele>555</ele>
        <time>2026-08-18T17:55:35.682Z</time>
      </trkpt>
      <trkpt lat="37.9686524" lon="-4.8226892">
        <ele>555</ele>
        <time>2026-08-18T17:55:36.682Z</time>
      </trkpt>
      <trkpt lat="37.9686393" lon="-4.8226928">
        <ele>555</ele>
        <time>2026-08-18T17:55:37.682Z</time>
      </trkpt>
      <trkpt lat="37.9686262" lon="-4.8226965">
        <ele>555</ele>
        <time>2026-08-18T17:55:38.682Z</time>
      </trkpt>
      <trkpt lat="37.9686126" lon="-4.8226989">
        <ele>555</ele>
        <time>2026-08-18T17:55:39.682Z</time>
      </trkpt>
      <trkpt lat="37.9685991" lon="-4.8227013">
        <ele>555</ele>
        <time>2026-08-18T17:55:40.682Z</time>
      </trkpt>
      <trkpt lat="37.9685855" lon="-4.8227038">
        <ele>555</ele>
        <time>2026-08-18T17:55:41.682Z</time>
      </trkpt>
      <trkpt lat="37.968572" lon="-4.8227064">
        <ele>555</ele>
        <time>2026-08-18T17:55:42.682Z</time>
      </trkpt>
      <trkpt lat="37.9685599" lon="-4.8227094">
        <ele>555</ele>
        <time>2026-08-18T17:55:43.682Z</time>
      </trkpt>
      <trkpt lat="37.9685479" lon="-4.8227125">
        <ele>555</ele>
        <time>2026-08-18T17:55:44.682Z</time>
      </trkpt>
      <trkpt lat="37.9685376" lon="-4.8227156">
        <ele>555</ele>
        <time>2026-08-18T17:55:45.682Z</time>
      </trkpt>
      <trkpt lat="37.9685274" lon="-4.8227187">
        <ele>555</ele>
        <time>2026-08-18T17:55:46.682Z</time>
      </trkpt>
      <trkpt lat="37.9685171" lon="-4.8227224">
        <ele>555</ele>
        <time>2026-08-18T17:55:47.682Z</time>
      </trkpt>
      <trkpt lat="37.9685069" lon="-4.8227261">
        <ele>554</ele>
        <time>2026-08-18T17:55:48.682Z</time>
      </trkpt>
      <trkpt lat="37.9684966" lon="-4.8227304">
        <ele>554</ele>
        <time>2026-08-18T17:55:49.682Z</time>
      </trkpt>
      <trkpt lat="37.9684863" lon="-4.8227347">
        <ele>554</ele>
        <time>2026-08-18T17:55:50.682Z</time>
      </trkpt>
      <trkpt lat="37.9684759" lon="-4.8227379">
        <ele>554</ele>
        <time>2026-08-18T17:55:51.682Z</time>
      </trkpt>
      <trkpt lat="37.9684656" lon="-4.8227411">
        <ele>554</ele>
        <time>2026-08-18T17:55:52.682Z</time>
      </trkpt>
      <trkpt lat="37.968455" lon="-4.8227431">
        <ele>554</ele>
        <time>2026-08-18T17:55:53.682Z</time>
      </trkpt>
      <trkpt lat="37.9684445" lon="-4.8227451">
        <ele>554</ele>
        <time>2026-08-18T17:55:54.682Z</time>
      </trkpt>
      <trkpt lat="37.9684337" lon="-4.8227472">
        <ele>554</ele>
        <time>2026-08-18T17:55:55.682Z</time>
      </trkpt>
      <trkpt lat="37.968423" lon="-4.8227494">
        <ele>554</ele>
        <time>2026-08-18T17:55:56.682Z</time>
      </trkpt>
      <trkpt lat="37.96841" lon="-4.8227533">
        <ele>554</ele>
        <time>2026-08-18T17:55:57.682Z</time>
      </trkpt>
      <trkpt lat="37.9683971" lon="-4.8227572">
        <ele>554</ele>
        <time>2026-08-18T17:55:58.682Z</time>
      </trkpt>
      <trkpt lat="37.968383" lon="-4.8227637">
        <ele>554</ele>
        <time>2026-08-18T17:55:59.682Z</time>
      </trkpt>
      <trkpt lat="37.9683689" lon="-4.8227703">
        <ele>553</ele>
        <time>2026-08-18T17:56:00.682Z</time>
      </trkpt>
      <trkpt lat="37.9683546" lon="-4.8227768">
        <ele>553</ele>
        <time>2026-08-18T17:56:01.682Z</time>
      </trkpt>
      <trkpt lat="37.9683403" lon="-4.8227834">
        <ele>553</ele>
        <time>2026-08-18T17:56:02.682Z</time>
      </trkpt>
      <trkpt lat="37.9683269" lon="-4.8227896">
        <ele>553</ele>
        <time>2026-08-18T17:56:03.682Z</time>
      </trkpt>
      <trkpt lat="37.9683135" lon="-4.8227958">
        <ele>553</ele>
        <time>2026-08-18T17:56:04.682Z</time>
      </trkpt>
      <trkpt lat="37.9683015" lon="-4.8228011">
        <ele>553</ele>
        <time>2026-08-18T17:56:05.682Z</time>
      </trkpt>
      <trkpt lat="37.9682895" lon="-4.8228064">
        <ele>553</ele>
        <time>2026-08-18T17:56:06.682Z</time>
      </trkpt>
      <trkpt lat="37.9682776" lon="-4.8228114">
        <ele>553</ele>
        <time>2026-08-18T17:56:07.682Z</time>
      </trkpt>
      <trkpt lat="37.9682657" lon="-4.8228165">
        <ele>553</ele>
        <time>2026-08-18T17:56:08.682Z</time>
      </trkpt>
      <trkpt lat="37.968252" lon="-4.8228217">
        <ele>553</ele>
        <time>2026-08-18T17:56:09.682Z</time>
      </trkpt>
      <trkpt lat="37.9682383" lon="-4.8228269">
        <ele>553</ele>
        <time>2026-08-18T17:56:10.682Z</time>
      </trkpt>
      <trkpt lat="37.9682241" lon="-4.822833">
        <ele>553</ele>
        <time>2026-08-18T17:56:11.682Z</time>
      </trkpt>
      <trkpt lat="37.96821" lon="-4.8228391">
        <ele>553</ele>
        <time>2026-08-18T17:56:12.682Z</time>
      </trkpt>
      <trkpt lat="37.9681968" lon="-4.8228454">
        <ele>553</ele>
        <time>2026-08-18T17:56:13.682Z</time>
      </trkpt>
      <trkpt lat="37.9681837" lon="-4.8228517">
        <ele>553</ele>
        <time>2026-08-18T17:56:14.682Z</time>
      </trkpt>
      <trkpt lat="37.9681718" lon="-4.822859">
        <ele>553</ele>
        <time>2026-08-18T17:56:15.682Z</time>
      </trkpt>
      <trkpt lat="37.96816" lon="-4.8228664">
        <ele>552</ele>
        <time>2026-08-18T17:56:16.682Z</time>
      </trkpt>
      <trkpt lat="37.9681493" lon="-4.8228751">
        <ele>552</ele>
        <time>2026-08-18T17:56:17.682Z</time>
      </trkpt>
      <trkpt lat="37.9681386" lon="-4.8228839">
        <ele>552</ele>
        <time>2026-08-18T17:56:18.682Z</time>
      </trkpt>
      <trkpt lat="37.968129" lon="-4.8228919">
        <ele>552</ele>
        <time>2026-08-18T17:56:19.682Z</time>
      </trkpt>
      <trkpt lat="37.9681195" lon="-4.8229">
        <ele>552</ele>
        <time>2026-08-18T17:56:20.682Z</time>
      </trkpt>
      <trkpt lat="37.9681096" lon="-4.8229062">
        <ele>552</ele>
        <time>2026-08-18T17:56:21.682Z</time>
      </trkpt>
      <trkpt lat="37.9680998" lon="-4.8229124">
        <ele>552</ele>
        <time>2026-08-18T17:56:22.682Z</time>
      </trkpt>
      <trkpt lat="37.9680894" lon="-4.8229149">
        <ele>552</ele>
        <time>2026-08-18T17:56:23.682Z</time>
      </trkpt>
      <trkpt lat="37.9680791" lon="-4.8229175">
        <ele>552</ele>
        <time>2026-08-18T17:56:24.682Z</time>
      </trkpt>
      <trkpt lat="37.968068" lon="-4.8229165">
        <ele>552</ele>
        <time>2026-08-18T17:56:25.682Z</time>
      </trkpt>
      <trkpt lat="37.968057" lon="-4.8229156">
        <ele>552</ele>
        <time>2026-08-18T17:56:26.682Z</time>
      </trkpt>
      <trkpt lat="37.9680461" lon="-4.822913">
        <ele>552</ele>
        <time>2026-08-18T17:56:27.682Z</time>
      </trkpt>
      <trkpt lat="37.9680353" lon="-4.8229104">
        <ele>552</ele>
        <time>2026-08-18T17:56:28.682Z</time>
      </trkpt>
      <trkpt lat="37.9680252" lon="-4.8229057">
        <ele>552</ele>
        <time>2026-08-18T17:56:29.682Z</time>
      </trkpt>
      <trkpt lat="37.9680151" lon="-4.8229011">
        <ele>552</ele>
        <time>2026-08-18T17:56:30.682Z</time>
      </trkpt>
      <trkpt lat="37.9680057" lon="-4.822894">
        <ele>553</ele>
        <time>2026-08-18T17:56:31.682Z</time>
      </trkpt>
      <trkpt lat="37.9679964" lon="-4.8228869">
        <ele>552</ele>
        <time>2026-08-18T17:56:32.682Z</time>
      </trkpt>
      <trkpt lat="37.9679849" lon="-4.8228784">
        <ele>552</ele>
        <time>2026-08-18T17:56:33.682Z</time>
      </trkpt>
      <trkpt lat="37.9679734" lon="-4.8228699">
        <ele>552</ele>
        <time>2026-08-18T17:56:34.682Z</time>
      </trkpt>
      <trkpt lat="37.9679608" lon="-4.822864">
        <ele>552</ele>
        <time>2026-08-18T17:56:35.682Z</time>
      </trkpt>
      <trkpt lat="37.9679483" lon="-4.8228582">
        <ele>552</ele>
        <time>2026-08-18T17:56:36.682Z</time>
      </trkpt>
      <trkpt lat="37.9679356" lon="-4.8228536">
        <ele>552</ele>
        <time>2026-08-18T17:56:37.682Z</time>
      </trkpt>
      <trkpt lat="37.967923" lon="-4.822849">
        <ele>552</ele>
        <time>2026-08-18T17:56:38.682Z</time>
      </trkpt>
      <trkpt lat="37.96791" lon="-4.8228439">
        <ele>552</ele>
        <time>2026-08-18T17:56:39.682Z</time>
      </trkpt>
      <trkpt lat="37.9678971" lon="-4.8228388">
        <ele>552</ele>
        <time>2026-08-18T17:56:40.682Z</time>
      </trkpt>
      <trkpt lat="37.9678853" lon="-4.8228316">
        <ele>552</ele>
        <time>2026-08-18T17:56:41.682Z</time>
      </trkpt>
      <trkpt lat="37.9678735" lon="-4.8228245">
        <ele>552</ele>
        <time>2026-08-18T17:56:42.682Z</time>
      </trkpt>
      <trkpt lat="37.967863" lon="-4.8228149">
        <ele>552</ele>
        <time>2026-08-18T17:56:43.682Z</time>
      </trkpt>
      <trkpt lat="37.9678525" lon="-4.8228053">
        <ele>552</ele>
        <time>2026-08-18T17:56:44.682Z</time>
      </trkpt>
      <trkpt lat="37.9678413" lon="-4.8227973">
        <ele>552</ele>
        <time>2026-08-18T17:56:45.682Z</time>
      </trkpt>
      <trkpt lat="37.9678301" lon="-4.8227893">
        <ele>552</ele>
        <time>2026-08-18T17:56:46.682Z</time>
      </trkpt>
      <trkpt lat="37.9678174" lon="-4.8227865">
        <ele>552</ele>
        <time>2026-08-18T17:56:47.682Z</time>
      </trkpt>
      <trkpt lat="37.9678047" lon="-4.8227838">
        <ele>552</ele>
        <time>2026-08-18T17:56:48.682Z</time>
      </trkpt>
      <trkpt lat="37.9677843" lon="-4.8227907">
        <ele>554</ele>
        <time>2026-08-18T17:57:28.682Z</time>
      </trkpt>
      <trkpt lat="37.9677792" lon="-4.8227949">
        <ele>554</ele>
        <time>2026-08-18T17:57:29.682Z</time>
      </trkpt>
      <trkpt lat="37.9677741" lon="-4.8227991">
        <ele>554</ele>
        <time>2026-08-18T17:57:30.682Z</time>
      </trkpt>
      <trkpt lat="37.9677684" lon="-4.8228036">
        <ele>554</ele>
        <time>2026-08-18T17:57:31.682Z</time>
      </trkpt>
      <trkpt lat="37.9677628" lon="-4.8228081">
        <ele>554</ele>
        <time>2026-08-18T17:57:32.682Z</time>
      </trkpt>
      <trkpt lat="37.9677545" lon="-4.8228136">
        <ele>554</ele>
        <time>2026-08-18T17:57:33.682Z</time>
      </trkpt>
      <trkpt lat="37.9677463" lon="-4.8228192">
        <ele>554</ele>
        <time>2026-08-18T17:57:34.682Z</time>
      </trkpt>
      <trkpt lat="37.9677359" lon="-4.8228254">
        <ele>554</ele>
        <time>2026-08-18T17:57:35.682Z</time>
      </trkpt>
      <trkpt lat="37.9677255" lon="-4.8228317">
        <ele>553</ele>
        <time>2026-08-18T17:57:36.682Z</time>
      </trkpt>
      <trkpt lat="37.9677143" lon="-4.8228372">
        <ele>553</ele>
        <time>2026-08-18T17:57:37.682Z</time>
      </trkpt>
      <trkpt lat="37.9677031" lon="-4.8228428">
        <ele>552</ele>
        <time>2026-08-18T17:57:38.682Z</time>
      </trkpt>
      <trkpt lat="37.9676922" lon="-4.8228495">
        <ele>552</ele>
        <time>2026-08-18T17:57:39.682Z</time>
      </trkpt>
      <trkpt lat="37.9676813" lon="-4.8228563">
        <ele>552</ele>
        <time>2026-08-18T17:57:40.682Z</time>
      </trkpt>
      <trkpt lat="37.9676708" lon="-4.822863">
        <ele>552</ele>
        <time>2026-08-18T17:57:41.682Z</time>
      </trkpt>
      <trkpt lat="37.9676604" lon="-4.8228698">
        <ele>552</ele>
        <time>2026-08-18T17:57:42.682Z</time>
      </trkpt>
      <trkpt lat="37.9676509" lon="-4.8228776">
        <ele>552</ele>
        <time>2026-08-18T17:57:43.682Z</time>
      </trkpt>
      <trkpt lat="37.9676415" lon="-4.8228855">
        <ele>551</ele>
        <time>2026-08-18T17:57:44.682Z</time>
      </trkpt>
      <trkpt lat="37.9676306" lon="-4.8228949">
        <ele>551</ele>
        <time>2026-08-18T17:57:45.682Z</time>
      </trkpt>
      <trkpt lat="37.9676197" lon="-4.8229044">
        <ele>551</ele>
        <time>2026-08-18T17:57:46.682Z</time>
      </trkpt>
      <trkpt lat="37.9676082" lon="-4.8229152">
        <ele>551</ele>
        <time>2026-08-18T17:57:47.682Z</time>
      </trkpt>
      <trkpt lat="37.9675967" lon="-4.8229261">
        <ele>551</ele>
        <time>2026-08-18T17:57:48.682Z</time>
      </trkpt>
      <trkpt lat="37.967586" lon="-4.822937">
        <ele>551</ele>
        <time>2026-08-18T17:57:49.682Z</time>
      </trkpt>
      <trkpt lat="37.9675754" lon="-4.822948">
        <ele>551</ele>
        <time>2026-08-18T17:57:50.682Z</time>
      </trkpt>
      <trkpt lat="37.9675646" lon="-4.822957">
        <ele>551</ele>
        <time>2026-08-18T17:57:51.682Z</time>
      </trkpt>
      <trkpt lat="37.9675538" lon="-4.8229661">
        <ele>551</ele>
        <time>2026-08-18T17:57:52.682Z</time>
      </trkpt>
      <trkpt lat="37.9675428" lon="-4.8229747">
        <ele>551</ele>
        <time>2026-08-18T17:57:53.682Z</time>
      </trkpt>
      <trkpt lat="37.9675319" lon="-4.8229833">
        <ele>551</ele>
        <time>2026-08-18T17:57:54.682Z</time>
      </trkpt>
      <trkpt lat="37.9675221" lon="-4.8229913">
        <ele>551</ele>
        <time>2026-08-18T17:57:55.682Z</time>
      </trkpt>
      <trkpt lat="37.9675124" lon="-4.8229993">
        <ele>551</ele>
        <time>2026-08-18T17:57:56.682Z</time>
      </trkpt>
      <trkpt lat="37.9675037" lon="-4.8230073">
        <ele>551</ele>
        <time>2026-08-18T17:57:57.682Z</time>
      </trkpt>
      <trkpt lat="37.9674951" lon="-4.8230154">
        <ele>551</ele>
        <time>2026-08-18T17:57:58.682Z</time>
      </trkpt>
      <trkpt lat="37.9674866" lon="-4.823023">
        <ele>551</ele>
        <time>2026-08-18T17:57:59.682Z</time>
      </trkpt>
      <trkpt lat="37.9674781" lon="-4.8230307">
        <ele>551</ele>
        <time>2026-08-18T17:58:00.682Z</time>
      </trkpt>
      <trkpt lat="37.9674688" lon="-4.8230353">
        <ele>551</ele>
        <time>2026-08-18T17:58:01.682Z</time>
      </trkpt>
      <trkpt lat="37.9674595" lon="-4.8230399">
        <ele>551</ele>
        <time>2026-08-18T17:58:02.682Z</time>
      </trkpt>
      <trkpt lat="37.967448" lon="-4.8230389">
        <ele>551</ele>
        <time>2026-08-18T17:58:03.682Z</time>
      </trkpt>
      <trkpt lat="37.9674365" lon="-4.823038">
        <ele>551</ele>
        <time>2026-08-18T17:58:04.682Z</time>
      </trkpt>
      <trkpt lat="37.9674242" lon="-4.823037">
        <ele>551</ele>
        <time>2026-08-18T17:58:05.682Z</time>
      </trkpt>
      <trkpt lat="37.967412" lon="-4.8230361">
        <ele>551</ele>
        <time>2026-08-18T17:58:06.682Z</time>
      </trkpt>
      <trkpt lat="37.9673997" lon="-4.8230394">
        <ele>551</ele>
        <time>2026-08-18T17:58:07.682Z</time>
      </trkpt>
      <trkpt lat="37.9673874" lon="-4.8230428">
        <ele>550</ele>
        <time>2026-08-18T17:58:08.682Z</time>
      </trkpt>
      <trkpt lat="37.9673749" lon="-4.8230484">
        <ele>550</ele>
        <time>2026-08-18T17:58:09.682Z</time>
      </trkpt>
      <trkpt lat="37.9673625" lon="-4.823054">
        <ele>550</ele>
        <time>2026-08-18T17:58:10.682Z</time>
      </trkpt>
      <trkpt lat="37.9673507" lon="-4.8230606">
        <ele>550</ele>
        <time>2026-08-18T17:58:11.682Z</time>
      </trkpt>
      <trkpt lat="37.9673389" lon="-4.8230673">
        <ele>549</ele>
        <time>2026-08-18T17:58:12.682Z</time>
      </trkpt>
      <trkpt lat="37.9673269" lon="-4.823073">
        <ele>549</ele>
        <time>2026-08-18T17:58:13.682Z</time>
      </trkpt>
      <trkpt lat="37.967315" lon="-4.8230788">
        <ele>549</ele>
        <time>2026-08-18T17:58:14.682Z</time>
      </trkpt>
      <trkpt lat="37.9673027" lon="-4.8230844">
        <ele>549</ele>
        <time>2026-08-18T17:58:15.682Z</time>
      </trkpt>
      <trkpt lat="37.9672905" lon="-4.8230901">
        <ele>549</ele>
        <time>2026-08-18T17:58:16.682Z</time>
      </trkpt>
      <trkpt lat="37.9672784" lon="-4.8230971">
        <ele>549</ele>
        <time>2026-08-18T17:58:17.682Z</time>
      </trkpt>
      <trkpt lat="37.9672664" lon="-4.8231041">
        <ele>549</ele>
        <time>2026-08-18T17:58:18.682Z</time>
      </trkpt>
      <trkpt lat="37.9672553" lon="-4.8231122">
        <ele>549</ele>
        <time>2026-08-18T17:58:19.682Z</time>
      </trkpt>
      <trkpt lat="37.9672442" lon="-4.8231204">
        <ele>549</ele>
        <time>2026-08-18T17:58:20.682Z</time>
      </trkpt>
      <trkpt lat="37.9672347" lon="-4.8231304">
        <ele>549</ele>
        <time>2026-08-18T17:58:21.682Z</time>
      </trkpt>
      <trkpt lat="37.9672252" lon="-4.8231405">
        <ele>549</ele>
        <time>2026-08-18T17:58:22.682Z</time>
      </trkpt>
      <trkpt lat="37.9672161" lon="-4.8231512">
        <ele>549</ele>
        <time>2026-08-18T17:58:23.682Z</time>
      </trkpt>
      <trkpt lat="37.9672071" lon="-4.823162">
        <ele>549</ele>
        <time>2026-08-18T17:58:24.682Z</time>
      </trkpt>
      <trkpt lat="37.9671969" lon="-4.8231728">
        <ele>549</ele>
        <time>2026-08-18T17:58:25.682Z</time>
      </trkpt>
      <trkpt lat="37.9671868" lon="-4.8231836">
        <ele>549</ele>
        <time>2026-08-18T17:58:26.682Z</time>
      </trkpt>
      <trkpt lat="37.967176" lon="-4.8231942">
        <ele>549</ele>
        <time>2026-08-18T17:58:27.682Z</time>
      </trkpt>
      <trkpt lat="37.9671652" lon="-4.8232049">
        <ele>549</ele>
        <time>2026-08-18T17:58:28.682Z</time>
      </trkpt>
      <trkpt lat="37.9671541" lon="-4.8232153">
        <ele>549</ele>
        <time>2026-08-18T17:58:29.682Z</time>
      </trkpt>
      <trkpt lat="37.967143" lon="-4.8232258">
        <ele>549</ele>
        <time>2026-08-18T17:58:30.682Z</time>
      </trkpt>
      <trkpt lat="37.9671317" lon="-4.8232353">
        <ele>549</ele>
        <time>2026-08-18T17:58:31.682Z</time>
      </trkpt>
      <trkpt lat="37.9671204" lon="-4.8232448">
        <ele>549</ele>
        <time>2026-08-18T17:58:32.682Z</time>
      </trkpt>
      <trkpt lat="37.9671101" lon="-4.8232536">
        <ele>549</ele>
        <time>2026-08-18T17:58:33.682Z</time>
      </trkpt>
      <trkpt lat="37.9670999" lon="-4.8232624">
        <ele>549</ele>
        <time>2026-08-18T17:58:34.682Z</time>
      </trkpt>
      <trkpt lat="37.9670907" lon="-4.823271">
        <ele>549</ele>
        <time>2026-08-18T17:58:35.682Z</time>
      </trkpt>
      <trkpt lat="37.9670816" lon="-4.8232796">
        <ele>549</ele>
        <time>2026-08-18T17:58:36.682Z</time>
      </trkpt>
      <trkpt lat="37.967072" lon="-4.8232874">
        <ele>549</ele>
        <time>2026-08-18T17:58:37.682Z</time>
      </trkpt>
      <trkpt lat="37.9670625" lon="-4.8232952">
        <ele>549</ele>
        <time>2026-08-18T17:58:38.682Z</time>
      </trkpt>
      <trkpt lat="37.9670525" lon="-4.8233016">
        <ele>549</ele>
        <time>2026-08-18T17:58:39.682Z</time>
      </trkpt>
      <trkpt lat="37.9670426" lon="-4.823308">
        <ele>549</ele>
        <time>2026-08-18T17:58:40.682Z</time>
      </trkpt>
      <trkpt lat="37.9670305" lon="-4.823315">
        <ele>549</ele>
        <time>2026-08-18T17:58:41.682Z</time>
      </trkpt>
      <trkpt lat="37.9670184" lon="-4.823322">
        <ele>549</ele>
        <time>2026-08-18T17:58:42.682Z</time>
      </trkpt>
      <trkpt lat="37.9670061" lon="-4.823329">
        <ele>549</ele>
        <time>2026-08-18T17:58:43.682Z</time>
      </trkpt>
      <trkpt lat="37.9669938" lon="-4.8233361">
        <ele>549</ele>
        <time>2026-08-18T17:58:44.682Z</time>
      </trkpt>
      <trkpt lat="37.9669828" lon="-4.8233441">
        <ele>549</ele>
        <time>2026-08-18T17:58:45.682Z</time>
      </trkpt>
      <trkpt lat="37.9669718" lon="-4.8233522">
        <ele>549</ele>
        <time>2026-08-18T17:58:46.682Z</time>
      </trkpt>
      <trkpt lat="37.96696" lon="-4.8233608">
        <ele>549</ele>
        <time>2026-08-18T17:58:47.682Z</time>
      </trkpt>
      <trkpt lat="37.9669483" lon="-4.8233695">
        <ele>549</ele>
        <time>2026-08-18T17:58:48.682Z</time>
      </trkpt>
      <trkpt lat="37.9669355" lon="-4.8233775">
        <ele>549</ele>
        <time>2026-08-18T17:58:49.682Z</time>
      </trkpt>
      <trkpt lat="37.9669228" lon="-4.8233856">
        <ele>549</ele>
        <time>2026-08-18T17:58:50.682Z</time>
      </trkpt>
      <trkpt lat="37.9669094" lon="-4.8233946">
        <ele>549</ele>
        <time>2026-08-18T17:58:51.682Z</time>
      </trkpt>
      <trkpt lat="37.966896" lon="-4.8234036">
        <ele>549</ele>
        <time>2026-08-18T17:58:52.682Z</time>
      </trkpt>
      <trkpt lat="37.9668827" lon="-4.8234122">
        <ele>549</ele>
        <time>2026-08-18T17:58:53.682Z</time>
      </trkpt>
      <trkpt lat="37.9668694" lon="-4.8234209">
        <ele>549</ele>
        <time>2026-08-18T17:58:54.682Z</time>
      </trkpt>
      <trkpt lat="37.9668572" lon="-4.8234299">
        <ele>549</ele>
        <time>2026-08-18T17:58:55.682Z</time>
      </trkpt>
      <trkpt lat="37.966845" lon="-4.8234389">
        <ele>548</ele>
        <time>2026-08-18T17:58:56.682Z</time>
      </trkpt>
      <trkpt lat="37.9668331" lon="-4.8234473">
        <ele>548</ele>
        <time>2026-08-18T17:58:57.682Z</time>
      </trkpt>
      <trkpt lat="37.9668213" lon="-4.8234558">
        <ele>548</ele>
        <time>2026-08-18T17:58:58.682Z</time>
      </trkpt>
      <trkpt lat="37.9668097" lon="-4.8234638">
        <ele>548</ele>
        <time>2026-08-18T17:58:59.682Z</time>
      </trkpt>
      <trkpt lat="37.9667981" lon="-4.8234719">
        <ele>548</ele>
        <time>2026-08-18T17:59:00.682Z</time>
      </trkpt>
      <trkpt lat="37.9667872" lon="-4.8234806">
        <ele>548</ele>
        <time>2026-08-18T17:59:01.682Z</time>
      </trkpt>
      <trkpt lat="37.9667764" lon="-4.8234893">
        <ele>548</ele>
        <time>2026-08-18T17:59:02.682Z</time>
      </trkpt>
      <trkpt lat="37.9667649" lon="-4.8234977">
        <ele>548</ele>
        <time>2026-08-18T17:59:03.682Z</time>
      </trkpt>
      <trkpt lat="37.9667534" lon="-4.8235062">
        <ele>548</ele>
        <time>2026-08-18T17:59:04.682Z</time>
      </trkpt>
      <trkpt lat="37.9667413" lon="-4.8235141">
        <ele>548</ele>
        <time>2026-08-18T17:59:05.682Z</time>
      </trkpt>
      <trkpt lat="37.9667293" lon="-4.8235221">
        <ele>548</ele>
        <time>2026-08-18T17:59:06.682Z</time>
      </trkpt>
      <trkpt lat="37.9667175" lon="-4.8235308">
        <ele>548</ele>
        <time>2026-08-18T17:59:07.682Z</time>
      </trkpt>
      <trkpt lat="37.9667057" lon="-4.8235395">
        <ele>548</ele>
        <time>2026-08-18T17:59:08.682Z</time>
      </trkpt>
      <trkpt lat="37.9666943" lon="-4.8235498">
        <ele>548</ele>
        <time>2026-08-18T17:59:09.682Z</time>
      </trkpt>
      <trkpt lat="37.966683" lon="-4.8235601">
        <ele>548</ele>
        <time>2026-08-18T17:59:10.682Z</time>
      </trkpt>
      <trkpt lat="37.9666728" lon="-4.8235701">
        <ele>548</ele>
        <time>2026-08-18T17:59:11.682Z</time>
      </trkpt>
      <trkpt lat="37.9666626" lon="-4.8235801">
        <ele>548</ele>
        <time>2026-08-18T17:59:12.682Z</time>
      </trkpt>
      <trkpt lat="37.9666525" lon="-4.8235877">
        <ele>548</ele>
        <time>2026-08-18T17:59:13.682Z</time>
      </trkpt>
      <trkpt lat="37.9666424" lon="-4.8235954">
        <ele>548</ele>
        <time>2026-08-18T17:59:14.682Z</time>
      </trkpt>
      <trkpt lat="37.9666306" lon="-4.8236006">
        <ele>548</ele>
        <time>2026-08-18T17:59:15.682Z</time>
      </trkpt>
      <trkpt lat="37.9666188" lon="-4.8236059">
        <ele>548</ele>
        <time>2026-08-18T17:59:16.682Z</time>
      </trkpt>
      <trkpt lat="37.9666058" lon="-4.8236097">
        <ele>548</ele>
        <time>2026-08-18T17:59:17.682Z</time>
      </trkpt>
      <trkpt lat="37.9665929" lon="-4.8236135">
        <ele>548</ele>
        <time>2026-08-18T17:59:18.682Z</time>
      </trkpt>
      <trkpt lat="37.9665804" lon="-4.8236167">
        <ele>549</ele>
        <time>2026-08-18T17:59:19.682Z</time>
      </trkpt>
      <trkpt lat="37.9665679" lon="-4.82362">
        <ele>548</ele>
        <time>2026-08-18T17:59:20.682Z</time>
      </trkpt>
      <trkpt lat="37.9665564" lon="-4.8236219">
        <ele>548</ele>
        <time>2026-08-18T17:59:21.682Z</time>
      </trkpt>
      <trkpt lat="37.9665449" lon="-4.8236239">
        <ele>548</ele>
        <time>2026-08-18T17:59:22.682Z</time>
      </trkpt>
      <trkpt lat="37.9665328" lon="-4.8236234">
        <ele>548</ele>
        <time>2026-08-18T17:59:23.682Z</time>
      </trkpt>
      <trkpt lat="37.9665208" lon="-4.8236229">
        <ele>548</ele>
        <time>2026-08-18T17:59:24.682Z</time>
      </trkpt>
      <trkpt lat="37.9665076" lon="-4.8236213">
        <ele>548</ele>
        <time>2026-08-18T17:59:25.682Z</time>
      </trkpt>
      <trkpt lat="37.9664944" lon="-4.8236197">
        <ele>548</ele>
        <time>2026-08-18T17:59:26.682Z</time>
      </trkpt>
      <trkpt lat="37.9664806" lon="-4.8236187">
        <ele>548</ele>
        <time>2026-08-18T17:59:27.682Z</time>
      </trkpt>
      <trkpt lat="37.9664668" lon="-4.8236178">
        <ele>548</ele>
        <time>2026-08-18T17:59:28.682Z</time>
      </trkpt>
      <trkpt lat="37.9664529" lon="-4.8236178">
        <ele>548</ele>
        <time>2026-08-18T17:59:29.682Z</time>
      </trkpt>
      <trkpt lat="37.9664391" lon="-4.8236179">
        <ele>548</ele>
        <time>2026-08-18T17:59:30.682Z</time>
      </trkpt>
      <trkpt lat="37.9664242" lon="-4.8236188">
        <ele>548</ele>
        <time>2026-08-18T17:59:31.682Z</time>
      </trkpt>
      <trkpt lat="37.9664094" lon="-4.8236198">
        <ele>548</ele>
        <time>2026-08-18T17:59:32.682Z</time>
      </trkpt>
      <trkpt lat="37.9663936" lon="-4.8236219">
        <ele>548</ele>
        <time>2026-08-18T17:59:33.682Z</time>
      </trkpt>
      <trkpt lat="37.9663778" lon="-4.8236241">
        <ele>548</ele>
        <time>2026-08-18T17:59:34.682Z</time>
      </trkpt>
      <trkpt lat="37.9663637" lon="-4.8236255">
        <ele>548</ele>
        <time>2026-08-18T17:59:35.682Z</time>
      </trkpt>
      <trkpt lat="37.9663496" lon="-4.8236269">
        <ele>548</ele>
        <time>2026-08-18T17:59:36.682Z</time>
      </trkpt>
      <trkpt lat="37.9663376" lon="-4.8236272">
        <ele>548</ele>
        <time>2026-08-18T17:59:37.682Z</time>
      </trkpt>
      <trkpt lat="37.9663256" lon="-4.8236275">
        <ele>548</ele>
        <time>2026-08-18T17:59:38.682Z</time>
      </trkpt>
      <trkpt lat="37.9663155" lon="-4.8236276">
        <ele>548</ele>
        <time>2026-08-18T17:59:39.682Z</time>
      </trkpt>
      <trkpt lat="37.9663055" lon="-4.8236278">
        <ele>548</ele>
        <time>2026-08-18T17:59:40.682Z</time>
      </trkpt>
      <trkpt lat="37.9662952" lon="-4.8236275">
        <ele>548</ele>
        <time>2026-08-18T17:59:41.682Z</time>
      </trkpt>
      <trkpt lat="37.9662849" lon="-4.8236273">
        <ele>548</ele>
        <time>2026-08-18T17:59:42.682Z</time>
      </trkpt>
      <trkpt lat="37.9662736" lon="-4.8236267">
        <ele>548</ele>
        <time>2026-08-18T17:59:43.682Z</time>
      </trkpt>
      <trkpt lat="37.9662624" lon="-4.8236261">
        <ele>548</ele>
        <time>2026-08-18T17:59:44.682Z</time>
      </trkpt>
      <trkpt lat="37.9662497" lon="-4.8236231">
        <ele>548</ele>
        <time>2026-08-18T17:59:45.682Z</time>
      </trkpt>
      <trkpt lat="37.9662371" lon="-4.8236201">
        <ele>548</ele>
        <time>2026-08-18T17:59:46.682Z</time>
      </trkpt>
      <trkpt lat="37.9662238" lon="-4.8236143">
        <ele>548</ele>
        <time>2026-08-18T17:59:47.682Z</time>
      </trkpt>
      <trkpt lat="37.9662105" lon="-4.8236085">
        <ele>548</ele>
        <time>2026-08-18T17:59:48.682Z</time>
      </trkpt>
      <trkpt lat="37.9661973" lon="-4.8236048">
        <ele>548</ele>
        <time>2026-08-18T17:59:49.682Z</time>
      </trkpt>
      <trkpt lat="37.9661842" lon="-4.8236012">
        <ele>548</ele>
        <time>2026-08-18T17:59:50.682Z</time>
      </trkpt>
      <trkpt lat="37.9661708" lon="-4.8235999">
        <ele>548</ele>
        <time>2026-08-18T17:59:51.682Z</time>
      </trkpt>
      <trkpt lat="37.9661574" lon="-4.8235986">
        <ele>548</ele>
        <time>2026-08-18T17:59:52.682Z</time>
      </trkpt>
      <trkpt lat="37.9661433" lon="-4.8235974">
        <ele>548</ele>
        <time>2026-08-18T17:59:53.682Z</time>
      </trkpt>
      <trkpt lat="37.9661292" lon="-4.8235962">
        <ele>548</ele>
        <time>2026-08-18T17:59:54.682Z</time>
      </trkpt>
      <trkpt lat="37.9661141" lon="-4.8235942">
        <ele>548</ele>
        <time>2026-08-18T17:59:55.682Z</time>
      </trkpt>
      <trkpt lat="37.966099" lon="-4.8235923">
        <ele>548</ele>
        <time>2026-08-18T17:59:56.682Z</time>
      </trkpt>
      <trkpt lat="37.9660836" lon="-4.8235906">
        <ele>548</ele>
        <time>2026-08-18T17:59:57.682Z</time>
      </trkpt>
      <trkpt lat="37.9660683" lon="-4.823589">
        <ele>548</ele>
        <time>2026-08-18T17:59:58.682Z</time>
      </trkpt>
      <trkpt lat="37.9660531" lon="-4.8235884">
        <ele>548</ele>
        <time>2026-08-18T17:59:59.682Z</time>
      </trkpt>
      <trkpt lat="37.966038" lon="-4.8235879">
        <ele>548</ele>
        <time>2026-08-18T18:00:00.682Z</time>
      </trkpt>
      <trkpt lat="37.9660248" lon="-4.8235874">
        <ele>548</ele>
        <time>2026-08-18T18:00:01.682Z</time>
      </trkpt>
      <trkpt lat="37.9660116" lon="-4.8235869">
        <ele>548</ele>
        <time>2026-08-18T18:00:02.682Z</time>
      </trkpt>
      <trkpt lat="37.9660006" lon="-4.823587">
        <ele>549</ele>
        <time>2026-08-18T18:00:03.682Z</time>
      </trkpt>
      <trkpt lat="37.9659896" lon="-4.8235871">
        <ele>549</ele>
        <time>2026-08-18T18:00:04.682Z</time>
      </trkpt>
      <trkpt lat="37.9659787" lon="-4.8235883">
        <ele>549</ele>
        <time>2026-08-18T18:00:05.682Z</time>
      </trkpt>
      <trkpt lat="37.9659678" lon="-4.8235895">
        <ele>549</ele>
        <time>2026-08-18T18:00:06.682Z</time>
      </trkpt>
      <trkpt lat="37.965956" lon="-4.8235937">
        <ele>549</ele>
        <time>2026-08-18T18:00:07.682Z</time>
      </trkpt>
      <trkpt lat="37.9659442" lon="-4.823598">
        <ele>549</ele>
        <time>2026-08-18T18:00:08.682Z</time>
      </trkpt>
      <trkpt lat="37.9659334" lon="-4.8236063">
        <ele>549</ele>
        <time>2026-08-18T18:00:09.682Z</time>
      </trkpt>
      <trkpt lat="37.9659227" lon="-4.8236147">
        <ele>549</ele>
        <time>2026-08-18T18:00:10.682Z</time>
      </trkpt>
      <trkpt lat="37.9659128" lon="-4.8236258">
        <ele>549</ele>
        <time>2026-08-18T18:00:11.682Z</time>
      </trkpt>
      <trkpt lat="37.965903" lon="-4.8236369">
        <ele>548</ele>
        <time>2026-08-18T18:00:12.682Z</time>
      </trkpt>
      <trkpt lat="37.9658932" lon="-4.8236498">
        <ele>548</ele>
        <time>2026-08-18T18:00:13.682Z</time>
      </trkpt>
      <trkpt lat="37.9658834" lon="-4.8236627">
        <ele>548</ele>
        <time>2026-08-18T18:00:14.682Z</time>
      </trkpt>
      <trkpt lat="37.9658737" lon="-4.8236754">
        <ele>548</ele>
        <time>2026-08-18T18:00:15.682Z</time>
      </trkpt>
      <trkpt lat="37.9658641" lon="-4.8236882">
        <ele>548</ele>
        <time>2026-08-18T18:00:16.682Z</time>
      </trkpt>
      <trkpt lat="37.9658542" lon="-4.823702">
        <ele>548</ele>
        <time>2026-08-18T18:00:17.682Z</time>
      </trkpt>
      <trkpt lat="37.9658444" lon="-4.8237158">
        <ele>548</ele>
        <time>2026-08-18T18:00:18.682Z</time>
      </trkpt>
      <trkpt lat="37.9658352" lon="-4.8237312">
        <ele>548</ele>
        <time>2026-08-18T18:00:19.682Z</time>
      </trkpt>
      <trkpt lat="37.965826" lon="-4.8237467">
        <ele>548</ele>
        <time>2026-08-18T18:00:20.682Z</time>
      </trkpt>
      <trkpt lat="37.9658175" lon="-4.8237629">
        <ele>548</ele>
        <time>2026-08-18T18:00:21.682Z</time>
      </trkpt>
      <trkpt lat="37.9658091" lon="-4.8237791">
        <ele>548</ele>
        <time>2026-08-18T18:00:22.682Z</time>
      </trkpt>
      <trkpt lat="37.9658007" lon="-4.8237957">
        <ele>548</ele>
        <time>2026-08-18T18:00:23.682Z</time>
      </trkpt>
      <trkpt lat="37.9657923" lon="-4.8238124">
        <ele>548</ele>
        <time>2026-08-18T18:00:24.682Z</time>
      </trkpt>
      <trkpt lat="37.9657842" lon="-4.8238279">
        <ele>548</ele>
        <time>2026-08-18T18:00:25.682Z</time>
      </trkpt>
      <trkpt lat="37.9657762" lon="-4.8238434">
        <ele>548</ele>
        <time>2026-08-18T18:00:26.682Z</time>
      </trkpt>
      <trkpt lat="37.9657692" lon="-4.8238575">
        <ele>548</ele>
        <time>2026-08-18T18:00:27.682Z</time>
      </trkpt>
      <trkpt lat="37.9657622" lon="-4.8238717">
        <ele>547</ele>
        <time>2026-08-18T18:00:28.682Z</time>
      </trkpt>
      <trkpt lat="37.9657577" lon="-4.8238864">
        <ele>547</ele>
        <time>2026-08-18T18:00:29.682Z</time>
      </trkpt>
      <trkpt lat="37.9657532" lon="-4.8239011">
        <ele>547</ele>
        <time>2026-08-18T18:00:30.682Z</time>
      </trkpt>
      <trkpt lat="37.9657485" lon="-4.8239153">
        <ele>547</ele>
        <time>2026-08-18T18:00:31.682Z</time>
      </trkpt>
      <trkpt lat="37.9657438" lon="-4.8239296">
        <ele>547</ele>
        <time>2026-08-18T18:00:32.682Z</time>
      </trkpt>
      <trkpt lat="37.9657372" lon="-4.8239433">
        <ele>547</ele>
        <time>2026-08-18T18:00:33.682Z</time>
      </trkpt>
      <trkpt lat="37.9657306" lon="-4.8239571">
        <ele>547</ele>
        <time>2026-08-18T18:00:34.682Z</time>
      </trkpt>
      <trkpt lat="37.9657222" lon="-4.8239704">
        <ele>547</ele>
        <time>2026-08-18T18:00:35.682Z</time>
      </trkpt>
      <trkpt lat="37.9657138" lon="-4.8239837">
        <ele>547</ele>
        <time>2026-08-18T18:00:36.682Z</time>
      </trkpt>
      <trkpt lat="37.9657044" lon="-4.8239968">
        <ele>547</ele>
        <time>2026-08-18T18:00:37.682Z</time>
      </trkpt>
      <trkpt lat="37.965695" lon="-4.8240099">
        <ele>547</ele>
        <time>2026-08-18T18:00:38.682Z</time>
      </trkpt>
      <trkpt lat="37.9656852" lon="-4.8240238">
        <ele>547</ele>
        <time>2026-08-18T18:00:39.682Z</time>
      </trkpt>
      <trkpt lat="37.9656755" lon="-4.8240378">
        <ele>547</ele>
        <time>2026-08-18T18:00:40.682Z</time>
      </trkpt>
      <trkpt lat="37.9656668" lon="-4.8240534">
        <ele>547</ele>
        <time>2026-08-18T18:00:41.682Z</time>
      </trkpt>
      <trkpt lat="37.9656582" lon="-4.824069">
        <ele>547</ele>
        <time>2026-08-18T18:00:42.682Z</time>
      </trkpt>
      <trkpt lat="37.9656477" lon="-4.8240828">
        <ele>547</ele>
        <time>2026-08-18T18:00:43.682Z</time>
      </trkpt>
      <trkpt lat="37.9656372" lon="-4.8240967">
        <ele>547</ele>
        <time>2026-08-18T18:00:44.682Z</time>
      </trkpt>
      <trkpt lat="37.9656245" lon="-4.8241084">
        <ele>547</ele>
        <time>2026-08-18T18:00:45.682Z</time>
      </trkpt>
      <trkpt lat="37.9656119" lon="-4.8241202">
        <ele>547</ele>
        <time>2026-08-18T18:00:46.682Z</time>
      </trkpt>
      <trkpt lat="37.9655997" lon="-4.8241309">
        <ele>547</ele>
        <time>2026-08-18T18:00:47.682Z</time>
      </trkpt>
      <trkpt lat="37.9655876" lon="-4.8241417">
        <ele>546</ele>
        <time>2026-08-18T18:00:48.682Z</time>
      </trkpt>
      <trkpt lat="37.9655763" lon="-4.8241519">
        <ele>546</ele>
        <time>2026-08-18T18:00:49.682Z</time>
      </trkpt>
      <trkpt lat="37.9655651" lon="-4.8241621">
        <ele>546</ele>
        <time>2026-08-18T18:00:50.682Z</time>
      </trkpt>
      <trkpt lat="37.9655548" lon="-4.8241721">
        <ele>546</ele>
        <time>2026-08-18T18:00:51.682Z</time>
      </trkpt>
      <trkpt lat="37.9655445" lon="-4.8241822">
        <ele>545</ele>
        <time>2026-08-18T18:00:52.682Z</time>
      </trkpt>
      <trkpt lat="37.9655352" lon="-4.8241929">
        <ele>545</ele>
        <time>2026-08-18T18:00:53.682Z</time>
      </trkpt>
      <trkpt lat="37.965526" lon="-4.8242037">
        <ele>545</ele>
        <time>2026-08-18T18:00:54.682Z</time>
      </trkpt>
      <trkpt lat="37.9655182" lon="-4.8242158">
        <ele>545</ele>
        <time>2026-08-18T18:00:55.682Z</time>
      </trkpt>
      <trkpt lat="37.9655104" lon="-4.824228">
        <ele>545</ele>
        <time>2026-08-18T18:00:56.682Z</time>
      </trkpt>
      <trkpt lat="37.9655027" lon="-4.8242418">
        <ele>545</ele>
        <time>2026-08-18T18:00:57.682Z</time>
      </trkpt>
      <trkpt lat="37.965495" lon="-4.8242557">
        <ele>545</ele>
        <time>2026-08-18T18:00:58.682Z</time>
      </trkpt>
      <trkpt lat="37.9654846" lon="-4.8242695">
        <ele>545</ele>
        <time>2026-08-18T18:00:59.682Z</time>
      </trkpt>
      <trkpt lat="37.9654742" lon="-4.8242833">
        <ele>545</ele>
        <time>2026-08-18T18:01:00.682Z</time>
      </trkpt>
      <trkpt lat="37.9654633" lon="-4.8242952">
        <ele>545</ele>
        <time>2026-08-18T18:01:01.682Z</time>
      </trkpt>
      <trkpt lat="37.9654525" lon="-4.8243072">
        <ele>545</ele>
        <time>2026-08-18T18:01:02.682Z</time>
      </trkpt>
      <trkpt lat="37.9654432" lon="-4.824318">
        <ele>545</ele>
        <time>2026-08-18T18:01:03.682Z</time>
      </trkpt>
      <trkpt lat="37.965434" lon="-4.8243289">
        <ele>544</ele>
        <time>2026-08-18T18:01:04.682Z</time>
      </trkpt>
      <trkpt lat="37.9654254" lon="-4.8243412">
        <ele>544</ele>
        <time>2026-08-18T18:01:05.682Z</time>
      </trkpt>
      <trkpt lat="37.9654168" lon="-4.8243535">
        <ele>544</ele>
        <time>2026-08-18T18:01:06.682Z</time>
      </trkpt>
      <trkpt lat="37.9654086" lon="-4.8243679">
        <ele>544</ele>
        <time>2026-08-18T18:01:07.682Z</time>
      </trkpt>
      <trkpt lat="37.9654004" lon="-4.8243823">
        <ele>544</ele>
        <time>2026-08-18T18:01:08.682Z</time>
      </trkpt>
      <trkpt lat="37.9653913" lon="-4.8243972">
        <ele>544</ele>
        <time>2026-08-18T18:01:09.682Z</time>
      </trkpt>
      <trkpt lat="37.9653822" lon="-4.8244122">
        <ele>544</ele>
        <time>2026-08-18T18:01:10.682Z</time>
      </trkpt>
      <trkpt lat="37.9653725" lon="-4.824426">
        <ele>544</ele>
        <time>2026-08-18T18:01:11.682Z</time>
      </trkpt>
      <trkpt lat="37.9653628" lon="-4.8244399">
        <ele>543</ele>
        <time>2026-08-18T18:01:12.682Z</time>
      </trkpt>
      <trkpt lat="37.965353" lon="-4.8244527">
        <ele>543</ele>
        <time>2026-08-18T18:01:13.682Z</time>
      </trkpt>
      <trkpt lat="37.9653432" lon="-4.8244656">
        <ele>543</ele>
        <time>2026-08-18T18:01:14.682Z</time>
      </trkpt>
      <trkpt lat="37.9653339" lon="-4.8244791">
        <ele>543</ele>
        <time>2026-08-18T18:01:15.682Z</time>
      </trkpt>
      <trkpt lat="37.9653246" lon="-4.8244927">
        <ele>543</ele>
        <time>2026-08-18T18:01:16.682Z</time>
      </trkpt>
      <trkpt lat="37.9653174" lon="-4.8245085">
        <ele>543</ele>
        <time>2026-08-18T18:01:17.682Z</time>
      </trkpt>
      <trkpt lat="37.9653102" lon="-4.8245243">
        <ele>543</ele>
        <time>2026-08-18T18:01:18.682Z</time>
      </trkpt>
      <trkpt lat="37.9653066" lon="-4.8245422">
        <ele>543</ele>
        <time>2026-08-18T18:01:19.682Z</time>
      </trkpt>
      <trkpt lat="37.965303" lon="-4.8245602">
        <ele>543</ele>
        <time>2026-08-18T18:01:20.682Z</time>
      </trkpt>
      <trkpt lat="37.9653015" lon="-4.8245792">
        <ele>543</ele>
        <time>2026-08-18T18:01:21.682Z</time>
      </trkpt>
      <trkpt lat="37.9653001" lon="-4.8245983">
        <ele>543</ele>
        <time>2026-08-18T18:01:22.682Z</time>
      </trkpt>
      <trkpt lat="37.965298" lon="-4.8246157">
        <ele>543</ele>
        <time>2026-08-18T18:01:23.682Z</time>
      </trkpt>
      <trkpt lat="37.9652959" lon="-4.8246332">
        <ele>543</ele>
        <time>2026-08-18T18:01:24.682Z</time>
      </trkpt>
      <trkpt lat="37.9652927" lon="-4.8246496">
        <ele>543</ele>
        <time>2026-08-18T18:01:25.682Z</time>
      </trkpt>
      <trkpt lat="37.9652896" lon="-4.8246661">
        <ele>543</ele>
        <time>2026-08-18T18:01:26.682Z</time>
      </trkpt>
      <trkpt lat="37.9652852" lon="-4.824681">
        <ele>544</ele>
        <time>2026-08-18T18:01:27.682Z</time>
      </trkpt>
      <trkpt lat="37.9652809" lon="-4.824696">
        <ele>544</ele>
        <time>2026-08-18T18:01:28.682Z</time>
      </trkpt>
      <trkpt lat="37.965275" lon="-4.8247119">
        <ele>544</ele>
        <time>2026-08-18T18:01:29.682Z</time>
      </trkpt>
      <trkpt lat="37.9652691" lon="-4.8247279">
        <ele>544</ele>
        <time>2026-08-18T18:01:30.682Z</time>
      </trkpt>
      <trkpt lat="37.9652627" lon="-4.8247463">
        <ele>544</ele>
        <time>2026-08-18T18:01:31.682Z</time>
      </trkpt>
      <trkpt lat="37.9652563" lon="-4.8247647">
        <ele>543</ele>
        <time>2026-08-18T18:01:32.682Z</time>
      </trkpt>
      <trkpt lat="37.9652489" lon="-4.8247823">
        <ele>543</ele>
        <time>2026-08-18T18:01:33.682Z</time>
      </trkpt>
      <trkpt lat="37.9652415" lon="-4.8247999">
        <ele>543</ele>
        <time>2026-08-18T18:01:34.682Z</time>
      </trkpt>
      <trkpt lat="37.9652354" lon="-4.8248161">
        <ele>543</ele>
        <time>2026-08-18T18:01:35.682Z</time>
      </trkpt>
      <trkpt lat="37.9652293" lon="-4.8248324">
        <ele>543</ele>
        <time>2026-08-18T18:01:36.682Z</time>
      </trkpt>
      <trkpt lat="37.9652247" lon="-4.8248475">
        <ele>543</ele>
        <time>2026-08-18T18:01:37.682Z</time>
      </trkpt>
      <trkpt lat="37.9652201" lon="-4.8248626">
        <ele>543</ele>
        <time>2026-08-18T18:01:38.682Z</time>
      </trkpt>
      <trkpt lat="37.9652171" lon="-4.8248796">
        <ele>543</ele>
        <time>2026-08-18T18:01:39.682Z</time>
      </trkpt>
      <trkpt lat="37.9652141" lon="-4.8248966">
        <ele>543</ele>
        <time>2026-08-18T18:01:40.682Z</time>
      </trkpt>
      <trkpt lat="37.9652125" lon="-4.8249157">
        <ele>543</ele>
        <time>2026-08-18T18:01:41.682Z</time>
      </trkpt>
      <trkpt lat="37.965211" lon="-4.8249349">
        <ele>543</ele>
        <time>2026-08-18T18:01:42.682Z</time>
      </trkpt>
      <trkpt lat="37.9652114" lon="-4.8249522">
        <ele>543</ele>
        <time>2026-08-18T18:01:43.682Z</time>
      </trkpt>
      <trkpt lat="37.9652119" lon="-4.8249695">
        <ele>543</ele>
        <time>2026-08-18T18:01:44.682Z</time>
      </trkpt>
      <trkpt lat="37.9652141" lon="-4.8249866">
        <ele>543</ele>
        <time>2026-08-18T18:01:45.682Z</time>
      </trkpt>
      <trkpt lat="37.9652164" lon="-4.8250038">
        <ele>543</ele>
        <time>2026-08-18T18:01:46.682Z</time>
      </trkpt>
      <trkpt lat="37.9652187" lon="-4.8250241">
        <ele>543</ele>
        <time>2026-08-18T18:01:47.682Z</time>
      </trkpt>
      <trkpt lat="37.9652211" lon="-4.8250444">
        <ele>542</ele>
        <time>2026-08-18T18:01:48.682Z</time>
      </trkpt>
      <trkpt lat="37.965224" lon="-4.8250655">
        <ele>542</ele>
        <time>2026-08-18T18:01:49.682Z</time>
      </trkpt>
      <trkpt lat="37.965227" lon="-4.8250866">
        <ele>542</ele>
        <time>2026-08-18T18:01:50.682Z</time>
      </trkpt>
      <trkpt lat="37.9652309" lon="-4.8251058">
        <ele>542</ele>
        <time>2026-08-18T18:01:51.682Z</time>
      </trkpt>
      <trkpt lat="37.9652348" lon="-4.825125">
        <ele>542</ele>
        <time>2026-08-18T18:01:52.682Z</time>
      </trkpt>
      <trkpt lat="37.9652392" lon="-4.8251426">
        <ele>542</ele>
        <time>2026-08-18T18:01:53.682Z</time>
      </trkpt>
      <trkpt lat="37.9652436" lon="-4.8251602">
        <ele>542</ele>
        <time>2026-08-18T18:01:54.682Z</time>
      </trkpt>
      <trkpt lat="37.9652488" lon="-4.8251789">
        <ele>542</ele>
        <time>2026-08-18T18:01:55.682Z</time>
      </trkpt>
      <trkpt lat="37.9652541" lon="-4.8251977">
        <ele>542</ele>
        <time>2026-08-18T18:01:56.682Z</time>
      </trkpt>
      <trkpt lat="37.9652611" lon="-4.8252144">
        <ele>542</ele>
        <time>2026-08-18T18:01:57.682Z</time>
      </trkpt>
      <trkpt lat="37.9652681" lon="-4.8252312">
        <ele>542</ele>
        <time>2026-08-18T18:01:58.682Z</time>
      </trkpt>
      <trkpt lat="37.9652766" lon="-4.8252457">
        <ele>542</ele>
        <time>2026-08-18T18:01:59.682Z</time>
      </trkpt>
      <trkpt lat="37.9652852" lon="-4.8252603">
        <ele>542</ele>
        <time>2026-08-18T18:02:00.682Z</time>
      </trkpt>
      <trkpt lat="37.9652954" lon="-4.8252722">
        <ele>542</ele>
        <time>2026-08-18T18:02:01.682Z</time>
      </trkpt>
      <trkpt lat="37.9653056" lon="-4.8252842">
        <ele>542</ele>
        <time>2026-08-18T18:02:02.682Z</time>
      </trkpt>
      <trkpt lat="37.9653168" lon="-4.8252946">
        <ele>542</ele>
        <time>2026-08-18T18:02:03.682Z</time>
      </trkpt>
      <trkpt lat="37.965328" lon="-4.8253051">
        <ele>541</ele>
        <time>2026-08-18T18:02:04.682Z</time>
      </trkpt>
      <trkpt lat="37.9653407" lon="-4.8253143">
        <ele>541</ele>
        <time>2026-08-18T18:02:05.682Z</time>
      </trkpt>
      <trkpt lat="37.9653534" lon="-4.8253236">
        <ele>541</ele>
        <time>2026-08-18T18:02:06.682Z</time>
      </trkpt>
      <trkpt lat="37.9653676" lon="-4.8253308">
        <ele>541</ele>
        <time>2026-08-18T18:02:07.682Z</time>
      </trkpt>
      <trkpt lat="37.9653818" lon="-4.825338">
        <ele>541</ele>
        <time>2026-08-18T18:02:08.682Z</time>
      </trkpt>
      <trkpt lat="37.9653973" lon="-4.8253437">
        <ele>541</ele>
        <time>2026-08-18T18:02:09.682Z</time>
      </trkpt>
      <trkpt lat="37.9654128" lon="-4.8253495">
        <ele>541</ele>
        <time>2026-08-18T18:02:10.682Z</time>
      </trkpt>
      <trkpt lat="37.9654272" lon="-4.8253537">
        <ele>541</ele>
        <time>2026-08-18T18:02:11.682Z</time>
      </trkpt>
      <trkpt lat="37.9654417" lon="-4.8253579">
        <ele>541</ele>
        <time>2026-08-18T18:02:12.682Z</time>
      </trkpt>
      <trkpt lat="37.9654539" lon="-4.8253655">
        <ele>541</ele>
        <time>2026-08-18T18:02:13.682Z</time>
      </trkpt>
      <trkpt lat="37.9654662" lon="-4.8253731">
        <ele>541</ele>
        <time>2026-08-18T18:02:14.682Z</time>
      </trkpt>
      <trkpt lat="37.9654758" lon="-4.8253857">
        <ele>541</ele>
        <time>2026-08-18T18:02:15.682Z</time>
      </trkpt>
      <trkpt lat="37.9654855" lon="-4.8253983">
        <ele>541</ele>
        <time>2026-08-18T18:02:16.682Z</time>
      </trkpt>
      <trkpt lat="37.9654926" lon="-4.825414">
        <ele>541</ele>
        <time>2026-08-18T18:02:17.682Z</time>
      </trkpt>
      <trkpt lat="37.9654997" lon="-4.8254297">
        <ele>541</ele>
        <time>2026-08-18T18:02:18.682Z</time>
      </trkpt>
      <trkpt lat="37.9655046" lon="-4.8254454">
        <ele>541</ele>
        <time>2026-08-18T18:02:19.682Z</time>
      </trkpt>
      <trkpt lat="37.9655095" lon="-4.8254611">
        <ele>541</ele>
        <time>2026-08-18T18:02:20.682Z</time>
      </trkpt>
      <trkpt lat="37.9655119" lon="-4.8254767">
        <ele>541</ele>
        <time>2026-08-18T18:02:21.682Z</time>
      </trkpt>
      <trkpt lat="37.9655143" lon="-4.8254923">
        <ele>541</ele>
        <time>2026-08-18T18:02:22.682Z</time>
      </trkpt>
      <trkpt lat="37.9655143" lon="-4.8255018">
        <ele>541</ele>
        <time>2026-08-18T18:02:52.682Z</time>
      </trkpt>
      <trkpt lat="37.9655129" lon="-4.8255077">
        <ele>541</ele>
        <time>2026-08-18T18:02:53.682Z</time>
      </trkpt>
      <trkpt lat="37.9655116" lon="-4.8255136">
        <ele>541</ele>
        <time>2026-08-18T18:02:54.682Z</time>
      </trkpt>
      <trkpt lat="37.9655084" lon="-4.8255185">
        <ele>542</ele>
        <time>2026-08-18T18:02:55.682Z</time>
      </trkpt>
      <trkpt lat="37.9655053" lon="-4.8255235">
        <ele>541</ele>
        <time>2026-08-18T18:02:56.682Z</time>
      </trkpt>
      <trkpt lat="37.9655003" lon="-4.8255311">
        <ele>541</ele>
        <time>2026-08-18T18:02:57.682Z</time>
      </trkpt>
      <trkpt lat="37.9654954" lon="-4.8255387">
        <ele>541</ele>
        <time>2026-08-18T18:02:58.682Z</time>
      </trkpt>
      <trkpt lat="37.9654897" lon="-4.8255483">
        <ele>541</ele>
        <time>2026-08-18T18:02:59.682Z</time>
      </trkpt>
      <trkpt lat="37.965484" lon="-4.8255579">
        <ele>540</ele>
        <time>2026-08-18T18:03:00.682Z</time>
      </trkpt>
      <trkpt lat="37.9654773" lon="-4.8255668">
        <ele>540</ele>
        <time>2026-08-18T18:03:01.682Z</time>
      </trkpt>
      <trkpt lat="37.9654707" lon="-4.8255757">
        <ele>540</ele>
        <time>2026-08-18T18:03:02.682Z</time>
      </trkpt>
      <trkpt lat="37.9654627" lon="-4.825582">
        <ele>540</ele>
        <time>2026-08-18T18:03:03.682Z</time>
      </trkpt>
      <trkpt lat="37.9654548" lon="-4.8255884">
        <ele>540</ele>
        <time>2026-08-18T18:03:04.682Z</time>
      </trkpt>
      <trkpt lat="37.9654481" lon="-4.8255905">
        <ele>540</ele>
        <time>2026-08-18T18:03:05.682Z</time>
      </trkpt>
      <trkpt lat="37.9654415" lon="-4.8255926">
        <ele>540</ele>
        <time>2026-08-18T18:03:06.682Z</time>
      </trkpt>
      <trkpt lat="37.9654378" lon="-4.8255976">
        <ele>540</ele>
        <time>2026-08-18T18:03:07.682Z</time>
      </trkpt>
      <trkpt lat="37.9654342" lon="-4.8256026">
        <ele>540</ele>
        <time>2026-08-18T18:03:08.682Z</time>
      </trkpt>
      <trkpt lat="37.9654297" lon="-4.8256136">
        <ele>540</ele>
        <time>2026-08-18T18:03:09.682Z</time>
      </trkpt>
      <trkpt lat="37.9654253" lon="-4.8256246">
        <ele>540</ele>
        <time>2026-08-18T18:03:10.682Z</time>
      </trkpt>
      <trkpt lat="37.9654195" lon="-4.8256382">
        <ele>540</ele>
        <time>2026-08-18T18:03:11.682Z</time>
      </trkpt>
      <trkpt lat="37.9654137" lon="-4.8256519">
        <ele>539</ele>
        <time>2026-08-18T18:03:12.682Z</time>
      </trkpt>
      <trkpt lat="37.9654077" lon="-4.8256665">
        <ele>539</ele>
        <time>2026-08-18T18:03:13.682Z</time>
      </trkpt>
      <trkpt lat="37.9654018" lon="-4.8256811">
        <ele>539</ele>
        <time>2026-08-18T18:03:14.682Z</time>
      </trkpt>
      <trkpt lat="37.965395" lon="-4.8256931">
        <ele>539</ele>
        <time>2026-08-18T18:03:15.682Z</time>
      </trkpt>
      <trkpt lat="37.9653883" lon="-4.8257052">
        <ele>539</ele>
        <time>2026-08-18T18:03:16.682Z</time>
      </trkpt>
      <trkpt lat="37.9653804" lon="-4.8257143">
        <ele>539</ele>
        <time>2026-08-18T18:03:17.682Z</time>
      </trkpt>
      <trkpt lat="37.9653725" lon="-4.8257234">
        <ele>539</ele>
        <time>2026-08-18T18:03:18.682Z</time>
      </trkpt>
      <trkpt lat="37.9653636" lon="-4.8257319">
        <ele>539</ele>
        <time>2026-08-18T18:03:19.682Z</time>
      </trkpt>
      <trkpt lat="37.9653548" lon="-4.8257404">
        <ele>538</ele>
        <time>2026-08-18T18:03:20.682Z</time>
      </trkpt>
      <trkpt lat="37.9653454" lon="-4.82575">
        <ele>538</ele>
        <time>2026-08-18T18:03:21.682Z</time>
      </trkpt>
      <trkpt lat="37.965336" lon="-4.8257597">
        <ele>538</ele>
        <time>2026-08-18T18:03:22.682Z</time>
      </trkpt>
      <trkpt lat="37.965329" lon="-4.8257734">
        <ele>538</ele>
        <time>2026-08-18T18:03:23.682Z</time>
      </trkpt>
      <trkpt lat="37.965322" lon="-4.8257872">
        <ele>538</ele>
        <time>2026-08-18T18:03:24.682Z</time>
      </trkpt>
      <trkpt lat="37.9653178" lon="-4.8258035">
        <ele>538</ele>
        <time>2026-08-18T18:03:25.682Z</time>
      </trkpt>
      <trkpt lat="37.9653136" lon="-4.8258199">
        <ele>538</ele>
        <time>2026-08-18T18:03:26.682Z</time>
      </trkpt>
      <trkpt lat="37.9653121" lon="-4.8258354">
        <ele>538</ele>
        <time>2026-08-18T18:03:27.682Z</time>
      </trkpt>
      <trkpt lat="37.9653107" lon="-4.825851">
        <ele>537</ele>
        <time>2026-08-18T18:03:28.682Z</time>
      </trkpt>
      <trkpt lat="37.9653095" lon="-4.8258638">
        <ele>537</ele>
        <time>2026-08-18T18:03:29.682Z</time>
      </trkpt>
      <trkpt lat="37.9653083" lon="-4.8258767">
        <ele>537</ele>
        <time>2026-08-18T18:03:30.682Z</time>
      </trkpt>
      <trkpt lat="37.9653072" lon="-4.8258903">
        <ele>537</ele>
        <time>2026-08-18T18:03:31.682Z</time>
      </trkpt>
      <trkpt lat="37.9653062" lon="-4.825904">
        <ele>536</ele>
        <time>2026-08-18T18:03:32.682Z</time>
      </trkpt>
      <trkpt lat="37.9653057" lon="-4.8259193">
        <ele>536</ele>
        <time>2026-08-18T18:03:33.682Z</time>
      </trkpt>
      <trkpt lat="37.9653052" lon="-4.8259347">
        <ele>536</ele>
        <time>2026-08-18T18:03:34.682Z</time>
      </trkpt>
      <trkpt lat="37.9653018" lon="-4.8259469">
        <ele>536</ele>
        <time>2026-08-18T18:03:35.682Z</time>
      </trkpt>
      <trkpt lat="37.9652984" lon="-4.8259592">
        <ele>536</ele>
        <time>2026-08-18T18:03:36.682Z</time>
      </trkpt>
      <trkpt lat="37.9652907" lon="-4.8259687">
        <ele>536</ele>
        <time>2026-08-18T18:03:37.682Z</time>
      </trkpt>
      <trkpt lat="37.965283" lon="-4.8259783">
        <ele>536</ele>
        <time>2026-08-18T18:03:38.682Z</time>
      </trkpt>
      <trkpt lat="37.9652742" lon="-4.8259876">
        <ele>537</ele>
        <time>2026-08-18T18:03:39.682Z</time>
      </trkpt>
      <trkpt lat="37.9652655" lon="-4.825997">
        <ele>536</ele>
        <time>2026-08-18T18:03:40.682Z</time>
      </trkpt>
      <trkpt lat="37.9652567" lon="-4.826007">
        <ele>536</ele>
        <time>2026-08-18T18:03:41.682Z</time>
      </trkpt>
      <trkpt lat="37.9652479" lon="-4.826017">
        <ele>536</ele>
        <time>2026-08-18T18:03:42.682Z</time>
      </trkpt>
      <trkpt lat="37.965238" lon="-4.8260285">
        <ele>536</ele>
        <time>2026-08-18T18:03:43.682Z</time>
      </trkpt>
      <trkpt lat="37.9652281" lon="-4.82604">
        <ele>536</ele>
        <time>2026-08-18T18:03:44.682Z</time>
      </trkpt>
      <trkpt lat="37.9652161" lon="-4.8260461">
        <ele>537</ele>
        <time>2026-08-18T18:03:45.682Z</time>
      </trkpt>
      <trkpt lat="37.9652041" lon="-4.8260522">
        <ele>537</ele>
        <time>2026-08-18T18:03:46.682Z</time>
      </trkpt>
      <trkpt lat="37.9651908" lon="-4.8260576">
        <ele>538</ele>
        <time>2026-08-18T18:03:47.682Z</time>
      </trkpt>
      <trkpt lat="37.9651775" lon="-4.8260631">
        <ele>537</ele>
        <time>2026-08-18T18:03:48.682Z</time>
      </trkpt>
      <trkpt lat="37.9651651" lon="-4.8260701">
        <ele>537</ele>
        <time>2026-08-18T18:03:49.682Z</time>
      </trkpt>
      <trkpt lat="37.9651528" lon="-4.8260771">
        <ele>537</ele>
        <time>2026-08-18T18:03:50.682Z</time>
      </trkpt>
      <trkpt lat="37.96514" lon="-4.8260817">
        <ele>537</ele>
        <time>2026-08-18T18:03:51.682Z</time>
      </trkpt>
      <trkpt lat="37.9651272" lon="-4.8260863">
        <ele>537</ele>
        <time>2026-08-18T18:03:52.682Z</time>
      </trkpt>
      <trkpt lat="37.9651129" lon="-4.8260911">
        <ele>537</ele>
        <time>2026-08-18T18:03:53.682Z</time>
      </trkpt>
      <trkpt lat="37.9650986" lon="-4.8260959">
        <ele>537</ele>
        <time>2026-08-18T18:03:54.682Z</time>
      </trkpt>
      <trkpt lat="37.9650841" lon="-4.8261016">
        <ele>538</ele>
        <time>2026-08-18T18:03:55.682Z</time>
      </trkpt>
      <trkpt lat="37.9650696" lon="-4.8261074">
        <ele>537</ele>
        <time>2026-08-18T18:03:56.682Z</time>
      </trkpt>
      <trkpt lat="37.965057" lon="-4.8261165">
        <ele>537</ele>
        <time>2026-08-18T18:03:57.682Z</time>
      </trkpt>
      <trkpt lat="37.9650445" lon="-4.8261257">
        <ele>537</ele>
        <time>2026-08-18T18:03:58.682Z</time>
      </trkpt>
      <trkpt lat="37.965036" lon="-4.826138">
        <ele>537</ele>
        <time>2026-08-18T18:03:59.682Z</time>
      </trkpt>
      <trkpt lat="37.9650275" lon="-4.8261503">
        <ele>536</ele>
        <time>2026-08-18T18:04:00.682Z</time>
      </trkpt>
      <trkpt lat="37.9650221" lon="-4.8261661">
        <ele>536</ele>
        <time>2026-08-18T18:04:01.682Z</time>
      </trkpt>
      <trkpt lat="37.9650168" lon="-4.8261819">
        <ele>536</ele>
        <time>2026-08-18T18:04:02.682Z</time>
      </trkpt>
      <trkpt lat="37.9650155" lon="-4.8262003">
        <ele>536</ele>
        <time>2026-08-18T18:04:03.682Z</time>
      </trkpt>
      <trkpt lat="37.9650142" lon="-4.8262188">
        <ele>536</ele>
        <time>2026-08-18T18:04:04.682Z</time>
      </trkpt>
      <trkpt lat="37.9650149" lon="-4.8262377">
        <ele>536</ele>
        <time>2026-08-18T18:04:05.682Z</time>
      </trkpt>
      <trkpt lat="37.9650157" lon="-4.8262566">
        <ele>536</ele>
        <time>2026-08-18T18:04:06.682Z</time>
      </trkpt>
      <trkpt lat="37.9650154" lon="-4.8262743">
        <ele>536</ele>
        <time>2026-08-18T18:04:07.682Z</time>
      </trkpt>
      <trkpt lat="37.9650151" lon="-4.826292">
        <ele>536</ele>
        <time>2026-08-18T18:04:08.682Z</time>
      </trkpt>
      <trkpt lat="37.9650134" lon="-4.8263083">
        <ele>536</ele>
        <time>2026-08-18T18:04:09.682Z</time>
      </trkpt>
      <trkpt lat="37.9650118" lon="-4.8263246">
        <ele>536</ele>
        <time>2026-08-18T18:04:10.682Z</time>
      </trkpt>
      <trkpt lat="37.9650122" lon="-4.8263414">
        <ele>536</ele>
        <time>2026-08-18T18:04:11.682Z</time>
      </trkpt>
      <trkpt lat="37.9650127" lon="-4.8263582">
        <ele>535</ele>
        <time>2026-08-18T18:04:12.682Z</time>
      </trkpt>
      <trkpt lat="37.965017" lon="-4.826374">
        <ele>535</ele>
        <time>2026-08-18T18:04:13.682Z</time>
      </trkpt>
      <trkpt lat="37.9650214" lon="-4.8263899">
        <ele>535</ele>
        <time>2026-08-18T18:04:14.682Z</time>
      </trkpt>
      <trkpt lat="37.9650296" lon="-4.8264035">
        <ele>535</ele>
        <time>2026-08-18T18:04:15.682Z</time>
      </trkpt>
      <trkpt lat="37.9650379" lon="-4.8264172">
        <ele>534</ele>
        <time>2026-08-18T18:04:16.682Z</time>
      </trkpt>
      <trkpt lat="37.9650496" lon="-4.8264247">
        <ele>534</ele>
        <time>2026-08-18T18:04:17.682Z</time>
      </trkpt>
      <trkpt lat="37.9650613" lon="-4.8264322">
        <ele>534</ele>
        <time>2026-08-18T18:04:18.682Z</time>
      </trkpt>
      <trkpt lat="37.9650743" lon="-4.8264336">
        <ele>534</ele>
        <time>2026-08-18T18:04:19.682Z</time>
      </trkpt>
      <trkpt lat="37.9650874" lon="-4.8264351">
        <ele>534</ele>
        <time>2026-08-18T18:04:20.682Z</time>
      </trkpt>
      <trkpt lat="37.9650999" lon="-4.826436">
        <ele>534</ele>
        <time>2026-08-18T18:04:21.682Z</time>
      </trkpt>
      <trkpt lat="37.9651125" lon="-4.826437">
        <ele>534</ele>
        <time>2026-08-18T18:04:22.682Z</time>
      </trkpt>
      <trkpt lat="37.9651227" lon="-4.8264404">
        <ele>534</ele>
        <time>2026-08-18T18:04:23.682Z</time>
      </trkpt>
      <trkpt lat="37.965133" lon="-4.8264438">
        <ele>533</ele>
        <time>2026-08-18T18:04:24.682Z</time>
      </trkpt>
      <trkpt lat="37.9651412" lon="-4.8264502">
        <ele>533</ele>
        <time>2026-08-18T18:04:25.682Z</time>
      </trkpt>
      <trkpt lat="37.9651494" lon="-4.8264567">
        <ele>533</ele>
        <time>2026-08-18T18:04:26.682Z</time>
      </trkpt>
      <trkpt lat="37.9651577" lon="-4.8264631">
        <ele>533</ele>
        <time>2026-08-18T18:04:27.682Z</time>
      </trkpt>
      <trkpt lat="37.9651661" lon="-4.8264696">
        <ele>532</ele>
        <time>2026-08-18T18:04:28.682Z</time>
      </trkpt>
      <trkpt lat="37.9651745" lon="-4.8264771">
        <ele>532</ele>
        <time>2026-08-18T18:04:29.682Z</time>
      </trkpt>
      <trkpt lat="37.965183" lon="-4.8264846">
        <ele>532</ele>
        <time>2026-08-18T18:04:30.682Z</time>
      </trkpt>
      <trkpt lat="37.9651922" lon="-4.8264899">
        <ele>532</ele>
        <time>2026-08-18T18:04:31.682Z</time>
      </trkpt>
      <trkpt lat="37.9652015" lon="-4.8264952">
        <ele>531</ele>
        <time>2026-08-18T18:04:32.682Z</time>
      </trkpt>
      <trkpt lat="37.96521" lon="-4.826498">
        <ele>531</ele>
        <time>2026-08-18T18:04:33.682Z</time>
      </trkpt>
      <trkpt lat="37.9652186" lon="-4.8265008">
        <ele>531</ele>
        <time>2026-08-18T18:04:34.682Z</time>
      </trkpt>
      <trkpt lat="37.9652279" lon="-4.826504">
        <ele>531</ele>
        <time>2026-08-18T18:04:35.682Z</time>
      </trkpt>
      <trkpt lat="37.9652373" lon="-4.8265073">
        <ele>531</ele>
        <time>2026-08-18T18:04:36.682Z</time>
      </trkpt>
      <trkpt lat="37.9652451" lon="-4.8265142">
        <ele>531</ele>
        <time>2026-08-18T18:04:37.682Z</time>
      </trkpt>
      <trkpt lat="37.965253" lon="-4.8265211">
        <ele>531</ele>
        <time>2026-08-18T18:04:38.682Z</time>
      </trkpt>
      <trkpt lat="37.9652561" lon="-4.8265299">
        <ele>531</ele>
        <time>2026-08-18T18:04:39.682Z</time>
      </trkpt>
      <trkpt lat="37.9652592" lon="-4.8265388">
        <ele>530</ele>
        <time>2026-08-18T18:04:40.682Z</time>
      </trkpt>
      <trkpt lat="37.9652598" lon="-4.8265531">
        <ele>530</ele>
        <time>2026-08-18T18:04:41.682Z</time>
      </trkpt>
      <trkpt lat="37.9652604" lon="-4.8265674">
        <ele>530</ele>
        <time>2026-08-18T18:04:42.682Z</time>
      </trkpt>
      <trkpt lat="37.9652634" lon="-4.8265828">
        <ele>530</ele>
        <time>2026-08-18T18:04:43.682Z</time>
      </trkpt>
      <trkpt lat="37.9652664" lon="-4.8265983">
        <ele>530</ele>
        <time>2026-08-18T18:04:44.682Z</time>
      </trkpt>
      <trkpt lat="37.9652705" lon="-4.82661">
        <ele>530</ele>
        <time>2026-08-18T18:04:45.682Z</time>
      </trkpt>
      <trkpt lat="37.9652746" lon="-4.8266217">
        <ele>530</ele>
        <time>2026-08-18T18:04:46.682Z</time>
      </trkpt>
      <trkpt lat="37.965276" lon="-4.8266299">
        <ele>530</ele>
        <time>2026-08-18T18:04:47.682Z</time>
      </trkpt>
      <trkpt lat="37.9652775" lon="-4.8266382">
        <ele>529</ele>
        <time>2026-08-18T18:04:48.682Z</time>
      </trkpt>
      <trkpt lat="37.965275" lon="-4.8266464">
        <ele>529</ele>
        <time>2026-08-18T18:04:49.682Z</time>
      </trkpt>
      <trkpt lat="37.9652725" lon="-4.8266546">
        <ele>529</ele>
        <time>2026-08-18T18:04:50.682Z</time>
      </trkpt>
      <trkpt lat="37.9652714" lon="-4.8266657">
        <ele>529</ele>
        <time>2026-08-18T18:04:51.682Z</time>
      </trkpt>
      <trkpt lat="37.9652703" lon="-4.8266768">
        <ele>528</ele>
        <time>2026-08-18T18:04:52.682Z</time>
      </trkpt>
      <trkpt lat="37.9652722" lon="-4.826689">
        <ele>528</ele>
        <time>2026-08-18T18:04:53.682Z</time>
      </trkpt>
      <trkpt lat="37.9652742" lon="-4.8267012">
        <ele>528</ele>
        <time>2026-08-18T18:04:54.682Z</time>
      </trkpt>
      <trkpt lat="37.9652762" lon="-4.826713">
        <ele>528</ele>
        <time>2026-08-18T18:04:55.682Z</time>
      </trkpt>
      <trkpt lat="37.9652782" lon="-4.8267248">
        <ele>527</ele>
        <time>2026-08-18T18:04:56.682Z</time>
      </trkpt>
      <trkpt lat="37.9652786" lon="-4.8267343">
        <ele>527</ele>
        <time>2026-08-18T18:04:57.682Z</time>
      </trkpt>
      <trkpt lat="37.9652791" lon="-4.8267438">
        <ele>527</ele>
        <time>2026-08-18T18:04:58.682Z</time>
      </trkpt>
      <trkpt lat="37.9652785" lon="-4.8267535">
        <ele>527</ele>
        <time>2026-08-18T18:04:59.682Z</time>
      </trkpt>
      <trkpt lat="37.9652779" lon="-4.8267632">
        <ele>526</ele>
        <time>2026-08-18T18:05:00.682Z</time>
      </trkpt>
      <trkpt lat="37.9652784" lon="-4.8267737">
        <ele>526</ele>
        <time>2026-08-18T18:05:01.682Z</time>
      </trkpt>
      <trkpt lat="37.965279" lon="-4.8267843">
        <ele>526</ele>
        <time>2026-08-18T18:05:02.682Z</time>
      </trkpt>
      <trkpt lat="37.965279" lon="-4.8267955">
        <ele>526</ele>
        <time>2026-08-18T18:05:03.682Z</time>
      </trkpt>
      <trkpt lat="37.965279" lon="-4.8268067">
        <ele>526</ele>
        <time>2026-08-18T18:05:04.682Z</time>
      </trkpt>
      <trkpt lat="37.9652772" lon="-4.8268172">
        <ele>526</ele>
        <time>2026-08-18T18:05:05.682Z</time>
      </trkpt>
      <trkpt lat="37.9652754" lon="-4.8268278">
        <ele>526</ele>
        <time>2026-08-18T18:05:06.682Z</time>
      </trkpt>
      <trkpt lat="37.9652717" lon="-4.8268375">
        <ele>526</ele>
        <time>2026-08-18T18:05:07.682Z</time>
      </trkpt>
      <trkpt lat="37.9652681" lon="-4.8268472">
        <ele>526</ele>
        <time>2026-08-18T18:05:08.682Z</time>
      </trkpt>
      <trkpt lat="37.9652625" lon="-4.8268514">
        <ele>525</ele>
        <time>2026-08-18T18:05:19.682Z</time>
      </trkpt>
      <trkpt lat="37.9652575" lon="-4.8268573">
        <ele>525</ele>
        <time>2026-08-18T18:05:20.682Z</time>
      </trkpt>
      <trkpt lat="37.9652526" lon="-4.8268632">
        <ele>525</ele>
        <time>2026-08-18T18:05:21.682Z</time>
      </trkpt>
      <trkpt lat="37.9652481" lon="-4.8268739">
        <ele>525</ele>
        <time>2026-08-18T18:05:22.682Z</time>
      </trkpt>
      <trkpt lat="37.9652436" lon="-4.8268846">
        <ele>525</ele>
        <time>2026-08-18T18:05:23.682Z</time>
      </trkpt>
      <trkpt lat="37.9652395" lon="-4.8268992">
        <ele>525</ele>
        <time>2026-08-18T18:05:24.682Z</time>
      </trkpt>
      <trkpt lat="37.9652355" lon="-4.8269139">
        <ele>525</ele>
        <time>2026-08-18T18:05:25.682Z</time>
      </trkpt>
      <trkpt lat="37.9652316" lon="-4.8269299">
        <ele>525</ele>
        <time>2026-08-18T18:05:26.682Z</time>
      </trkpt>
      <trkpt lat="37.9652278" lon="-4.826946">
        <ele>525</ele>
        <time>2026-08-18T18:05:27.682Z</time>
      </trkpt>
      <trkpt lat="37.9652245" lon="-4.8269609">
        <ele>525</ele>
        <time>2026-08-18T18:05:28.682Z</time>
      </trkpt>
      <trkpt lat="37.9652213" lon="-4.8269758">
        <ele>525</ele>
        <time>2026-08-18T18:05:29.682Z</time>
      </trkpt>
      <trkpt lat="37.9652188" lon="-4.8269904">
        <ele>525</ele>
        <time>2026-08-18T18:05:30.682Z</time>
      </trkpt>
      <trkpt lat="37.9652164" lon="-4.8270051">
        <ele>525</ele>
        <time>2026-08-18T18:05:31.682Z</time>
      </trkpt>
      <trkpt lat="37.9652129" lon="-4.8270202">
        <ele>525</ele>
        <time>2026-08-18T18:05:32.682Z</time>
      </trkpt>
      <trkpt lat="37.9652094" lon="-4.8270353">
        <ele>525</ele>
        <time>2026-08-18T18:05:33.682Z</time>
      </trkpt>
      <trkpt lat="37.965205" lon="-4.8270493">
        <ele>525</ele>
        <time>2026-08-18T18:05:34.682Z</time>
      </trkpt>
      <trkpt lat="37.9652007" lon="-4.8270633">
        <ele>525</ele>
        <time>2026-08-18T18:05:35.682Z</time>
      </trkpt>
      <trkpt lat="37.9651964" lon="-4.8270759">
        <ele>525</ele>
        <time>2026-08-18T18:05:36.682Z</time>
      </trkpt>
      <trkpt lat="37.9651921" lon="-4.8270886">
        <ele>525</ele>
        <time>2026-08-18T18:05:37.682Z</time>
      </trkpt>
      <trkpt lat="37.9651875" lon="-4.8271002">
        <ele>525</ele>
        <time>2026-08-18T18:05:38.682Z</time>
      </trkpt>
      <trkpt lat="37.965183" lon="-4.8271118">
        <ele>525</ele>
        <time>2026-08-18T18:05:39.682Z</time>
      </trkpt>
      <trkpt lat="37.9651785" lon="-4.827126">
        <ele>526</ele>
        <time>2026-08-18T18:05:52.682Z</time>
      </trkpt>
      <trkpt lat="37.9651731" lon="-4.8271364">
        <ele>526</ele>
        <time>2026-08-18T18:05:53.682Z</time>
      </trkpt>
      <trkpt lat="37.9651678" lon="-4.8271468">
        <ele>526</ele>
        <time>2026-08-18T18:05:54.682Z</time>
      </trkpt>
      <trkpt lat="37.9651596" lon="-4.8271548">
        <ele>526</ele>
        <time>2026-08-18T18:05:55.682Z</time>
      </trkpt>
      <trkpt lat="37.9651515" lon="-4.8271628">
        <ele>526</ele>
        <time>2026-08-18T18:05:56.682Z</time>
      </trkpt>
      <trkpt lat="37.9651425" lon="-4.8271728">
        <ele>526</ele>
        <time>2026-08-18T18:05:57.682Z</time>
      </trkpt>
      <trkpt lat="37.9651336" lon="-4.8271828">
        <ele>526</ele>
        <time>2026-08-18T18:05:58.682Z</time>
      </trkpt>
      <trkpt lat="37.9651259" lon="-4.8271948">
        <ele>526</ele>
        <time>2026-08-18T18:05:59.682Z</time>
      </trkpt>
      <trkpt lat="37.9651182" lon="-4.8272069">
        <ele>525</ele>
        <time>2026-08-18T18:06:00.682Z</time>
      </trkpt>
      <trkpt lat="37.9651137" lon="-4.827221">
        <ele>525</ele>
        <time>2026-08-18T18:06:01.682Z</time>
      </trkpt>
      <trkpt lat="37.9651092" lon="-4.8272352">
        <ele>525</ele>
        <time>2026-08-18T18:06:02.682Z</time>
      </trkpt>
      <trkpt lat="37.9651082" lon="-4.8272482">
        <ele>525</ele>
        <time>2026-08-18T18:06:03.682Z</time>
      </trkpt>
      <trkpt lat="37.9651073" lon="-4.8272613">
        <ele>525</ele>
        <time>2026-08-18T18:06:04.682Z</time>
      </trkpt>
      <trkpt lat="37.9651102" lon="-4.8272742">
        <ele>525</ele>
        <time>2026-08-18T18:06:05.682Z</time>
      </trkpt>
      <trkpt lat="37.9651131" lon="-4.8272871">
        <ele>525</ele>
        <time>2026-08-18T18:06:06.682Z</time>
      </trkpt>
      <trkpt lat="37.9651164" lon="-4.8273009">
        <ele>525</ele>
        <time>2026-08-18T18:06:07.682Z</time>
      </trkpt>
      <trkpt lat="37.9651198" lon="-4.8273148">
        <ele>525</ele>
        <time>2026-08-18T18:06:08.682Z</time>
      </trkpt>
      <trkpt lat="37.9651208" lon="-4.8273297">
        <ele>525</ele>
        <time>2026-08-18T18:06:09.682Z</time>
      </trkpt>
      <trkpt lat="37.9651219" lon="-4.8273446">
        <ele>525</ele>
        <time>2026-08-18T18:06:10.682Z</time>
      </trkpt>
      <trkpt lat="37.9651213" lon="-4.8273595">
        <ele>525</ele>
        <time>2026-08-18T18:06:11.682Z</time>
      </trkpt>
      <trkpt lat="37.9651207" lon="-4.8273744">
        <ele>524</ele>
        <time>2026-08-18T18:06:12.682Z</time>
      </trkpt>
      <trkpt lat="37.965117" lon="-4.8273901">
        <ele>524</ele>
        <time>2026-08-18T18:06:13.682Z</time>
      </trkpt>
      <trkpt lat="37.9651133" lon="-4.8274059">
        <ele>524</ele>
        <time>2026-08-18T18:06:14.682Z</time>
      </trkpt>
      <trkpt lat="37.9651085" lon="-4.8274234">
        <ele>524</ele>
        <time>2026-08-18T18:06:15.682Z</time>
      </trkpt>
      <trkpt lat="37.9651038" lon="-4.827441">
        <ele>524</ele>
        <time>2026-08-18T18:06:16.682Z</time>
      </trkpt>
      <trkpt lat="37.9650976" lon="-4.8274581">
        <ele>524</ele>
        <time>2026-08-18T18:06:17.682Z</time>
      </trkpt>
      <trkpt lat="37.9650915" lon="-4.8274753">
        <ele>524</ele>
        <time>2026-08-18T18:06:18.682Z</time>
      </trkpt>
      <trkpt lat="37.9650829" lon="-4.8274909">
        <ele>524</ele>
        <time>2026-08-18T18:06:19.682Z</time>
      </trkpt>
      <trkpt lat="37.9650743" lon="-4.8275066">
        <ele>524</ele>
        <time>2026-08-18T18:06:20.682Z</time>
      </trkpt>
      <trkpt lat="37.9650661" lon="-4.8275201">
        <ele>524</ele>
        <time>2026-08-18T18:06:21.682Z</time>
      </trkpt>
      <trkpt lat="37.9650579" lon="-4.8275337">
        <ele>524</ele>
        <time>2026-08-18T18:06:22.682Z</time>
      </trkpt>
      <trkpt lat="37.9650517" lon="-4.8275467">
        <ele>524</ele>
        <time>2026-08-18T18:06:23.682Z</time>
      </trkpt>
      <trkpt lat="37.9650456" lon="-4.8275597">
        <ele>524</ele>
        <time>2026-08-18T18:06:24.682Z</time>
      </trkpt>
      <trkpt lat="37.9650421" lon="-4.8275733">
        <ele>524</ele>
        <time>2026-08-18T18:06:25.682Z</time>
      </trkpt>
      <trkpt lat="37.9650387" lon="-4.827587">
        <ele>524</ele>
        <time>2026-08-18T18:06:26.682Z</time>
      </trkpt>
      <trkpt lat="37.9650366" lon="-4.8276022">
        <ele>524</ele>
        <time>2026-08-18T18:06:27.682Z</time>
      </trkpt>
      <trkpt lat="37.9650346" lon="-4.8276175">
        <ele>524</ele>
        <time>2026-08-18T18:06:28.682Z</time>
      </trkpt>
      <trkpt lat="37.9650319" lon="-4.827633">
        <ele>524</ele>
        <time>2026-08-18T18:06:29.682Z</time>
      </trkpt>
      <trkpt lat="37.9650293" lon="-4.8276485">
        <ele>524</ele>
        <time>2026-08-18T18:06:30.682Z</time>
      </trkpt>
      <trkpt lat="37.9650257" lon="-4.8276632">
        <ele>524</ele>
        <time>2026-08-18T18:06:31.682Z</time>
      </trkpt>
      <trkpt lat="37.9650221" lon="-4.827678">
        <ele>524</ele>
        <time>2026-08-18T18:06:32.682Z</time>
      </trkpt>
      <trkpt lat="37.9650181" lon="-4.827694">
        <ele>524</ele>
        <time>2026-08-18T18:06:33.682Z</time>
      </trkpt>
      <trkpt lat="37.9650142" lon="-4.8277101">
        <ele>524</ele>
        <time>2026-08-18T18:06:34.682Z</time>
      </trkpt>
      <trkpt lat="37.9650104" lon="-4.8277286">
        <ele>524</ele>
        <time>2026-08-18T18:06:35.682Z</time>
      </trkpt>
      <trkpt lat="37.9650067" lon="-4.8277472">
        <ele>524</ele>
        <time>2026-08-18T18:06:36.682Z</time>
      </trkpt>
      <trkpt lat="37.9650058" lon="-4.8277668">
        <ele>524</ele>
        <time>2026-08-18T18:06:37.682Z</time>
      </trkpt>
      <trkpt lat="37.9650049" lon="-4.8277865">
        <ele>524</ele>
        <time>2026-08-18T18:06:38.682Z</time>
      </trkpt>
      <trkpt lat="37.9650071" lon="-4.8278054">
        <ele>525</ele>
        <time>2026-08-18T18:06:39.682Z</time>
      </trkpt>
      <trkpt lat="37.9650094" lon="-4.8278244">
        <ele>524</ele>
        <time>2026-08-18T18:06:40.682Z</time>
      </trkpt>
      <trkpt lat="37.9650141" lon="-4.8278419">
        <ele>524</ele>
        <time>2026-08-18T18:06:41.682Z</time>
      </trkpt>
      <trkpt lat="37.9650188" lon="-4.8278595">
        <ele>524</ele>
        <time>2026-08-18T18:06:42.682Z</time>
      </trkpt>
      <trkpt lat="37.9650222" lon="-4.8278757">
        <ele>524</ele>
        <time>2026-08-18T18:06:43.682Z</time>
      </trkpt>
      <trkpt lat="37.9650257" lon="-4.827892">
        <ele>524</ele>
        <time>2026-08-18T18:06:44.682Z</time>
      </trkpt>
      <trkpt lat="37.9650262" lon="-4.8279083">
        <ele>524</ele>
        <time>2026-08-18T18:06:45.682Z</time>
      </trkpt>
      <trkpt lat="37.9650267" lon="-4.8279246">
        <ele>524</ele>
        <time>2026-08-18T18:06:46.682Z</time>
      </trkpt>
      <trkpt lat="37.9650243" lon="-4.8279406">
        <ele>524</ele>
        <time>2026-08-18T18:06:47.682Z</time>
      </trkpt>
      <trkpt lat="37.9650219" lon="-4.8279566">
        <ele>524</ele>
        <time>2026-08-18T18:06:48.682Z</time>
      </trkpt>
      <trkpt lat="37.965018" lon="-4.8279709">
        <ele>524</ele>
        <time>2026-08-18T18:06:49.682Z</time>
      </trkpt>
      <trkpt lat="37.9650141" lon="-4.8279853">
        <ele>524</ele>
        <time>2026-08-18T18:06:50.682Z</time>
      </trkpt>
      <trkpt lat="37.9650115" lon="-4.8279986">
        <ele>524</ele>
        <time>2026-08-18T18:06:51.682Z</time>
      </trkpt>
      <trkpt lat="37.9650089" lon="-4.8280119">
        <ele>523</ele>
        <time>2026-08-18T18:06:52.682Z</time>
      </trkpt>
      <trkpt lat="37.9650066" lon="-4.8280244">
        <ele>523</ele>
        <time>2026-08-18T18:06:53.682Z</time>
      </trkpt>
      <trkpt lat="37.9650044" lon="-4.828037">
        <ele>523</ele>
        <time>2026-08-18T18:06:54.682Z</time>
      </trkpt>
      <trkpt lat="37.9649986" lon="-4.8280474">
        <ele>523</ele>
        <time>2026-08-18T18:06:55.682Z</time>
      </trkpt>
      <trkpt lat="37.9649929" lon="-4.8280578">
        <ele>523</ele>
        <time>2026-08-18T18:06:56.682Z</time>
      </trkpt>
      <trkpt lat="37.9649834" lon="-4.8280677">
        <ele>523</ele>
        <time>2026-08-18T18:06:57.682Z</time>
      </trkpt>
      <trkpt lat="37.9649739" lon="-4.8280777">
        <ele>523</ele>
        <time>2026-08-18T18:06:58.682Z</time>
      </trkpt>
      <trkpt lat="37.9649645" lon="-4.8280891">
        <ele>524</ele>
        <time>2026-08-18T18:06:59.682Z</time>
      </trkpt>
      <trkpt lat="37.9649551" lon="-4.8281005">
        <ele>524</ele>
        <time>2026-08-18T18:07:00.682Z</time>
      </trkpt>
      <trkpt lat="37.9649471" lon="-4.8281112">
        <ele>524</ele>
        <time>2026-08-18T18:07:01.682Z</time>
      </trkpt>
      <trkpt lat="37.9649392" lon="-4.8281219">
        <ele>524</ele>
        <time>2026-08-18T18:07:02.682Z</time>
      </trkpt>
      <trkpt lat="37.9649326" lon="-4.8281309">
        <ele>524</ele>
        <time>2026-08-18T18:07:03.682Z</time>
      </trkpt>
      <trkpt lat="37.9649261" lon="-4.8281399">
        <ele>524</ele>
        <time>2026-08-18T18:07:04.682Z</time>
      </trkpt>
      <trkpt lat="37.9649199" lon="-4.8281477">
        <ele>524</ele>
        <time>2026-08-18T18:07:05.682Z</time>
      </trkpt>
      <trkpt lat="37.9649138" lon="-4.8281555">
        <ele>524</ele>
        <time>2026-08-18T18:07:06.682Z</time>
      </trkpt>
      <trkpt lat="37.9649071" lon="-4.8281649">
        <ele>525</ele>
        <time>2026-08-18T18:07:07.682Z</time>
      </trkpt>
      <trkpt lat="37.9649004" lon="-4.8281743">
        <ele>524</ele>
        <time>2026-08-18T18:07:08.682Z</time>
      </trkpt>
      <trkpt lat="37.9648945" lon="-4.8281874">
        <ele>524</ele>
        <time>2026-08-18T18:07:09.682Z</time>
      </trkpt>
      <trkpt lat="37.9648886" lon="-4.8282006">
        <ele>524</ele>
        <time>2026-08-18T18:07:10.682Z</time>
      </trkpt>
      <trkpt lat="37.9648851" lon="-4.8282167">
        <ele>524</ele>
        <time>2026-08-18T18:07:11.682Z</time>
      </trkpt>
      <trkpt lat="37.9648816" lon="-4.8282329">
        <ele>524</ele>
        <time>2026-08-18T18:07:12.682Z</time>
      </trkpt>
      <trkpt lat="37.9648795" lon="-4.8282462">
        <ele>524</ele>
        <time>2026-08-18T18:07:13.682Z</time>
      </trkpt>
      <trkpt lat="37.9648774" lon="-4.8282596">
        <ele>524</ele>
        <time>2026-08-18T18:07:14.682Z</time>
      </trkpt>
      <trkpt lat="37.9648754" lon="-4.8282649">
        <ele>524</ele>
        <time>2026-08-18T18:07:15.682Z</time>
      </trkpt>
      <trkpt lat="37.9648734" lon="-4.8282702">
        <ele>524</ele>
        <time>2026-08-18T18:07:16.682Z</time>
      </trkpt>
      <trkpt lat="37.9648694" lon="-4.828279">
        <ele>524</ele>
        <time>2026-08-18T18:07:17.682Z</time>
      </trkpt>
      <trkpt lat="37.9648654" lon="-4.8282879">
        <ele>524</ele>
        <time>2026-08-18T18:07:18.682Z</time>
      </trkpt>
      <trkpt lat="37.9648607" lon="-4.8282979">
        <ele>524</ele>
        <time>2026-08-18T18:07:19.682Z</time>
      </trkpt>
      <trkpt lat="37.9648561" lon="-4.8283079">
        <ele>524</ele>
        <time>2026-08-18T18:07:20.682Z</time>
      </trkpt>
      <trkpt lat="37.9648505" lon="-4.8283203">
        <ele>524</ele>
        <time>2026-08-18T18:07:21.682Z</time>
      </trkpt>
      <trkpt lat="37.9648449" lon="-4.8283327">
        <ele>524</ele>
        <time>2026-08-18T18:07:22.682Z</time>
      </trkpt>
      <trkpt lat="37.9648394" lon="-4.8283457">
        <ele>524</ele>
        <time>2026-08-18T18:07:23.682Z</time>
      </trkpt>
      <trkpt lat="37.964834" lon="-4.8283588">
        <ele>523</ele>
        <time>2026-08-18T18:07:24.682Z</time>
      </trkpt>
      <trkpt lat="37.9648314" lon="-4.8283663">
        <ele>523</ele>
        <time>2026-08-18T18:07:25.682Z</time>
      </trkpt>
      <trkpt lat="37.9648289" lon="-4.8283738">
        <ele>523</ele>
        <time>2026-08-18T18:07:26.682Z</time>
      </trkpt>
      <trkpt lat="37.9648245" lon="-4.8283866">
        <ele>523</ele>
        <time>2026-08-18T18:07:27.682Z</time>
      </trkpt>
      <trkpt lat="37.9648201" lon="-4.8283995">
        <ele>522</ele>
        <time>2026-08-18T18:07:28.682Z</time>
      </trkpt>
      <trkpt lat="37.9648155" lon="-4.8284097">
        <ele>522</ele>
        <time>2026-08-18T18:07:29.682Z</time>
      </trkpt>
      <trkpt lat="37.9648109" lon="-4.8284199">
        <ele>522</ele>
        <time>2026-08-18T18:07:30.682Z</time>
      </trkpt>
      <trkpt lat="37.9648081" lon="-4.8284303">
        <ele>522</ele>
        <time>2026-08-18T18:07:31.682Z</time>
      </trkpt>
      <trkpt lat="37.9648053" lon="-4.8284407">
        <ele>521</ele>
        <time>2026-08-18T18:07:32.682Z</time>
      </trkpt>
      <trkpt lat="37.9648046" lon="-4.8284515">
        <ele>521</ele>
        <time>2026-08-18T18:07:33.682Z</time>
      </trkpt>
      <trkpt lat="37.9648039" lon="-4.8284624">
        <ele>521</ele>
        <time>2026-08-18T18:07:34.682Z</time>
      </trkpt>
      <trkpt lat="37.9648041" lon="-4.8284709">
        <ele>521</ele>
        <time>2026-08-18T18:07:35.682Z</time>
      </trkpt>
      <trkpt lat="37.9648044" lon="-4.8284794">
        <ele>520</ele>
        <time>2026-08-18T18:07:36.682Z</time>
      </trkpt>
      <trkpt lat="37.9648069" lon="-4.8284876">
        <ele>520</ele>
        <time>2026-08-18T18:07:37.682Z</time>
      </trkpt>
      <trkpt lat="37.9648094" lon="-4.8284958">
        <ele>520</ele>
        <time>2026-08-18T18:07:38.682Z</time>
      </trkpt>
      <trkpt lat="37.9648098" lon="-4.8285032">
        <ele>520</ele>
        <time>2026-08-18T18:07:39.682Z</time>
      </trkpt>
      <trkpt lat="37.9648102" lon="-4.8285107">
        <ele>520</ele>
        <time>2026-08-18T18:07:40.682Z</time>
      </trkpt>
      <trkpt lat="37.9648058" lon="-4.8285156">
        <ele>520</ele>
        <time>2026-08-18T18:07:41.682Z</time>
      </trkpt>
      <trkpt lat="37.9648014" lon="-4.8285206">
        <ele>520</ele>
        <time>2026-08-18T18:07:42.682Z</time>
      </trkpt>
      <trkpt lat="37.9647931" lon="-4.8285255">
        <ele>520</ele>
        <time>2026-08-18T18:07:43.682Z</time>
      </trkpt>
      <trkpt lat="37.9647848" lon="-4.8285305">
        <ele>520</ele>
        <time>2026-08-18T18:07:44.682Z</time>
      </trkpt>
      <trkpt lat="37.9647744" lon="-4.828539">
        <ele>520</ele>
        <time>2026-08-18T18:07:45.682Z</time>
      </trkpt>
      <trkpt lat="37.9647641" lon="-4.8285475">
        <ele>520</ele>
        <time>2026-08-18T18:07:46.682Z</time>
      </trkpt>
      <trkpt lat="37.9647547" lon="-4.8285596">
        <ele>520</ele>
        <time>2026-08-18T18:07:47.682Z</time>
      </trkpt>
      <trkpt lat="37.9647453" lon="-4.8285718">
        <ele>520</ele>
        <time>2026-08-18T18:07:48.682Z</time>
      </trkpt>
      <trkpt lat="37.9647401" lon="-4.8285846">
        <ele>520</ele>
        <time>2026-08-18T18:07:49.682Z</time>
      </trkpt>
      <trkpt lat="37.9647349" lon="-4.8285975">
        <ele>520</ele>
        <time>2026-08-18T18:07:50.682Z</time>
      </trkpt>
      <trkpt lat="37.9647355" lon="-4.8286083">
        <ele>520</ele>
        <time>2026-08-18T18:07:51.682Z</time>
      </trkpt>
      <trkpt lat="37.9647361" lon="-4.8286192">
        <ele>519</ele>
        <time>2026-08-18T18:07:52.682Z</time>
      </trkpt>
      <trkpt lat="37.964741" lon="-4.8286273">
        <ele>519</ele>
        <time>2026-08-18T18:07:53.682Z</time>
      </trkpt>
      <trkpt lat="37.9647459" lon="-4.8286354">
        <ele>518</ele>
        <time>2026-08-18T18:07:54.682Z</time>
      </trkpt>
      <trkpt lat="37.9647542" lon="-4.8286409">
        <ele>518</ele>
        <time>2026-08-18T18:07:55.682Z</time>
      </trkpt>
      <trkpt lat="37.9647625" lon="-4.8286464">
        <ele>518</ele>
        <time>2026-08-18T18:07:56.682Z</time>
      </trkpt>
      <trkpt lat="37.9647748" lon="-4.8286552">
        <ele>514</ele>
        <time>2026-08-18T18:08:22.682Z</time>
      </trkpt>
      <trkpt lat="37.9647815" lon="-4.828662">
        <ele>514</ele>
        <time>2026-08-18T18:08:23.682Z</time>
      </trkpt>
      <trkpt lat="37.9647882" lon="-4.8286689">
        <ele>514</ele>
        <time>2026-08-18T18:08:24.682Z</time>
      </trkpt>
      <trkpt lat="37.9647915" lon="-4.8286786">
        <ele>514</ele>
        <time>2026-08-18T18:08:25.682Z</time>
      </trkpt>
      <trkpt lat="37.9647949" lon="-4.8286883">
        <ele>514</ele>
        <time>2026-08-18T18:08:26.682Z</time>
      </trkpt>
      <trkpt lat="37.9647968" lon="-4.8287015">
        <ele>514</ele>
        <time>2026-08-18T18:08:27.682Z</time>
      </trkpt>
      <trkpt lat="37.9647987" lon="-4.8287148">
        <ele>514</ele>
        <time>2026-08-18T18:08:28.682Z</time>
      </trkpt>
      <trkpt lat="37.9647978" lon="-4.8287288">
        <ele>514</ele>
        <time>2026-08-18T18:08:29.682Z</time>
      </trkpt>
      <trkpt lat="37.9647969" lon="-4.8287428">
        <ele>514</ele>
        <time>2026-08-18T18:08:30.682Z</time>
      </trkpt>
      <trkpt lat="37.9647944" lon="-4.8287537">
        <ele>514</ele>
        <time>2026-08-18T18:08:31.682Z</time>
      </trkpt>
      <trkpt lat="37.9647919" lon="-4.8287646">
        <ele>514</ele>
        <time>2026-08-18T18:08:32.682Z</time>
      </trkpt>
      <trkpt lat="37.9647867" lon="-4.8287735">
        <ele>514</ele>
        <time>2026-08-18T18:08:33.682Z</time>
      </trkpt>
      <trkpt lat="37.9647815" lon="-4.8287825">
        <ele>514</ele>
        <time>2026-08-18T18:08:34.682Z</time>
      </trkpt>
      <trkpt lat="37.9647751" lon="-4.8287908">
        <ele>514</ele>
        <time>2026-08-18T18:08:35.682Z</time>
      </trkpt>
      <trkpt lat="37.9647688" lon="-4.8287991">
        <ele>514</ele>
        <time>2026-08-18T18:08:36.682Z</time>
      </trkpt>
      <trkpt lat="37.9647626" lon="-4.8288074">
        <ele>514</ele>
        <time>2026-08-18T18:08:37.682Z</time>
      </trkpt>
      <trkpt lat="37.9647565" lon="-4.8288157">
        <ele>514</ele>
        <time>2026-08-18T18:08:38.682Z</time>
      </trkpt>
      <trkpt lat="37.9647542" lon="-4.8288199">
        <ele>515</ele>
        <time>2026-08-18T18:08:39.682Z</time>
      </trkpt>
      <trkpt lat="37.9647519" lon="-4.8288242">
        <ele>514</ele>
        <time>2026-08-18T18:08:40.682Z</time>
      </trkpt>
      <trkpt lat="37.9647483" lon="-4.8288309">
        <ele>514</ele>
        <time>2026-08-18T18:08:41.682Z</time>
      </trkpt>
      <trkpt lat="37.9647448" lon="-4.8288376">
        <ele>514</ele>
        <time>2026-08-18T18:08:42.682Z</time>
      </trkpt>
      <trkpt lat="37.9647423" lon="-4.8288468">
        <ele>514</ele>
        <time>2026-08-18T18:08:43.682Z</time>
      </trkpt>
      <trkpt lat="37.9647398" lon="-4.828856">
        <ele>514</ele>
        <time>2026-08-18T18:08:44.682Z</time>
      </trkpt>
      <trkpt lat="37.9647397" lon="-4.8288687">
        <ele>514</ele>
        <time>2026-08-18T18:08:45.682Z</time>
      </trkpt>
      <trkpt lat="37.9647397" lon="-4.8288814">
        <ele>514</ele>
        <time>2026-08-18T18:08:46.682Z</time>
      </trkpt>
      <trkpt lat="37.9647397" lon="-4.828896">
        <ele>515</ele>
        <time>2026-08-18T18:08:47.682Z</time>
      </trkpt>
      <trkpt lat="37.9647397" lon="-4.8289106">
        <ele>515</ele>
        <time>2026-08-18T18:08:48.682Z</time>
      </trkpt>
      <trkpt lat="37.9647388" lon="-4.8289277">
        <ele>515</ele>
        <time>2026-08-18T18:08:49.682Z</time>
      </trkpt>
      <trkpt lat="37.964738" lon="-4.8289449">
        <ele>515</ele>
        <time>2026-08-18T18:08:50.682Z</time>
      </trkpt>
      <trkpt lat="37.9647361" lon="-4.8289594">
        <ele>516</ele>
        <time>2026-08-18T18:08:51.682Z</time>
      </trkpt>
      <trkpt lat="37.9647343" lon="-4.8289739">
        <ele>516</ele>
        <time>2026-08-18T18:08:52.682Z</time>
      </trkpt>
      <trkpt lat="37.9647335" lon="-4.8289792">
        <ele>516</ele>
        <time>2026-08-18T18:08:53.682Z</time>
      </trkpt>
      <trkpt lat="37.9647328" lon="-4.8289845">
        <ele>516</ele>
        <time>2026-08-18T18:08:54.682Z</time>
      </trkpt>
      <trkpt lat="37.9647321" lon="-4.8289898">
        <ele>517</ele>
        <time>2026-08-18T18:08:55.682Z</time>
      </trkpt>
      <trkpt lat="37.9647314" lon="-4.8289951">
        <ele>517</ele>
        <time>2026-08-18T18:08:56.682Z</time>
      </trkpt>
      <trkpt lat="37.9647307" lon="-4.8290004">
        <ele>517</ele>
        <time>2026-08-18T18:08:57.682Z</time>
      </trkpt>
      <trkpt lat="37.964731" lon="-4.8290157">
        <ele>517</ele>
        <time>2026-08-18T18:08:58.682Z</time>
      </trkpt>
      <trkpt lat="37.9647314" lon="-4.8290311">
        <ele>518</ele>
        <time>2026-08-18T18:08:59.682Z</time>
      </trkpt>
      <trkpt lat="37.9647367" lon="-4.8290429">
        <ele>518</ele>
        <time>2026-08-18T18:09:00.682Z</time>
      </trkpt>
      <trkpt lat="37.964742" lon="-4.8290547">
        <ele>518</ele>
        <time>2026-08-18T18:09:01.682Z</time>
      </trkpt>
      <trkpt lat="37.9647466" lon="-4.8290574">
        <ele>518</ele>
        <time>2026-08-18T18:09:02.682Z</time>
      </trkpt>
      <trkpt lat="37.9647512" lon="-4.8290602">
        <ele>518</ele>
        <time>2026-08-18T18:09:03.682Z</time>
      </trkpt>
      <trkpt lat="37.9647588" lon="-4.829062">
        <ele>518</ele>
        <time>2026-08-18T18:09:04.682Z</time>
      </trkpt>
      <trkpt lat="37.9647665" lon="-4.8290639">
        <ele>519</ele>
        <time>2026-08-18T18:09:05.682Z</time>
      </trkpt>
      <trkpt lat="37.9647757" lon="-4.829067">
        <ele>519</ele>
        <time>2026-08-18T18:09:06.682Z</time>
      </trkpt>
      <trkpt lat="37.9647849" lon="-4.8290701">
        <ele>520</ele>
        <time>2026-08-18T18:09:07.682Z</time>
      </trkpt>
      <trkpt lat="37.9648037" lon="-4.8290851">
        <ele>521</ele>
        <time>2026-08-18T18:09:13.682Z</time>
      </trkpt>
      <trkpt lat="37.9648088" lon="-4.8290939">
        <ele>521</ele>
        <time>2026-08-18T18:09:14.682Z</time>
      </trkpt>
      <trkpt lat="37.964814" lon="-4.8291027">
        <ele>521</ele>
        <time>2026-08-18T18:09:15.682Z</time>
      </trkpt>
      <trkpt lat="37.9648172" lon="-4.8291104">
        <ele>521</ele>
        <time>2026-08-18T18:09:16.682Z</time>
      </trkpt>
      <trkpt lat="37.9648204" lon="-4.8291181">
        <ele>521</ele>
        <time>2026-08-18T18:09:17.682Z</time>
      </trkpt>
      <trkpt lat="37.9648244" lon="-4.8291249">
        <ele>521</ele>
        <time>2026-08-18T18:09:18.682Z</time>
      </trkpt>
      <trkpt lat="37.9648285" lon="-4.8291317">
        <ele>521</ele>
        <time>2026-08-18T18:09:19.682Z</time>
      </trkpt>
      <trkpt lat="37.9648321" lon="-4.8291352">
        <ele>521</ele>
        <time>2026-08-18T18:09:20.682Z</time>
      </trkpt>
      <trkpt lat="37.9648357" lon="-4.8291388">
        <ele>521</ele>
        <time>2026-08-18T18:09:21.682Z</time>
      </trkpt>
      <trkpt lat="37.9648431" lon="-4.8291441">
        <ele>521</ele>
        <time>2026-08-18T18:09:22.682Z</time>
      </trkpt>
      <trkpt lat="37.9648506" lon="-4.8291495">
        <ele>521</ele>
        <time>2026-08-18T18:09:23.682Z</time>
      </trkpt>
      <trkpt lat="37.964858" lon="-4.8291533">
        <ele>520</ele>
        <time>2026-08-18T18:09:24.682Z</time>
      </trkpt>
      <trkpt lat="37.9648654" lon="-4.8291572">
        <ele>520</ele>
        <time>2026-08-18T18:09:25.682Z</time>
      </trkpt>
      <trkpt lat="37.9648737" lon="-4.8291603">
        <ele>520</ele>
        <time>2026-08-18T18:09:26.682Z</time>
      </trkpt>
      <trkpt lat="37.964882" lon="-4.8291635">
        <ele>520</ele>
        <time>2026-08-18T18:09:27.682Z</time>
      </trkpt>
      <trkpt lat="37.9648907" lon="-4.8291664">
        <ele>520</ele>
        <time>2026-08-18T18:09:28.682Z</time>
      </trkpt>
      <trkpt lat="37.9648995" lon="-4.8291694">
        <ele>520</ele>
        <time>2026-08-18T18:09:29.682Z</time>
      </trkpt>
      <trkpt lat="37.964906" lon="-4.8291738">
        <ele>520</ele>
        <time>2026-08-18T18:09:30.682Z</time>
      </trkpt>
      <trkpt lat="37.9649126" lon="-4.8291782">
        <ele>520</ele>
        <time>2026-08-18T18:09:31.682Z</time>
      </trkpt>
      <trkpt lat="37.9649168" lon="-4.8291837">
        <ele>520</ele>
        <time>2026-08-18T18:09:32.682Z</time>
      </trkpt>
      <trkpt lat="37.9649211" lon="-4.8291892">
        <ele>520</ele>
        <time>2026-08-18T18:09:33.682Z</time>
      </trkpt>
      <trkpt lat="37.9649255" lon="-4.829195">
        <ele>520</ele>
        <time>2026-08-18T18:09:34.682Z</time>
      </trkpt>
      <trkpt lat="37.96493" lon="-4.8292009">
        <ele>520</ele>
        <time>2026-08-18T18:09:35.682Z</time>
      </trkpt>
      <trkpt lat="37.9649361" lon="-4.8292079">
        <ele>519</ele>
        <time>2026-08-18T18:09:36.682Z</time>
      </trkpt>
      <trkpt lat="37.9649423" lon="-4.829215">
        <ele>519</ele>
        <time>2026-08-18T18:09:37.682Z</time>
      </trkpt>
      <trkpt lat="37.964947" lon="-4.8292254">
        <ele>519</ele>
        <time>2026-08-18T18:09:38.682Z</time>
      </trkpt>
      <trkpt lat="37.9649517" lon="-4.8292358">
        <ele>519</ele>
        <time>2026-08-18T18:09:39.682Z</time>
      </trkpt>
      <trkpt lat="37.9649541" lon="-4.8292497">
        <ele>519</ele>
        <time>2026-08-18T18:09:40.682Z</time>
      </trkpt>
      <trkpt lat="37.9649566" lon="-4.8292636">
        <ele>519</ele>
        <time>2026-08-18T18:09:41.682Z</time>
      </trkpt>
      <trkpt lat="37.9649574" lon="-4.8292779">
        <ele>519</ele>
        <time>2026-08-18T18:09:42.682Z</time>
      </trkpt>
      <trkpt lat="37.9649583" lon="-4.8292922">
        <ele>519</ele>
        <time>2026-08-18T18:09:43.682Z</time>
      </trkpt>
      <trkpt lat="37.964956" lon="-4.829304">
        <ele>518</ele>
        <time>2026-08-18T18:09:44.682Z</time>
      </trkpt>
      <trkpt lat="37.9649538" lon="-4.8293158">
        <ele>518</ele>
        <time>2026-08-18T18:09:45.682Z</time>
      </trkpt>
      <trkpt lat="37.9649519" lon="-4.829327">
        <ele>518</ele>
        <time>2026-08-18T18:09:46.682Z</time>
      </trkpt>
      <trkpt lat="37.96495" lon="-4.8293383">
        <ele>518</ele>
        <time>2026-08-18T18:09:47.682Z</time>
      </trkpt>
      <trkpt lat="37.9649496" lon="-4.8293504">
        <ele>518</ele>
        <time>2026-08-18T18:09:48.682Z</time>
      </trkpt>
      <trkpt lat="37.9649493" lon="-4.8293626">
        <ele>518</ele>
        <time>2026-08-18T18:09:49.682Z</time>
      </trkpt>
      <trkpt lat="37.9649478" lon="-4.8293714">
        <ele>518</ele>
        <time>2026-08-18T18:09:50.682Z</time>
      </trkpt>
      <trkpt lat="37.9649463" lon="-4.8293803">
        <ele>518</ele>
        <time>2026-08-18T18:09:51.682Z</time>
      </trkpt>
      <trkpt lat="37.9649421" lon="-4.8293863">
        <ele>517</ele>
        <time>2026-08-18T18:09:52.682Z</time>
      </trkpt>
      <trkpt lat="37.964938" lon="-4.8293923">
        <ele>517</ele>
        <time>2026-08-18T18:09:53.682Z</time>
      </trkpt>
      <trkpt lat="37.9649328" lon="-4.8293967">
        <ele>517</ele>
        <time>2026-08-18T18:09:54.682Z</time>
      </trkpt>
      <trkpt lat="37.9649276" lon="-4.8294011">
        <ele>517</ele>
        <time>2026-08-18T18:09:55.682Z</time>
      </trkpt>
      <trkpt lat="37.9649216" lon="-4.8294074">
        <ele>516</ele>
        <time>2026-08-18T18:09:56.682Z</time>
      </trkpt>
      <trkpt lat="37.9649156" lon="-4.8294138">
        <ele>516</ele>
        <time>2026-08-18T18:09:57.682Z</time>
      </trkpt>
      <trkpt lat="37.9649088" lon="-4.8294222">
        <ele>516</ele>
        <time>2026-08-18T18:09:58.682Z</time>
      </trkpt>
      <trkpt lat="37.9649021" lon="-4.8294306">
        <ele>516</ele>
        <time>2026-08-18T18:09:59.682Z</time>
      </trkpt>
      <trkpt lat="37.9648944" lon="-4.8294388">
        <ele>516</ele>
        <time>2026-08-18T18:10:00.682Z</time>
      </trkpt>
      <trkpt lat="37.9648868" lon="-4.829447">
        <ele>516</ele>
        <time>2026-08-18T18:10:01.682Z</time>
      </trkpt>
      <trkpt lat="37.9648778" lon="-4.8294554">
        <ele>516</ele>
        <time>2026-08-18T18:10:02.682Z</time>
      </trkpt>
      <trkpt lat="37.9648689" lon="-4.8294639">
        <ele>516</ele>
        <time>2026-08-18T18:10:03.682Z</time>
      </trkpt>
      <trkpt lat="37.9648609" lon="-4.8294722">
        <ele>515</ele>
        <time>2026-08-18T18:10:04.682Z</time>
      </trkpt>
      <trkpt lat="37.964853" lon="-4.8294806">
        <ele>515</ele>
        <time>2026-08-18T18:10:05.682Z</time>
      </trkpt>
      <trkpt lat="37.9648458" lon="-4.8294876">
        <ele>515</ele>
        <time>2026-08-18T18:10:06.682Z</time>
      </trkpt>
      <trkpt lat="37.9648386" lon="-4.8294946">
        <ele>515</ele>
        <time>2026-08-18T18:10:07.682Z</time>
      </trkpt>
      <trkpt lat="37.9648324" lon="-4.8295012">
        <ele>515</ele>
        <time>2026-08-18T18:10:08.682Z</time>
      </trkpt>
      <trkpt lat="37.9648262" lon="-4.8295079">
        <ele>515</ele>
        <time>2026-08-18T18:10:09.682Z</time>
      </trkpt>
      <trkpt lat="37.9648204" lon="-4.8295121">
        <ele>514</ele>
        <time>2026-08-18T18:10:23.682Z</time>
      </trkpt>
      <trkpt lat="37.9648164" lon="-4.8295149">
        <ele>514</ele>
        <time>2026-08-18T18:10:24.682Z</time>
      </trkpt>
      <trkpt lat="37.9648124" lon="-4.8295178">
        <ele>514</ele>
        <time>2026-08-18T18:10:25.682Z</time>
      </trkpt>
      <trkpt lat="37.9648084" lon="-4.829523">
        <ele>514</ele>
        <time>2026-08-18T18:10:26.682Z</time>
      </trkpt>
      <trkpt lat="37.9648044" lon="-4.8295283">
        <ele>514</ele>
        <time>2026-08-18T18:10:27.682Z</time>
      </trkpt>
      <trkpt lat="37.9647937" lon="-4.829542">
        <ele>512</ele>
        <time>2026-08-18T18:10:46.682Z</time>
      </trkpt>
      <trkpt lat="37.9647894" lon="-4.8295483">
        <ele>512</ele>
        <time>2026-08-18T18:10:47.682Z</time>
      </trkpt>
      <trkpt lat="37.9647851" lon="-4.8295547">
        <ele>512</ele>
        <time>2026-08-18T18:10:48.682Z</time>
      </trkpt>
      <trkpt lat="37.9647796" lon="-4.8295678">
        <ele>512</ele>
        <time>2026-08-18T18:10:49.682Z</time>
      </trkpt>
      <trkpt lat="37.9647741" lon="-4.829581">
        <ele>512</ele>
        <time>2026-08-18T18:10:50.682Z</time>
      </trkpt>
      <trkpt lat="37.9647663" lon="-4.8296">
        <ele>513</ele>
        <time>2026-08-18T18:10:51.682Z</time>
      </trkpt>
      <trkpt lat="37.9647586" lon="-4.829619">
        <ele>513</ele>
        <time>2026-08-18T18:10:52.682Z</time>
      </trkpt>
      <trkpt lat="37.9647504" lon="-4.8296381">
        <ele>513</ele>
        <time>2026-08-18T18:10:53.682Z</time>
      </trkpt>
      <trkpt lat="37.9647423" lon="-4.8296573">
        <ele>513</ele>
        <time>2026-08-18T18:10:54.682Z</time>
      </trkpt>
      <trkpt lat="37.9647343" lon="-4.829673">
        <ele>513</ele>
        <time>2026-08-18T18:10:55.682Z</time>
      </trkpt>
      <trkpt lat="37.9647264" lon="-4.8296887">
        <ele>513</ele>
        <time>2026-08-18T18:10:56.682Z</time>
      </trkpt>
      <trkpt lat="37.9647203" lon="-4.8297029">
        <ele>513</ele>
        <time>2026-08-18T18:10:57.682Z</time>
      </trkpt>
      <trkpt lat="37.9647143" lon="-4.8297171">
        <ele>513</ele>
        <time>2026-08-18T18:10:58.682Z</time>
      </trkpt>
      <trkpt lat="37.9647101" lon="-4.8297309">
        <ele>514</ele>
        <time>2026-08-18T18:10:59.682Z</time>
      </trkpt>
      <trkpt lat="37.964706" lon="-4.8297448">
        <ele>514</ele>
        <time>2026-08-18T18:11:00.682Z</time>
      </trkpt>
      <trkpt lat="37.9647022" lon="-4.8297585">
        <ele>514</ele>
        <time>2026-08-18T18:11:01.682Z</time>
      </trkpt>
      <trkpt lat="37.9646985" lon="-4.8297722">
        <ele>514</ele>
        <time>2026-08-18T18:11:02.682Z</time>
      </trkpt>
      <trkpt lat="37.9646954" lon="-4.8297873">
        <ele>514</ele>
        <time>2026-08-18T18:11:03.682Z</time>
      </trkpt>
      <trkpt lat="37.9646924" lon="-4.8298025">
        <ele>513</ele>
        <time>2026-08-18T18:11:04.682Z</time>
      </trkpt>
      <trkpt lat="37.96469" lon="-4.8298187">
        <ele>513</ele>
        <time>2026-08-18T18:11:05.682Z</time>
      </trkpt>
      <trkpt lat="37.9646876" lon="-4.829835">
        <ele>513</ele>
        <time>2026-08-18T18:11:06.682Z</time>
      </trkpt>
      <trkpt lat="37.9646849" lon="-4.8298502">
        <ele>513</ele>
        <time>2026-08-18T18:11:07.682Z</time>
      </trkpt>
      <trkpt lat="37.9646822" lon="-4.8298654">
        <ele>513</ele>
        <time>2026-08-18T18:11:08.682Z</time>
      </trkpt>
      <trkpt lat="37.9646788" lon="-4.8298795">
        <ele>513</ele>
        <time>2026-08-18T18:11:09.682Z</time>
      </trkpt>
      <trkpt lat="37.9646754" lon="-4.8298937">
        <ele>513</ele>
        <time>2026-08-18T18:11:10.682Z</time>
      </trkpt>
      <trkpt lat="37.9646717" lon="-4.8299046">
        <ele>514</ele>
        <time>2026-08-18T18:11:11.682Z</time>
      </trkpt>
      <trkpt lat="37.964668" lon="-4.8299155">
        <ele>514</ele>
        <time>2026-08-18T18:11:12.682Z</time>
      </trkpt>
      <trkpt lat="37.9646631" lon="-4.8299243">
        <ele>514</ele>
        <time>2026-08-18T18:11:13.682Z</time>
      </trkpt>
      <trkpt lat="37.9646583" lon="-4.8299331">
        <ele>514</ele>
        <time>2026-08-18T18:11:14.682Z</time>
      </trkpt>
      <trkpt lat="37.9646538" lon="-4.8299445">
        <ele>514</ele>
        <time>2026-08-18T18:11:15.682Z</time>
      </trkpt>
      <trkpt lat="37.9646493" lon="-4.8299559">
        <ele>514</ele>
        <time>2026-08-18T18:11:16.682Z</time>
      </trkpt>
      <trkpt lat="37.964645" lon="-4.8299655">
        <ele>514</ele>
        <time>2026-08-18T18:11:17.682Z</time>
      </trkpt>
      <trkpt lat="37.9646408" lon="-4.8299752">
        <ele>514</ele>
        <time>2026-08-18T18:11:18.682Z</time>
      </trkpt>
      <trkpt lat="37.9646351" lon="-4.8299844">
        <ele>514</ele>
        <time>2026-08-18T18:11:19.682Z</time>
      </trkpt>
      <trkpt lat="37.9646294" lon="-4.8299937">
        <ele>514</ele>
        <time>2026-08-18T18:11:20.682Z</time>
      </trkpt>
      <trkpt lat="37.9646242" lon="-4.8300036">
        <ele>514</ele>
        <time>2026-08-18T18:11:21.682Z</time>
      </trkpt>
      <trkpt lat="37.9646191" lon="-4.8300135">
        <ele>514</ele>
        <time>2026-08-18T18:11:22.682Z</time>
      </trkpt>
      <trkpt lat="37.9646144" lon="-4.8300328">
        <ele>511</ele>
        <time>2026-08-18T18:12:11.682Z</time>
      </trkpt>
      <trkpt lat="37.9646112" lon="-4.8300378">
        <ele>510</ele>
        <time>2026-08-18T18:12:12.682Z</time>
      </trkpt>
      <trkpt lat="37.964608" lon="-4.8300428">
        <ele>510</ele>
        <time>2026-08-18T18:12:13.682Z</time>
      </trkpt>
      <trkpt lat="37.9646001" lon="-4.8300463">
        <ele>510</ele>
        <time>2026-08-18T18:12:14.682Z</time>
      </trkpt>
      <trkpt lat="37.9645923" lon="-4.8300498">
        <ele>510</ele>
        <time>2026-08-18T18:12:15.682Z</time>
      </trkpt>
      <trkpt lat="37.9645817" lon="-4.8300542">
        <ele>509</ele>
        <time>2026-08-18T18:12:16.682Z</time>
      </trkpt>
      <trkpt lat="37.9645712" lon="-4.8300587">
        <ele>509</ele>
        <time>2026-08-18T18:12:17.682Z</time>
      </trkpt>
      <trkpt lat="37.9645597" lon="-4.8300634">
        <ele>509</ele>
        <time>2026-08-18T18:12:18.682Z</time>
      </trkpt>
      <trkpt lat="37.9645483" lon="-4.8300682">
        <ele>509</ele>
        <time>2026-08-18T18:12:19.682Z</time>
      </trkpt>
      <trkpt lat="37.964538" lon="-4.8300761">
        <ele>509</ele>
        <time>2026-08-18T18:12:20.682Z</time>
      </trkpt>
      <trkpt lat="37.9645278" lon="-4.8300841">
        <ele>510</ele>
        <time>2026-08-18T18:12:21.682Z</time>
      </trkpt>
      <trkpt lat="37.9645181" lon="-4.8300953">
        <ele>510</ele>
        <time>2026-08-18T18:12:22.682Z</time>
      </trkpt>
      <trkpt lat="37.9645084" lon="-4.8301066">
        <ele>511</ele>
        <time>2026-08-18T18:12:23.682Z</time>
      </trkpt>
      <trkpt lat="37.9645004" lon="-4.8301207">
        <ele>510</ele>
        <time>2026-08-18T18:12:24.682Z</time>
      </trkpt>
      <trkpt lat="37.9644925" lon="-4.8301349">
        <ele>510</ele>
        <time>2026-08-18T18:12:25.682Z</time>
      </trkpt>
      <trkpt lat="37.9644863" lon="-4.8301504">
        <ele>510</ele>
        <time>2026-08-18T18:12:26.682Z</time>
      </trkpt>
      <trkpt lat="37.9644802" lon="-4.830166">
        <ele>510</ele>
        <time>2026-08-18T18:12:27.682Z</time>
      </trkpt>
      <trkpt lat="37.9644754" lon="-4.8301827">
        <ele>510</ele>
        <time>2026-08-18T18:12:28.682Z</time>
      </trkpt>
      <trkpt lat="37.9644707" lon="-4.8301994">
        <ele>510</ele>
        <time>2026-08-18T18:12:29.682Z</time>
      </trkpt>
      <trkpt lat="37.9644676" lon="-4.8302153">
        <ele>510</ele>
        <time>2026-08-18T18:12:30.682Z</time>
      </trkpt>
      <trkpt lat="37.9644646" lon="-4.8302312">
        <ele>510</ele>
        <time>2026-08-18T18:12:31.682Z</time>
      </trkpt>
      <trkpt lat="37.9644628" lon="-4.8302452">
        <ele>510</ele>
        <time>2026-08-18T18:12:32.682Z</time>
      </trkpt>
      <trkpt lat="37.964461" lon="-4.8302592">
        <ele>510</ele>
        <time>2026-08-18T18:12:33.682Z</time>
      </trkpt>
      <trkpt lat="37.9644587" lon="-4.8302718">
        <ele>510</ele>
        <time>2026-08-18T18:12:34.682Z</time>
      </trkpt>
      <trkpt lat="37.9644564" lon="-4.8302845">
        <ele>511</ele>
        <time>2026-08-18T18:12:35.682Z</time>
      </trkpt>
      <trkpt lat="37.9644525" lon="-4.8302962">
        <ele>511</ele>
        <time>2026-08-18T18:12:36.682Z</time>
      </trkpt>
      <trkpt lat="37.9644486" lon="-4.830308">
        <ele>511</ele>
        <time>2026-08-18T18:12:37.682Z</time>
      </trkpt>
      <trkpt lat="37.9644429" lon="-4.8303193">
        <ele>511</ele>
        <time>2026-08-18T18:12:38.682Z</time>
      </trkpt>
      <trkpt lat="37.9644373" lon="-4.8303306">
        <ele>512</ele>
        <time>2026-08-18T18:12:39.682Z</time>
      </trkpt>
      <trkpt lat="37.9644306" lon="-4.8303398">
        <ele>511</ele>
        <time>2026-08-18T18:12:40.682Z</time>
      </trkpt>
      <trkpt lat="37.964424" lon="-4.830349">
        <ele>511</ele>
        <time>2026-08-18T18:12:41.682Z</time>
      </trkpt>
      <trkpt lat="37.9644167" lon="-4.830355">
        <ele>510</ele>
        <time>2026-08-18T18:12:42.682Z</time>
      </trkpt>
      <trkpt lat="37.9644094" lon="-4.830361">
        <ele>510</ele>
        <time>2026-08-18T18:12:43.682Z</time>
      </trkpt>
      <trkpt lat="37.9643995" lon="-4.830362">
        <ele>510</ele>
        <time>2026-08-18T18:12:44.682Z</time>
      </trkpt>
      <trkpt lat="37.9643896" lon="-4.8303631">
        <ele>510</ele>
        <time>2026-08-18T18:12:45.682Z</time>
      </trkpt>
      <trkpt lat="37.9643768" lon="-4.8303617">
        <ele>510</ele>
        <time>2026-08-18T18:12:46.682Z</time>
      </trkpt>
      <trkpt lat="37.9643641" lon="-4.8303604">
        <ele>510</ele>
        <time>2026-08-18T18:12:47.682Z</time>
      </trkpt>
      <trkpt lat="37.9643519" lon="-4.8303613">
        <ele>510</ele>
        <time>2026-08-18T18:12:48.682Z</time>
      </trkpt>
      <trkpt lat="37.9643397" lon="-4.8303623">
        <ele>510</ele>
        <time>2026-08-18T18:12:49.682Z</time>
      </trkpt>
      <trkpt lat="37.9643281" lon="-4.8303652">
        <ele>510</ele>
        <time>2026-08-18T18:12:50.682Z</time>
      </trkpt>
      <trkpt lat="37.9643166" lon="-4.8303681">
        <ele>511</ele>
        <time>2026-08-18T18:12:51.682Z</time>
      </trkpt>
      <trkpt lat="37.9643054" lon="-4.8303727">
        <ele>510</ele>
        <time>2026-08-18T18:12:52.682Z</time>
      </trkpt>
      <trkpt lat="37.9642942" lon="-4.8303773">
        <ele>510</ele>
        <time>2026-08-18T18:12:53.682Z</time>
      </trkpt>
      <trkpt lat="37.9642828" lon="-4.8303843">
        <ele>510</ele>
        <time>2026-08-18T18:12:54.682Z</time>
      </trkpt>
      <trkpt lat="37.9642714" lon="-4.8303913">
        <ele>510</ele>
        <time>2026-08-18T18:12:55.682Z</time>
      </trkpt>
      <trkpt lat="37.96426" lon="-4.8304018">
        <ele>509</ele>
        <time>2026-08-18T18:12:56.682Z</time>
      </trkpt>
      <trkpt lat="37.9642487" lon="-4.8304124">
        <ele>509</ele>
        <time>2026-08-18T18:12:57.682Z</time>
      </trkpt>
      <trkpt lat="37.9642389" lon="-4.8304266">
        <ele>509</ele>
        <time>2026-08-18T18:12:58.682Z</time>
      </trkpt>
      <trkpt lat="37.9642292" lon="-4.8304408">
        <ele>509</ele>
        <time>2026-08-18T18:12:59.682Z</time>
      </trkpt>
      <trkpt lat="37.9642211" lon="-4.8304553">
        <ele>509</ele>
        <time>2026-08-18T18:13:00.682Z</time>
      </trkpt>
      <trkpt lat="37.964213" lon="-4.8304699">
        <ele>509</ele>
        <time>2026-08-18T18:13:01.682Z</time>
      </trkpt>
      <trkpt lat="37.9642062" lon="-4.8304851">
        <ele>509</ele>
        <time>2026-08-18T18:13:02.682Z</time>
      </trkpt>
      <trkpt lat="37.9641995" lon="-4.8305003">
        <ele>509</ele>
        <time>2026-08-18T18:13:03.682Z</time>
      </trkpt>
      <trkpt lat="37.9641944" lon="-4.8305173">
        <ele>508</ele>
        <time>2026-08-18T18:13:04.682Z</time>
      </trkpt>
      <trkpt lat="37.9641893" lon="-4.8305344">
        <ele>508</ele>
        <time>2026-08-18T18:13:05.682Z</time>
      </trkpt>
      <trkpt lat="37.9641865" lon="-4.8305515">
        <ele>508</ele>
        <time>2026-08-18T18:13:06.682Z</time>
      </trkpt>
      <trkpt lat="37.9641837" lon="-4.8305687">
        <ele>508</ele>
        <time>2026-08-18T18:13:07.682Z</time>
      </trkpt>
      <trkpt lat="37.9641806" lon="-4.8305834">
        <ele>507</ele>
        <time>2026-08-18T18:13:08.682Z</time>
      </trkpt>
      <trkpt lat="37.9641776" lon="-4.8305982">
        <ele>507</ele>
        <time>2026-08-18T18:13:09.682Z</time>
      </trkpt>
      <trkpt lat="37.9641745" lon="-4.8306136">
        <ele>507</ele>
        <time>2026-08-18T18:13:10.682Z</time>
      </trkpt>
      <trkpt lat="37.9641715" lon="-4.830629">
        <ele>507</ele>
        <time>2026-08-18T18:13:11.682Z</time>
      </trkpt>
      <trkpt lat="37.9641686" lon="-4.8306451">
        <ele>507</ele>
        <time>2026-08-18T18:13:12.682Z</time>
      </trkpt>
      <trkpt lat="37.9641658" lon="-4.8306612">
        <ele>507</ele>
        <time>2026-08-18T18:13:13.682Z</time>
      </trkpt>
      <trkpt lat="37.9641625" lon="-4.8306762">
        <ele>507</ele>
        <time>2026-08-18T18:13:14.682Z</time>
      </trkpt>
      <trkpt lat="37.9641593" lon="-4.8306912">
        <ele>507</ele>
        <time>2026-08-18T18:13:15.682Z</time>
      </trkpt>
      <trkpt lat="37.9641549" lon="-4.8307042">
        <ele>506</ele>
        <time>2026-08-18T18:13:16.682Z</time>
      </trkpt>
      <trkpt lat="37.9641505" lon="-4.8307173">
        <ele>506</ele>
        <time>2026-08-18T18:13:17.682Z</time>
      </trkpt>
      <trkpt lat="37.9641454" lon="-4.8307294">
        <ele>506</ele>
        <time>2026-08-18T18:13:18.682Z</time>
      </trkpt>
      <trkpt lat="37.9641404" lon="-4.8307415">
        <ele>506</ele>
        <time>2026-08-18T18:13:19.682Z</time>
      </trkpt>
      <trkpt lat="37.9641367" lon="-4.8307552">
        <ele>505</ele>
        <time>2026-08-18T18:13:20.682Z</time>
      </trkpt>
      <trkpt lat="37.964133" lon="-4.8307689">
        <ele>505</ele>
        <time>2026-08-18T18:13:21.682Z</time>
      </trkpt>
      <trkpt lat="37.9641295" lon="-4.8307819">
        <ele>505</ele>
        <time>2026-08-18T18:13:22.682Z</time>
      </trkpt>
      <trkpt lat="37.9641261" lon="-4.8307949">
        <ele>505</ele>
        <time>2026-08-18T18:13:23.682Z</time>
      </trkpt>
      <trkpt lat="37.9641203" lon="-4.8308077">
        <ele>505</ele>
        <time>2026-08-18T18:13:24.682Z</time>
      </trkpt>
      <trkpt lat="37.9641146" lon="-4.8308205">
        <ele>505</ele>
        <time>2026-08-18T18:13:25.682Z</time>
      </trkpt>
      <trkpt lat="37.9641081" lon="-4.8308352">
        <ele>505</ele>
        <time>2026-08-18T18:13:26.682Z</time>
      </trkpt>
      <trkpt lat="37.9641017" lon="-4.8308499">
        <ele>505</ele>
        <time>2026-08-18T18:13:27.682Z</time>
      </trkpt>
      <trkpt lat="37.9640982" lon="-4.8308648">
        <ele>504</ele>
        <time>2026-08-18T18:13:28.682Z</time>
      </trkpt>
      <trkpt lat="37.9640948" lon="-4.8308798">
        <ele>504</ele>
        <time>2026-08-18T18:13:29.682Z</time>
      </trkpt>
      <trkpt lat="37.9640928" lon="-4.8308958">
        <ele>504</ele>
        <time>2026-08-18T18:13:30.682Z</time>
      </trkpt>
      <trkpt lat="37.9640908" lon="-4.8309119">
        <ele>504</ele>
        <time>2026-08-18T18:13:31.682Z</time>
      </trkpt>
      <trkpt lat="37.9640896" lon="-4.8309277">
        <ele>504</ele>
        <time>2026-08-18T18:13:32.682Z</time>
      </trkpt>
      <trkpt lat="37.9640885" lon="-4.8309435">
        <ele>504</ele>
        <time>2026-08-18T18:13:33.682Z</time>
      </trkpt>
      <trkpt lat="37.9640859" lon="-4.8309586">
        <ele>504</ele>
        <time>2026-08-18T18:13:34.682Z</time>
      </trkpt>
      <trkpt lat="37.9640834" lon="-4.8309738">
        <ele>504</ele>
        <time>2026-08-18T18:13:35.682Z</time>
      </trkpt>
      <trkpt lat="37.9640797" lon="-4.8309884">
        <ele>503</ele>
        <time>2026-08-18T18:13:36.682Z</time>
      </trkpt>
      <trkpt lat="37.964076" lon="-4.8310031">
        <ele>503</ele>
        <time>2026-08-18T18:13:37.682Z</time>
      </trkpt>
      <trkpt lat="37.9640714" lon="-4.8310155">
        <ele>503</ele>
        <time>2026-08-18T18:13:38.682Z</time>
      </trkpt>
      <trkpt lat="37.9640669" lon="-4.8310279">
        <ele>503</ele>
        <time>2026-08-18T18:13:39.682Z</time>
      </trkpt>
      <trkpt lat="37.9640607" lon="-4.8310382">
        <ele>503</ele>
        <time>2026-08-18T18:13:40.682Z</time>
      </trkpt>
      <trkpt lat="37.9640546" lon="-4.8310485">
        <ele>503</ele>
        <time>2026-08-18T18:13:41.682Z</time>
      </trkpt>
      <trkpt lat="37.9640483" lon="-4.8310605">
        <ele>503</ele>
        <time>2026-08-18T18:13:42.682Z</time>
      </trkpt>
      <trkpt lat="37.9640421" lon="-4.8310726">
        <ele>503</ele>
        <time>2026-08-18T18:13:43.682Z</time>
      </trkpt>
      <trkpt lat="37.9640383" lon="-4.8310864">
        <ele>503</ele>
        <time>2026-08-18T18:13:44.682Z</time>
      </trkpt>
      <trkpt lat="37.9640346" lon="-4.8311003">
        <ele>503</ele>
        <time>2026-08-18T18:13:45.682Z</time>
      </trkpt>
      <trkpt lat="37.9640312" lon="-4.8311146">
        <ele>503</ele>
        <time>2026-08-18T18:13:46.682Z</time>
      </trkpt>
      <trkpt lat="37.9640279" lon="-4.831129">
        <ele>503</ele>
        <time>2026-08-18T18:13:47.682Z</time>
      </trkpt>
      <trkpt lat="37.9640224" lon="-4.8311418">
        <ele>503</ele>
        <time>2026-08-18T18:13:48.682Z</time>
      </trkpt>
      <trkpt lat="37.964017" lon="-4.8311546">
        <ele>503</ele>
        <time>2026-08-18T18:13:49.682Z</time>
      </trkpt>
      <trkpt lat="37.9640101" lon="-4.8311645">
        <ele>503</ele>
        <time>2026-08-18T18:13:50.682Z</time>
      </trkpt>
      <trkpt lat="37.9640032" lon="-4.8311744">
        <ele>503</ele>
        <time>2026-08-18T18:13:51.682Z</time>
      </trkpt>
      <trkpt lat="37.9639941" lon="-4.8311807">
        <ele>503</ele>
        <time>2026-08-18T18:13:52.682Z</time>
      </trkpt>
      <trkpt lat="37.963985" lon="-4.8311871">
        <ele>503</ele>
        <time>2026-08-18T18:13:53.682Z</time>
      </trkpt>
      <trkpt lat="37.9639755" lon="-4.8311917">
        <ele>503</ele>
        <time>2026-08-18T18:13:54.682Z</time>
      </trkpt>
      <trkpt lat="37.9639661" lon="-4.8311964">
        <ele>503</ele>
        <time>2026-08-18T18:13:55.682Z</time>
      </trkpt>
      <trkpt lat="37.9639577" lon="-4.8312005">
        <ele>502</ele>
        <time>2026-08-18T18:13:56.682Z</time>
      </trkpt>
      <trkpt lat="37.9639494" lon="-4.8312047">
        <ele>502</ele>
        <time>2026-08-18T18:13:57.682Z</time>
      </trkpt>
      <trkpt lat="37.9639404" lon="-4.8312079">
        <ele>502</ele>
        <time>2026-08-18T18:13:58.682Z</time>
      </trkpt>
      <trkpt lat="37.9639315" lon="-4.8312111">
        <ele>502</ele>
        <time>2026-08-18T18:13:59.682Z</time>
      </trkpt>
      <trkpt lat="37.9639221" lon="-4.8312135">
        <ele>501</ele>
        <time>2026-08-18T18:14:00.682Z</time>
      </trkpt>
      <trkpt lat="37.9639128" lon="-4.831216">
        <ele>501</ele>
        <time>2026-08-18T18:14:01.682Z</time>
      </trkpt>
      <trkpt lat="37.9639042" lon="-4.8312185">
        <ele>501</ele>
        <time>2026-08-18T18:14:02.682Z</time>
      </trkpt>
      <trkpt lat="37.9638956" lon="-4.831221">
        <ele>501</ele>
        <time>2026-08-18T18:14:03.682Z</time>
      </trkpt>
      <trkpt lat="37.963886" lon="-4.8312223">
        <ele>501</ele>
        <time>2026-08-18T18:14:04.682Z</time>
      </trkpt>
      <trkpt lat="37.9638764" lon="-4.8312237">
        <ele>501</ele>
        <time>2026-08-18T18:14:05.682Z</time>
      </trkpt>
      <trkpt lat="37.9638674" lon="-4.8312292">
        <ele>501</ele>
        <time>2026-08-18T18:14:06.682Z</time>
      </trkpt>
      <trkpt lat="37.9638585" lon="-4.8312348">
        <ele>501</ele>
        <time>2026-08-18T18:14:07.682Z</time>
      </trkpt>
      <trkpt lat="37.9638524" lon="-4.8312454">
        <ele>501</ele>
        <time>2026-08-18T18:14:08.682Z</time>
      </trkpt>
      <trkpt lat="37.9638464" lon="-4.8312561">
        <ele>501</ele>
        <time>2026-08-18T18:14:09.682Z</time>
      </trkpt>
      <trkpt lat="37.9638424" lon="-4.8312689">
        <ele>501</ele>
        <time>2026-08-18T18:14:10.682Z</time>
      </trkpt>
      <trkpt lat="37.9638384" lon="-4.8312818">
        <ele>501</ele>
        <time>2026-08-18T18:14:11.682Z</time>
      </trkpt>
      <trkpt lat="37.9638356" lon="-4.8312942">
        <ele>500</ele>
        <time>2026-08-18T18:14:12.682Z</time>
      </trkpt>
      <trkpt lat="37.9638328" lon="-4.8313066">
        <ele>500</ele>
        <time>2026-08-18T18:14:13.682Z</time>
      </trkpt>
      <trkpt lat="37.963829" lon="-4.8313193">
        <ele>499</ele>
        <time>2026-08-18T18:14:14.682Z</time>
      </trkpt>
      <trkpt lat="37.9638252" lon="-4.831332">
        <ele>499</ele>
        <time>2026-08-18T18:14:15.682Z</time>
      </trkpt>
      <trkpt lat="37.9638185" lon="-4.8313444">
        <ele>498</ele>
        <time>2026-08-18T18:14:16.682Z</time>
      </trkpt>
      <trkpt lat="37.9638118" lon="-4.8313569">
        <ele>498</ele>
        <time>2026-08-18T18:14:17.682Z</time>
      </trkpt>
      <trkpt lat="37.9638031" lon="-4.8313673">
        <ele>498</ele>
        <time>2026-08-18T18:14:18.682Z</time>
      </trkpt>
      <trkpt lat="37.9637944" lon="-4.8313777">
        <ele>498</ele>
        <time>2026-08-18T18:14:19.682Z</time>
      </trkpt>
      <trkpt lat="37.9637849" lon="-4.8313869">
        <ele>497</ele>
        <time>2026-08-18T18:14:20.682Z</time>
      </trkpt>
      <trkpt lat="37.9637755" lon="-4.8313961">
        <ele>497</ele>
        <time>2026-08-18T18:14:21.682Z</time>
      </trkpt>
      <trkpt lat="37.9637667" lon="-4.8314053">
        <ele>497</ele>
        <time>2026-08-18T18:14:22.682Z</time>
      </trkpt>
      <trkpt lat="37.9637579" lon="-4.8314146">
        <ele>497</ele>
        <time>2026-08-18T18:14:23.682Z</time>
      </trkpt>
      <trkpt lat="37.963749" lon="-4.8314234">
        <ele>496</ele>
        <time>2026-08-18T18:14:24.682Z</time>
      </trkpt>
      <trkpt lat="37.9637401" lon="-4.8314323">
        <ele>496</ele>
        <time>2026-08-18T18:14:25.682Z</time>
      </trkpt>
      <trkpt lat="37.963729" lon="-4.8314392">
        <ele>496</ele>
        <time>2026-08-18T18:14:26.682Z</time>
      </trkpt>
      <trkpt lat="37.963718" lon="-4.8314462">
        <ele>496</ele>
        <time>2026-08-18T18:14:27.682Z</time>
      </trkpt>
      <trkpt lat="37.9637068" lon="-4.8314548">
        <ele>495</ele>
        <time>2026-08-18T18:14:28.682Z</time>
      </trkpt>
      <trkpt lat="37.9636956" lon="-4.8314634">
        <ele>495</ele>
        <time>2026-08-18T18:14:29.682Z</time>
      </trkpt>
      <trkpt lat="37.9636844" lon="-4.8314723">
        <ele>495</ele>
        <time>2026-08-18T18:14:30.682Z</time>
      </trkpt>
      <trkpt lat="37.9636732" lon="-4.8314812">
        <ele>495</ele>
        <time>2026-08-18T18:14:31.682Z</time>
      </trkpt>
      <trkpt lat="37.9636614" lon="-4.8314887">
        <ele>494</ele>
        <time>2026-08-18T18:14:32.682Z</time>
      </trkpt>
      <trkpt lat="37.9636497" lon="-4.8314963">
        <ele>494</ele>
        <time>2026-08-18T18:14:33.682Z</time>
      </trkpt>
      <trkpt lat="37.9636377" lon="-4.8315012">
        <ele>494</ele>
        <time>2026-08-18T18:14:34.682Z</time>
      </trkpt>
      <trkpt lat="37.9636258" lon="-4.8315061">
        <ele>494</ele>
        <time>2026-08-18T18:14:35.682Z</time>
      </trkpt>
      <trkpt lat="37.9636141" lon="-4.83151">
        <ele>493</ele>
        <time>2026-08-18T18:14:36.682Z</time>
      </trkpt>
      <trkpt lat="37.9636025" lon="-4.8315139">
        <ele>493</ele>
        <time>2026-08-18T18:14:37.682Z</time>
      </trkpt>
      <trkpt lat="37.9635929" lon="-4.8315214">
        <ele>493</ele>
        <time>2026-08-18T18:14:38.682Z</time>
      </trkpt>
      <trkpt lat="37.9635833" lon="-4.831529">
        <ele>493</ele>
        <time>2026-08-18T18:14:39.682Z</time>
      </trkpt>
      <trkpt lat="37.9635757" lon="-4.8315409">
        <ele>492</ele>
        <time>2026-08-18T18:14:40.682Z</time>
      </trkpt>
      <trkpt lat="37.9635682" lon="-4.8315529">
        <ele>492</ele>
        <time>2026-08-18T18:14:41.682Z</time>
      </trkpt>
      <trkpt lat="37.9635601" lon="-4.8315656">
        <ele>492</ele>
        <time>2026-08-18T18:14:42.682Z</time>
      </trkpt>
      <trkpt lat="37.963552" lon="-4.8315784">
        <ele>492</ele>
        <time>2026-08-18T18:14:43.682Z</time>
      </trkpt>
      <trkpt lat="37.9635451" lon="-4.8315926">
        <ele>491</ele>
        <time>2026-08-18T18:14:44.682Z</time>
      </trkpt>
      <trkpt lat="37.9635382" lon="-4.8316069">
        <ele>491</ele>
        <time>2026-08-18T18:14:45.682Z</time>
      </trkpt>
      <trkpt lat="37.9635342" lon="-4.831623">
        <ele>491</ele>
        <time>2026-08-18T18:14:46.682Z</time>
      </trkpt>
      <trkpt lat="37.9635303" lon="-4.8316391">
        <ele>491</ele>
        <time>2026-08-18T18:14:47.682Z</time>
      </trkpt>
      <trkpt lat="37.9635277" lon="-4.8316552">
        <ele>491</ele>
        <time>2026-08-18T18:14:48.682Z</time>
      </trkpt>
      <trkpt lat="37.9635252" lon="-4.8316714">
        <ele>491</ele>
        <time>2026-08-18T18:14:49.682Z</time>
      </trkpt>
      <trkpt lat="37.9635211" lon="-4.831687">
        <ele>491</ele>
        <time>2026-08-18T18:14:50.682Z</time>
      </trkpt>
      <trkpt lat="37.9635171" lon="-4.8317027">
        <ele>491</ele>
        <time>2026-08-18T18:14:51.682Z</time>
      </trkpt>
      <trkpt lat="37.9635104" lon="-4.8317165">
        <ele>490</ele>
        <time>2026-08-18T18:14:52.682Z</time>
      </trkpt>
      <trkpt lat="37.9635037" lon="-4.8317304">
        <ele>490</ele>
        <time>2026-08-18T18:14:53.682Z</time>
      </trkpt>
      <trkpt lat="37.9634949" lon="-4.8317423">
        <ele>490</ele>
        <time>2026-08-18T18:14:54.682Z</time>
      </trkpt>
      <trkpt lat="37.9634861" lon="-4.8317543">
        <ele>490</ele>
        <time>2026-08-18T18:14:55.682Z</time>
      </trkpt>
      <trkpt lat="37.9634762" lon="-4.8317645">
        <ele>489</ele>
        <time>2026-08-18T18:14:56.682Z</time>
      </trkpt>
      <trkpt lat="37.9634664" lon="-4.8317747">
        <ele>489</ele>
        <time>2026-08-18T18:14:57.682Z</time>
      </trkpt>
      <trkpt lat="37.9634565" lon="-4.8317851">
        <ele>489</ele>
        <time>2026-08-18T18:14:58.682Z</time>
      </trkpt>
      <trkpt lat="37.9634466" lon="-4.8317956">
        <ele>489</ele>
        <time>2026-08-18T18:14:59.682Z</time>
      </trkpt>
      <trkpt lat="37.9634384" lon="-4.8318093">
        <ele>489</ele>
        <time>2026-08-18T18:15:00.682Z</time>
      </trkpt>
      <trkpt lat="37.9634302" lon="-4.831823">
        <ele>489</ele>
        <time>2026-08-18T18:15:01.682Z</time>
      </trkpt>
      <trkpt lat="37.9634211" lon="-4.8318362">
        <ele>489</ele>
        <time>2026-08-18T18:15:02.682Z</time>
      </trkpt>
      <trkpt lat="37.9634121" lon="-4.8318494">
        <ele>489</ele>
        <time>2026-08-18T18:15:03.682Z</time>
      </trkpt>
      <trkpt lat="37.9634026" lon="-4.8318631">
        <ele>488</ele>
        <time>2026-08-18T18:15:04.682Z</time>
      </trkpt>
      <trkpt lat="37.9633931" lon="-4.8318768">
        <ele>488</ele>
        <time>2026-08-18T18:15:05.682Z</time>
      </trkpt>
      <trkpt lat="37.9633833" lon="-4.8318881">
        <ele>488</ele>
        <time>2026-08-18T18:15:06.682Z</time>
      </trkpt>
      <trkpt lat="37.9633735" lon="-4.8318995">
        <ele>488</ele>
        <time>2026-08-18T18:15:07.682Z</time>
      </trkpt>
      <trkpt lat="37.9633623" lon="-4.8319082">
        <ele>488</ele>
        <time>2026-08-18T18:15:08.682Z</time>
      </trkpt>
      <trkpt lat="37.9633511" lon="-4.8319169">
        <ele>488</ele>
        <time>2026-08-18T18:15:09.682Z</time>
      </trkpt>
      <trkpt lat="37.9633388" lon="-4.8319214">
        <ele>488</ele>
        <time>2026-08-18T18:15:10.682Z</time>
      </trkpt>
      <trkpt lat="37.9633265" lon="-4.8319259">
        <ele>488</ele>
        <time>2026-08-18T18:15:11.682Z</time>
      </trkpt>
      <trkpt lat="37.9633157" lon="-4.831931">
        <ele>488</ele>
        <time>2026-08-18T18:15:12.682Z</time>
      </trkpt>
      <trkpt lat="37.9633049" lon="-4.8319361">
        <ele>488</ele>
        <time>2026-08-18T18:15:13.682Z</time>
      </trkpt>
      <trkpt lat="37.9632959" lon="-4.8319449">
        <ele>488</ele>
        <time>2026-08-18T18:15:14.682Z</time>
      </trkpt>
      <trkpt lat="37.9632869" lon="-4.8319538">
        <ele>488</ele>
        <time>2026-08-18T18:15:15.682Z</time>
      </trkpt>
      <trkpt lat="37.9632798" lon="-4.8319641">
        <ele>487</ele>
        <time>2026-08-18T18:15:16.682Z</time>
      </trkpt>
      <trkpt lat="37.9632727" lon="-4.8319745">
        <ele>487</ele>
        <time>2026-08-18T18:15:17.682Z</time>
      </trkpt>
      <trkpt lat="37.9632665" lon="-4.8319845">
        <ele>487</ele>
        <time>2026-08-18T18:15:18.682Z</time>
      </trkpt>
      <trkpt lat="37.9632604" lon="-4.8319945">
        <ele>487</ele>
        <time>2026-08-18T18:15:19.682Z</time>
      </trkpt>
      <trkpt lat="37.963252" lon="-4.8319998">
        <ele>487</ele>
        <time>2026-08-18T18:15:20.682Z</time>
      </trkpt>
      <trkpt lat="37.9632436" lon="-4.8320052">
        <ele>487</ele>
        <time>2026-08-18T18:15:21.682Z</time>
      </trkpt>
      <trkpt lat="37.9632311" lon="-4.8320055">
        <ele>487</ele>
        <time>2026-08-18T18:15:22.682Z</time>
      </trkpt>
      <trkpt lat="37.9632187" lon="-4.8320059">
        <ele>487</ele>
        <time>2026-08-18T18:15:23.682Z</time>
      </trkpt>
      <trkpt lat="37.9632058" lon="-4.8320033">
        <ele>486</ele>
        <time>2026-08-18T18:15:24.682Z</time>
      </trkpt>
      <trkpt lat="37.963193" lon="-4.8320008">
        <ele>486</ele>
        <time>2026-08-18T18:15:25.682Z</time>
      </trkpt>
      <trkpt lat="37.9631822" lon="-4.8319965">
        <ele>486</ele>
        <time>2026-08-18T18:15:26.682Z</time>
      </trkpt>
      <trkpt lat="37.9631714" lon="-4.8319922">
        <ele>486</ele>
        <time>2026-08-18T18:15:27.682Z</time>
      </trkpt>
      <trkpt lat="37.9631599" lon="-4.8319875">
        <ele>485</ele>
        <time>2026-08-18T18:15:28.682Z</time>
      </trkpt>
      <trkpt lat="37.9631485" lon="-4.8319829">
        <ele>485</ele>
        <time>2026-08-18T18:15:29.682Z</time>
      </trkpt>
      <trkpt lat="37.9631346" lon="-4.8319797">
        <ele>485</ele>
        <time>2026-08-18T18:15:30.682Z</time>
      </trkpt>
      <trkpt lat="37.9631208" lon="-4.8319765">
        <ele>485</ele>
        <time>2026-08-18T18:15:31.682Z</time>
      </trkpt>
      <trkpt lat="37.9630974" lon="-4.8319782">
        <ele>485</ele>
        <time>2026-08-18T18:15:38.682Z</time>
      </trkpt>
      <trkpt lat="37.9630923" lon="-4.8319801">
        <ele>485</ele>
        <time>2026-08-18T18:15:39.682Z</time>
      </trkpt>
      <trkpt lat="37.9630872" lon="-4.8319821">
        <ele>484</ele>
        <time>2026-08-18T18:15:40.682Z</time>
      </trkpt>
      <trkpt lat="37.963082" lon="-4.8319835">
        <ele>484</ele>
        <time>2026-08-18T18:15:41.682Z</time>
      </trkpt>
      <trkpt lat="37.9630768" lon="-4.8319849">
        <ele>484</ele>
        <time>2026-08-18T18:15:42.682Z</time>
      </trkpt>
      <trkpt lat="37.9630695" lon="-4.8319867">
        <ele>484</ele>
        <time>2026-08-18T18:15:43.682Z</time>
      </trkpt>
      <trkpt lat="37.9630622" lon="-4.8319886">
        <ele>484</ele>
        <time>2026-08-18T18:15:44.682Z</time>
      </trkpt>
      <trkpt lat="37.9630532" lon="-4.8319887">
        <ele>484</ele>
        <time>2026-08-18T18:15:45.682Z</time>
      </trkpt>
      <trkpt lat="37.9630442" lon="-4.8319889">
        <ele>484</ele>
        <time>2026-08-18T18:15:46.682Z</time>
      </trkpt>
      <trkpt lat="37.9630325" lon="-4.8319876">
        <ele>485</ele>
        <time>2026-08-18T18:15:47.682Z</time>
      </trkpt>
      <trkpt lat="37.9630208" lon="-4.8319863">
        <ele>485</ele>
        <time>2026-08-18T18:15:48.682Z</time>
      </trkpt>
      <trkpt lat="37.9630067" lon="-4.831987">
        <ele>485</ele>
        <time>2026-08-18T18:15:49.682Z</time>
      </trkpt>
      <trkpt lat="37.9629926" lon="-4.8319878">
        <ele>485</ele>
        <time>2026-08-18T18:15:50.682Z</time>
      </trkpt>
      <trkpt lat="37.9629786" lon="-4.8319921">
        <ele>485</ele>
        <time>2026-08-18T18:15:51.682Z</time>
      </trkpt>
      <trkpt lat="37.9629647" lon="-4.8319964">
        <ele>485</ele>
        <time>2026-08-18T18:15:52.682Z</time>
      </trkpt>
      <trkpt lat="37.9629532" lon="-4.8320053">
        <ele>485</ele>
        <time>2026-08-18T18:15:53.682Z</time>
      </trkpt>
      <trkpt lat="37.9629417" lon="-4.8320142">
        <ele>485</ele>
        <time>2026-08-18T18:15:54.682Z</time>
      </trkpt>
      <trkpt lat="37.962932" lon="-4.8320253">
        <ele>485</ele>
        <time>2026-08-18T18:15:55.682Z</time>
      </trkpt>
      <trkpt lat="37.9629223" lon="-4.8320364">
        <ele>485</ele>
        <time>2026-08-18T18:15:56.682Z</time>
      </trkpt>
      <trkpt lat="37.9629134" lon="-4.8320471">
        <ele>485</ele>
        <time>2026-08-18T18:15:57.682Z</time>
      </trkpt>
      <trkpt lat="37.9629045" lon="-4.8320578">
        <ele>485</ele>
        <time>2026-08-18T18:15:58.682Z</time>
      </trkpt>
      <trkpt lat="37.9628968" lon="-4.8320695">
        <ele>485</ele>
        <time>2026-08-18T18:15:59.682Z</time>
      </trkpt>
      <trkpt lat="37.9628891" lon="-4.8320812">
        <ele>485</ele>
        <time>2026-08-18T18:16:00.682Z</time>
      </trkpt>
      <trkpt lat="37.9628815" lon="-4.832094">
        <ele>485</ele>
        <time>2026-08-18T18:16:01.682Z</time>
      </trkpt>
      <trkpt lat="37.9628739" lon="-4.8321068">
        <ele>485</ele>
        <time>2026-08-18T18:16:02.682Z</time>
      </trkpt>
      <trkpt lat="37.9628661" lon="-4.8321196">
        <ele>485</ele>
        <time>2026-08-18T18:16:03.682Z</time>
      </trkpt>
      <trkpt lat="37.9628583" lon="-4.8321324">
        <ele>485</ele>
        <time>2026-08-18T18:16:04.682Z</time>
      </trkpt>
      <trkpt lat="37.9628495" lon="-4.8321451">
        <ele>485</ele>
        <time>2026-08-18T18:16:05.682Z</time>
      </trkpt>
      <trkpt lat="37.9628408" lon="-4.8321578">
        <ele>485</ele>
        <time>2026-08-18T18:16:06.682Z</time>
      </trkpt>
      <trkpt lat="37.9628304" lon="-4.8321705">
        <ele>485</ele>
        <time>2026-08-18T18:16:07.682Z</time>
      </trkpt>
      <trkpt lat="37.96282" lon="-4.8321832">
        <ele>485</ele>
        <time>2026-08-18T18:16:08.682Z</time>
      </trkpt>
      <trkpt lat="37.9628101" lon="-4.8321926">
        <ele>485</ele>
        <time>2026-08-18T18:16:09.682Z</time>
      </trkpt>
      <trkpt lat="37.9628002" lon="-4.8322021">
        <ele>485</ele>
        <time>2026-08-18T18:16:10.682Z</time>
      </trkpt>
      <trkpt lat="37.9627917" lon="-4.8322099">
        <ele>485</ele>
        <time>2026-08-18T18:16:11.682Z</time>
      </trkpt>
      <trkpt lat="37.9627832" lon="-4.8322178">
        <ele>485</ele>
        <time>2026-08-18T18:16:12.682Z</time>
      </trkpt>
      <trkpt lat="37.962776" lon="-4.8322269">
        <ele>485</ele>
        <time>2026-08-18T18:16:13.682Z</time>
      </trkpt>
      <trkpt lat="37.9627689" lon="-4.8322361">
        <ele>485</ele>
        <time>2026-08-18T18:16:14.682Z</time>
      </trkpt>
      <trkpt lat="37.9627614" lon="-4.8322466">
        <ele>485</ele>
        <time>2026-08-18T18:16:15.682Z</time>
      </trkpt>
      <trkpt lat="37.9627539" lon="-4.8322572">
        <ele>485</ele>
        <time>2026-08-18T18:16:16.682Z</time>
      </trkpt>
      <trkpt lat="37.9627457" lon="-4.8322678">
        <ele>485</ele>
        <time>2026-08-18T18:16:17.682Z</time>
      </trkpt>
      <trkpt lat="37.9627375" lon="-4.8322785">
        <ele>485</ele>
        <time>2026-08-18T18:16:18.682Z</time>
      </trkpt>
      <trkpt lat="37.9627277" lon="-4.8322876">
        <ele>485</ele>
        <time>2026-08-18T18:16:19.682Z</time>
      </trkpt>
      <trkpt lat="37.9627179" lon="-4.8322968">
        <ele>485</ele>
        <time>2026-08-18T18:16:20.682Z</time>
      </trkpt>
      <trkpt lat="37.9627067" lon="-4.8323044">
        <ele>485</ele>
        <time>2026-08-18T18:16:21.682Z</time>
      </trkpt>
      <trkpt lat="37.9626955" lon="-4.8323121">
        <ele>485</ele>
        <time>2026-08-18T18:16:22.682Z</time>
      </trkpt>
      <trkpt lat="37.9626835" lon="-4.8323165">
        <ele>485</ele>
        <time>2026-08-18T18:16:23.682Z</time>
      </trkpt>
      <trkpt lat="37.9626715" lon="-4.832321">
        <ele>485</ele>
        <time>2026-08-18T18:16:24.682Z</time>
      </trkpt>
      <trkpt lat="37.9626594" lon="-4.8323235">
        <ele>485</ele>
        <time>2026-08-18T18:16:25.682Z</time>
      </trkpt>
      <trkpt lat="37.9626474" lon="-4.8323261">
        <ele>485</ele>
        <time>2026-08-18T18:16:26.682Z</time>
      </trkpt>
      <trkpt lat="37.9626358" lon="-4.8323261">
        <ele>485</ele>
        <time>2026-08-18T18:16:27.682Z</time>
      </trkpt>
      <trkpt lat="37.9626242" lon="-4.8323262">
        <ele>485</ele>
        <time>2026-08-18T18:16:28.682Z</time>
      </trkpt>
      <trkpt lat="37.9626116" lon="-4.8323258">
        <ele>485</ele>
        <time>2026-08-18T18:16:29.682Z</time>
      </trkpt>
      <trkpt lat="37.9625991" lon="-4.8323254">
        <ele>485</ele>
        <time>2026-08-18T18:16:30.682Z</time>
      </trkpt>
      <trkpt lat="37.9625859" lon="-4.8323268">
        <ele>485</ele>
        <time>2026-08-18T18:16:31.682Z</time>
      </trkpt>
      <trkpt lat="37.9625727" lon="-4.8323283">
        <ele>485</ele>
        <time>2026-08-18T18:16:32.682Z</time>
      </trkpt>
      <trkpt lat="37.9625593" lon="-4.8323316">
        <ele>485</ele>
        <time>2026-08-18T18:16:33.682Z</time>
      </trkpt>
      <trkpt lat="37.9625459" lon="-4.8323349">
        <ele>485</ele>
        <time>2026-08-18T18:16:34.682Z</time>
      </trkpt>
      <trkpt lat="37.9625352" lon="-4.8323386">
        <ele>485</ele>
        <time>2026-08-18T18:16:35.682Z</time>
      </trkpt>
      <trkpt lat="37.9625245" lon="-4.8323424">
        <ele>485</ele>
        <time>2026-08-18T18:16:36.682Z</time>
      </trkpt>
      <trkpt lat="37.9625153" lon="-4.8323483">
        <ele>485</ele>
        <time>2026-08-18T18:16:37.682Z</time>
      </trkpt>
      <trkpt lat="37.9625061" lon="-4.8323543">
        <ele>485</ele>
        <time>2026-08-18T18:16:38.682Z</time>
      </trkpt>
      <trkpt lat="37.9624972" lon="-4.832364">
        <ele>485</ele>
        <time>2026-08-18T18:16:39.682Z</time>
      </trkpt>
      <trkpt lat="37.9624884" lon="-4.8323738">
        <ele>485</ele>
        <time>2026-08-18T18:16:40.682Z</time>
      </trkpt>
      <trkpt lat="37.9624799" lon="-4.832387">
        <ele>485</ele>
        <time>2026-08-18T18:16:41.682Z</time>
      </trkpt>
      <trkpt lat="37.9624715" lon="-4.8324002">
        <ele>485</ele>
        <time>2026-08-18T18:16:42.682Z</time>
      </trkpt>
      <trkpt lat="37.9624638" lon="-4.8324123">
        <ele>485</ele>
        <time>2026-08-18T18:16:43.682Z</time>
      </trkpt>
      <trkpt lat="37.9624561" lon="-4.8324245">
        <ele>485</ele>
        <time>2026-08-18T18:16:44.682Z</time>
      </trkpt>
      <trkpt lat="37.9624483" lon="-4.832433">
        <ele>485</ele>
        <time>2026-08-18T18:16:45.682Z</time>
      </trkpt>
      <trkpt lat="37.9624405" lon="-4.8324416">
        <ele>485</ele>
        <time>2026-08-18T18:16:46.682Z</time>
      </trkpt>
      <trkpt lat="37.9624321" lon="-4.8324469">
        <ele>485</ele>
        <time>2026-08-18T18:16:47.682Z</time>
      </trkpt>
      <trkpt lat="37.9624238" lon="-4.8324522">
        <ele>485</ele>
        <time>2026-08-18T18:16:48.682Z</time>
      </trkpt>
      <trkpt lat="37.9624151" lon="-4.8324546">
        <ele>485</ele>
        <time>2026-08-18T18:16:49.682Z</time>
      </trkpt>
      <trkpt lat="37.9624065" lon="-4.832457">
        <ele>485</ele>
        <time>2026-08-18T18:16:50.682Z</time>
      </trkpt>
      <trkpt lat="37.9623987" lon="-4.832455">
        <ele>485</ele>
        <time>2026-08-18T18:16:51.682Z</time>
      </trkpt>
      <trkpt lat="37.9623909" lon="-4.832453">
        <ele>485</ele>
        <time>2026-08-18T18:16:52.682Z</time>
      </trkpt>
      <trkpt lat="37.9623837" lon="-4.8324483">
        <ele>485</ele>
        <time>2026-08-18T18:16:53.682Z</time>
      </trkpt>
      <trkpt lat="37.9623765" lon="-4.8324436">
        <ele>485</ele>
        <time>2026-08-18T18:16:54.682Z</time>
      </trkpt>
      <trkpt lat="37.962368" lon="-4.8324389">
        <ele>485</ele>
        <time>2026-08-18T18:16:55.682Z</time>
      </trkpt>
      <trkpt lat="37.9623596" lon="-4.8324342">
        <ele>484</ele>
        <time>2026-08-18T18:16:56.682Z</time>
      </trkpt>
      <trkpt lat="37.9623507" lon="-4.8324296">
        <ele>484</ele>
        <time>2026-08-18T18:16:57.682Z</time>
      </trkpt>
      <trkpt lat="37.9623418" lon="-4.8324251">
        <ele>484</ele>
        <time>2026-08-18T18:16:58.682Z</time>
      </trkpt>
      <trkpt lat="37.9623334" lon="-4.8324204">
        <ele>484</ele>
        <time>2026-08-18T18:16:59.682Z</time>
      </trkpt>
      <trkpt lat="37.962325" lon="-4.8324158">
        <ele>484</ele>
        <time>2026-08-18T18:17:00.682Z</time>
      </trkpt>
      <trkpt lat="37.9623171" lon="-4.832409">
        <ele>484</ele>
        <time>2026-08-18T18:17:01.682Z</time>
      </trkpt>
      <trkpt lat="37.9623093" lon="-4.8324023">
        <ele>484</ele>
        <time>2026-08-18T18:17:02.682Z</time>
      </trkpt>
      <trkpt lat="37.9623078" lon="-4.8324006">
        <ele>484</ele>
        <time>2026-08-18T18:17:03.682Z</time>
      </trkpt>
      <trkpt lat="37.9623063" lon="-4.8323989">
        <ele>484</ele>
        <time>2026-08-18T18:17:04.682Z</time>
      </trkpt>
      <trkpt lat="37.9623049" lon="-4.8323972">
        <ele>484</ele>
        <time>2026-08-18T18:17:05.682Z</time>
      </trkpt>
      <trkpt lat="37.9623034" lon="-4.8323955">
        <ele>484</ele>
        <time>2026-08-18T18:17:06.682Z</time>
      </trkpt>
      <trkpt lat="37.962302" lon="-4.8323939">
        <ele>485</ele>
        <time>2026-08-18T18:17:07.682Z</time>
      </trkpt>
      <trkpt lat="37.9622968" lon="-4.8323871">
        <ele>485</ele>
        <time>2026-08-18T18:17:08.682Z</time>
      </trkpt>
      <trkpt lat="37.9622917" lon="-4.8323804">
        <ele>485</ele>
        <time>2026-08-18T18:17:09.682Z</time>
      </trkpt>
      <trkpt lat="37.9622869" lon="-4.8323726">
        <ele>485</ele>
        <time>2026-08-18T18:17:10.682Z</time>
      </trkpt>
      <trkpt lat="37.9622822" lon="-4.8323649">
        <ele>485</ele>
        <time>2026-08-18T18:17:11.682Z</time>
      </trkpt>
      <trkpt lat="37.9622767" lon="-4.8323567">
        <ele>485</ele>
        <time>2026-08-18T18:17:12.682Z</time>
      </trkpt>
      <trkpt lat="37.9622713" lon="-4.8323485">
        <ele>485</ele>
        <time>2026-08-18T18:17:13.682Z</time>
      </trkpt>
      <trkpt lat="37.9622642" lon="-4.8323427">
        <ele>485</ele>
        <time>2026-08-18T18:17:14.682Z</time>
      </trkpt>
      <trkpt lat="37.9622572" lon="-4.832337">
        <ele>485</ele>
        <time>2026-08-18T18:17:15.682Z</time>
      </trkpt>
      <trkpt lat="37.9622475" lon="-4.8323333">
        <ele>484</ele>
        <time>2026-08-18T18:17:16.682Z</time>
      </trkpt>
      <trkpt lat="37.9622378" lon="-4.8323296">
        <ele>484</ele>
        <time>2026-08-18T18:17:17.682Z</time>
      </trkpt>
      <trkpt lat="37.9622267" lon="-4.832327">
        <ele>484</ele>
        <time>2026-08-18T18:17:18.682Z</time>
      </trkpt>
      <trkpt lat="37.9622156" lon="-4.8323244">
        <ele>484</ele>
        <time>2026-08-18T18:17:19.682Z</time>
      </trkpt>
      <trkpt lat="37.9622049" lon="-4.8323241">
        <ele>484</ele>
        <time>2026-08-18T18:17:20.682Z</time>
      </trkpt>
      <trkpt lat="37.9621943" lon="-4.8323239">
        <ele>484</ele>
        <time>2026-08-18T18:17:21.682Z</time>
      </trkpt>
      <trkpt lat="37.9621849" lon="-4.8323244">
        <ele>484</ele>
        <time>2026-08-18T18:17:22.682Z</time>
      </trkpt>
      <trkpt lat="37.9621755" lon="-4.832325">
        <ele>484</ele>
        <time>2026-08-18T18:17:23.682Z</time>
      </trkpt>
      <trkpt lat="37.9621664" lon="-4.8323255">
        <ele>484</ele>
        <time>2026-08-18T18:17:24.682Z</time>
      </trkpt>
      <trkpt lat="37.9621573" lon="-4.832326">
        <ele>484</ele>
        <time>2026-08-18T18:17:25.682Z</time>
      </trkpt>
      <trkpt lat="37.962148" lon="-4.8323248">
        <ele>484</ele>
        <time>2026-08-18T18:17:26.682Z</time>
      </trkpt>
      <trkpt lat="37.9621387" lon="-4.8323237">
        <ele>485</ele>
        <time>2026-08-18T18:17:27.682Z</time>
      </trkpt>
      <trkpt lat="37.962129" lon="-4.8323206">
        <ele>485</ele>
        <time>2026-08-18T18:17:28.682Z</time>
      </trkpt>
      <trkpt lat="37.9621194" lon="-4.8323175">
        <ele>485</ele>
        <time>2026-08-18T18:17:29.682Z</time>
      </trkpt>
      <trkpt lat="37.9621105" lon="-4.8323147">
        <ele>485</ele>
        <time>2026-08-18T18:17:30.682Z</time>
      </trkpt>
      <trkpt lat="37.9621017" lon="-4.832312">
        <ele>485</ele>
        <time>2026-08-18T18:17:31.682Z</time>
      </trkpt>
      <trkpt lat="37.9620943" lon="-4.8323087">
        <ele>485</ele>
        <time>2026-08-18T18:17:32.682Z</time>
      </trkpt>
      <trkpt lat="37.9620869" lon="-4.8323054">
        <ele>485</ele>
        <time>2026-08-18T18:17:33.682Z</time>
      </trkpt>
      <trkpt lat="37.962079" lon="-4.8322898">
        <ele>485</ele>
        <time>2026-08-18T18:17:45.682Z</time>
      </trkpt>
      <trkpt lat="37.9620769" lon="-4.8322814">
        <ele>485</ele>
        <time>2026-08-18T18:17:46.682Z</time>
      </trkpt>
      <trkpt lat="37.9620749" lon="-4.832273">
        <ele>485</ele>
        <time>2026-08-18T18:17:47.682Z</time>
      </trkpt>
      <trkpt lat="37.9620728" lon="-4.8322646">
        <ele>485</ele>
        <time>2026-08-18T18:17:48.682Z</time>
      </trkpt>
      <trkpt lat="37.9620707" lon="-4.8322562">
        <ele>485</ele>
        <time>2026-08-18T18:17:49.682Z</time>
      </trkpt>
      <trkpt lat="37.9620695" lon="-4.8322466">
        <ele>485</ele>
        <time>2026-08-18T18:17:50.682Z</time>
      </trkpt>
      <trkpt lat="37.9620683" lon="-4.8322371">
        <ele>486</ele>
        <time>2026-08-18T18:17:51.682Z</time>
      </trkpt>
      <trkpt lat="37.9620669" lon="-4.8322279">
        <ele>486</ele>
        <time>2026-08-18T18:17:52.682Z</time>
      </trkpt>
      <trkpt lat="37.9620655" lon="-4.8322188">
        <ele>486</ele>
        <time>2026-08-18T18:17:53.682Z</time>
      </trkpt>
      <trkpt lat="37.962063" lon="-4.8322092">
        <ele>486</ele>
        <time>2026-08-18T18:17:54.682Z</time>
      </trkpt>
      <trkpt lat="37.9620606" lon="-4.8321996">
        <ele>486</ele>
        <time>2026-08-18T18:17:55.682Z</time>
      </trkpt>
      <trkpt lat="37.962056" lon="-4.832191">
        <ele>486</ele>
        <time>2026-08-18T18:17:56.682Z</time>
      </trkpt>
      <trkpt lat="37.9620515" lon="-4.8321825">
        <ele>486</ele>
        <time>2026-08-18T18:17:57.682Z</time>
      </trkpt>
      <trkpt lat="37.9620455" lon="-4.8321756">
        <ele>486</ele>
        <time>2026-08-18T18:17:58.682Z</time>
      </trkpt>
      <trkpt lat="37.9620396" lon="-4.8321687">
        <ele>486</ele>
        <time>2026-08-18T18:17:59.682Z</time>
      </trkpt>
      <trkpt lat="37.9620274" lon="-4.8321588">
        <ele>487</ele>
        <time>2026-08-18T18:18:06.682Z</time>
      </trkpt>
      <trkpt lat="37.962023" lon="-4.8321563">
        <ele>487</ele>
        <time>2026-08-18T18:18:07.682Z</time>
      </trkpt>
      <trkpt lat="37.9620187" lon="-4.8321538">
        <ele>486</ele>
        <time>2026-08-18T18:18:08.682Z</time>
      </trkpt>
      <trkpt lat="37.9620139" lon="-4.8321505">
        <ele>486</ele>
        <time>2026-08-18T18:18:09.682Z</time>
      </trkpt>
      <trkpt lat="37.9620091" lon="-4.8321472">
        <ele>486</ele>
        <time>2026-08-18T18:18:10.682Z</time>
      </trkpt>
      <trkpt lat="37.9620036" lon="-4.8321436">
        <ele>486</ele>
        <time>2026-08-18T18:18:11.682Z</time>
      </trkpt>
      <trkpt lat="37.9619982" lon="-4.8321401">
        <ele>486</ele>
        <time>2026-08-18T18:18:12.682Z</time>
      </trkpt>
      <trkpt lat="37.961992" lon="-4.8321373">
        <ele>486</ele>
        <time>2026-08-18T18:18:13.682Z</time>
      </trkpt>
      <trkpt lat="37.9619858" lon="-4.8321346">
        <ele>486</ele>
        <time>2026-08-18T18:18:14.682Z</time>
      </trkpt>
      <trkpt lat="37.9619791" lon="-4.8321322">
        <ele>487</ele>
        <time>2026-08-18T18:18:15.682Z</time>
      </trkpt>
      <trkpt lat="37.9619724" lon="-4.8321299">
        <ele>487</ele>
        <time>2026-08-18T18:18:16.682Z</time>
      </trkpt>
      <trkpt lat="37.9619655" lon="-4.8321267">
        <ele>487</ele>
        <time>2026-08-18T18:18:17.682Z</time>
      </trkpt>
      <trkpt lat="37.9619586" lon="-4.8321235">
        <ele>487</ele>
        <time>2026-08-18T18:18:18.682Z</time>
      </trkpt>
      <trkpt lat="37.9619509" lon="-4.8321194">
        <ele>487</ele>
        <time>2026-08-18T18:18:19.682Z</time>
      </trkpt>
      <trkpt lat="37.9619433" lon="-4.8321153">
        <ele>487</ele>
        <time>2026-08-18T18:18:20.682Z</time>
      </trkpt>
      <trkpt lat="37.9619362" lon="-4.8321096">
        <ele>487</ele>
        <time>2026-08-18T18:18:21.682Z</time>
      </trkpt>
      <trkpt lat="37.9619292" lon="-4.832104">
        <ele>487</ele>
        <time>2026-08-18T18:18:22.682Z</time>
      </trkpt>
      <trkpt lat="37.9619235" lon="-4.8320968">
        <ele>487</ele>
        <time>2026-08-18T18:18:23.682Z</time>
      </trkpt>
      <trkpt lat="37.9619178" lon="-4.8320896">
        <ele>487</ele>
        <time>2026-08-18T18:18:24.682Z</time>
      </trkpt>
      <trkpt lat="37.961914" lon="-4.8320794">
        <ele>487</ele>
        <time>2026-08-18T18:18:25.682Z</time>
      </trkpt>
      <trkpt lat="37.9619103" lon="-4.8320693">
        <ele>487</ele>
        <time>2026-08-18T18:18:26.682Z</time>
      </trkpt>
      <trkpt lat="37.9619075" lon="-4.8320573">
        <ele>487</ele>
        <time>2026-08-18T18:18:27.682Z</time>
      </trkpt>
      <trkpt lat="37.9619048" lon="-4.8320454">
        <ele>487</ele>
        <time>2026-08-18T18:18:28.682Z</time>
      </trkpt>
      <trkpt lat="37.961902" lon="-4.8320348">
        <ele>487</ele>
        <time>2026-08-18T18:18:29.682Z</time>
      </trkpt>
      <trkpt lat="37.9618993" lon="-4.8320242">
        <ele>487</ele>
        <time>2026-08-18T18:18:30.682Z</time>
      </trkpt>
      <trkpt lat="37.9618955" lon="-4.8320144">
        <ele>488</ele>
        <time>2026-08-18T18:18:31.682Z</time>
      </trkpt>
      <trkpt lat="37.9618918" lon="-4.8320046">
        <ele>488</ele>
        <time>2026-08-18T18:18:32.682Z</time>
      </trkpt>
      <trkpt lat="37.961887" lon="-4.8319956">
        <ele>488</ele>
        <time>2026-08-18T18:18:33.682Z</time>
      </trkpt>
      <trkpt lat="37.9618823" lon="-4.8319866">
        <ele>488</ele>
        <time>2026-08-18T18:18:34.682Z</time>
      </trkpt>
      <trkpt lat="37.9618785" lon="-4.8319792">
        <ele>488</ele>
        <time>2026-08-18T18:18:35.682Z</time>
      </trkpt>
      <trkpt lat="37.9618748" lon="-4.8319718">
        <ele>488</ele>
        <time>2026-08-18T18:18:36.682Z</time>
      </trkpt>
      <trkpt lat="37.9618713" lon="-4.8319632">
        <ele>488</ele>
        <time>2026-08-18T18:18:37.682Z</time>
      </trkpt>
      <trkpt lat="37.9618679" lon="-4.8319547">
        <ele>488</ele>
        <time>2026-08-18T18:18:38.682Z</time>
      </trkpt>
      <trkpt lat="37.961863" lon="-4.8319454">
        <ele>489</ele>
        <time>2026-08-18T18:18:39.682Z</time>
      </trkpt>
      <trkpt lat="37.9618582" lon="-4.8319361">
        <ele>489</ele>
        <time>2026-08-18T18:18:40.682Z</time>
      </trkpt>
      <trkpt lat="37.9618513" lon="-4.8319266">
        <ele>489</ele>
        <time>2026-08-18T18:18:41.682Z</time>
      </trkpt>
      <trkpt lat="37.9618444" lon="-4.8319172">
        <ele>489</ele>
        <time>2026-08-18T18:18:42.682Z</time>
      </trkpt>
      <trkpt lat="37.9618364" lon="-4.8319097">
        <ele>489</ele>
        <time>2026-08-18T18:18:43.682Z</time>
      </trkpt>
      <trkpt lat="37.9618284" lon="-4.8319023">
        <ele>489</ele>
        <time>2026-08-18T18:18:44.682Z</time>
      </trkpt>
      <trkpt lat="37.9618199" lon="-4.8318984">
        <ele>489</ele>
        <time>2026-08-18T18:18:45.682Z</time>
      </trkpt>
      <trkpt lat="37.9618114" lon="-4.8318946">
        <ele>489</ele>
        <time>2026-08-18T18:18:46.682Z</time>
      </trkpt>
      <trkpt lat="37.9618032" lon="-4.8318916">
        <ele>490</ele>
        <time>2026-08-18T18:18:47.682Z</time>
      </trkpt>
      <trkpt lat="37.961795" lon="-4.8318886">
        <ele>490</ele>
        <time>2026-08-18T18:18:48.682Z</time>
      </trkpt>
      <trkpt lat="37.961788" lon="-4.8318826">
        <ele>490</ele>
        <time>2026-08-18T18:18:49.682Z</time>
      </trkpt>
      <trkpt lat="37.961781" lon="-4.8318766">
        <ele>490</ele>
        <time>2026-08-18T18:18:50.682Z</time>
      </trkpt>
      <trkpt lat="37.9617755" lon="-4.8318673">
        <ele>491</ele>
        <time>2026-08-18T18:18:51.682Z</time>
      </trkpt>
      <trkpt lat="37.96177" lon="-4.831858">
        <ele>491</ele>
        <time>2026-08-18T18:18:52.682Z</time>
      </trkpt>
      <trkpt lat="37.9617644" lon="-4.831849">
        <ele>491</ele>
        <time>2026-08-18T18:18:53.682Z</time>
      </trkpt>
      <trkpt lat="37.9617588" lon="-4.83184">
        <ele>491</ele>
        <time>2026-08-18T18:18:54.682Z</time>
      </trkpt>
      <trkpt lat="37.9617512" lon="-4.8318345">
        <ele>491</ele>
        <time>2026-08-18T18:18:55.682Z</time>
      </trkpt>
      <trkpt lat="37.9617436" lon="-4.8318291">
        <ele>491</ele>
        <time>2026-08-18T18:18:56.682Z</time>
      </trkpt>
      <trkpt lat="37.9617354" lon="-4.8318281">
        <ele>491</ele>
        <time>2026-08-18T18:18:57.682Z</time>
      </trkpt>
      <trkpt lat="37.9617272" lon="-4.8318272">
        <ele>491</ele>
        <time>2026-08-18T18:18:58.682Z</time>
      </trkpt>
      <trkpt lat="37.9617188" lon="-4.8318294">
        <ele>491</ele>
        <time>2026-08-18T18:18:59.682Z</time>
      </trkpt>
      <trkpt lat="37.9617105" lon="-4.8318316">
        <ele>491</ele>
        <time>2026-08-18T18:19:00.682Z</time>
      </trkpt>
      <trkpt lat="37.9617017" lon="-4.8318331">
        <ele>491</ele>
        <time>2026-08-18T18:19:01.682Z</time>
      </trkpt>
      <trkpt lat="37.9616929" lon="-4.8318347">
        <ele>491</ele>
        <time>2026-08-18T18:19:02.682Z</time>
      </trkpt>
      <trkpt lat="37.9616834" lon="-4.8318356">
        <ele>491</ele>
        <time>2026-08-18T18:19:03.682Z</time>
      </trkpt>
      <trkpt lat="37.9616739" lon="-4.8318365">
        <ele>491</ele>
        <time>2026-08-18T18:19:04.682Z</time>
      </trkpt>
      <trkpt lat="37.9616649" lon="-4.8318384">
        <ele>491</ele>
        <time>2026-08-18T18:19:05.682Z</time>
      </trkpt>
      <trkpt lat="37.961656" lon="-4.8318403">
        <ele>491</ele>
        <time>2026-08-18T18:19:06.682Z</time>
      </trkpt>
      <trkpt lat="37.9616484" lon="-4.8318429">
        <ele>492</ele>
        <time>2026-08-18T18:19:07.682Z</time>
      </trkpt>
      <trkpt lat="37.9616409" lon="-4.8318456">
        <ele>492</ele>
        <time>2026-08-18T18:19:08.682Z</time>
      </trkpt>
      <trkpt lat="37.9616333" lon="-4.8318473">
        <ele>492</ele>
        <time>2026-08-18T18:19:09.682Z</time>
      </trkpt>
      <trkpt lat="37.9616258" lon="-4.831849">
        <ele>492</ele>
        <time>2026-08-18T18:19:10.682Z</time>
      </trkpt>
      <trkpt lat="37.961617" lon="-4.8318499">
        <ele>493</ele>
        <time>2026-08-18T18:19:11.682Z</time>
      </trkpt>
      <trkpt lat="37.9616083" lon="-4.8318509">
        <ele>493</ele>
        <time>2026-08-18T18:19:12.682Z</time>
      </trkpt>
      <trkpt lat="37.9615992" lon="-4.8318525">
        <ele>493</ele>
        <time>2026-08-18T18:19:13.682Z</time>
      </trkpt>
      <trkpt lat="37.9615902" lon="-4.8318541">
        <ele>493</ele>
        <time>2026-08-18T18:19:14.682Z</time>
      </trkpt>
      <trkpt lat="37.9615802" lon="-4.8318571">
        <ele>493</ele>
        <time>2026-08-18T18:19:15.682Z</time>
      </trkpt>
      <trkpt lat="37.9615703" lon="-4.8318602">
        <ele>493</ele>
        <time>2026-08-18T18:19:16.682Z</time>
      </trkpt>
      <trkpt lat="37.9615587" lon="-4.831863">
        <ele>493</ele>
        <time>2026-08-18T18:19:17.682Z</time>
      </trkpt>
      <trkpt lat="37.9615472" lon="-4.8318658">
        <ele>493</ele>
        <time>2026-08-18T18:19:18.682Z</time>
      </trkpt>
      <trkpt lat="37.9615345" lon="-4.8318668">
        <ele>493</ele>
        <time>2026-08-18T18:19:19.682Z</time>
      </trkpt>
      <trkpt lat="37.9615219" lon="-4.8318678">
        <ele>493</ele>
        <time>2026-08-18T18:19:20.682Z</time>
      </trkpt>
      <trkpt lat="37.961508" lon="-4.8318665">
        <ele>493</ele>
        <time>2026-08-18T18:19:21.682Z</time>
      </trkpt>
      <trkpt lat="37.9614941" lon="-4.8318652">
        <ele>493</ele>
        <time>2026-08-18T18:19:22.682Z</time>
      </trkpt>
      <trkpt lat="37.9614798" lon="-4.831862">
        <ele>493</ele>
        <time>2026-08-18T18:19:23.682Z</time>
      </trkpt>
      <trkpt lat="37.9614655" lon="-4.8318589">
        <ele>493</ele>
        <time>2026-08-18T18:19:24.682Z</time>
      </trkpt>
      <trkpt lat="37.9614514" lon="-4.8318557">
        <ele>493</ele>
        <time>2026-08-18T18:19:25.682Z</time>
      </trkpt>
      <trkpt lat="37.9614374" lon="-4.8318526">
        <ele>493</ele>
        <time>2026-08-18T18:19:26.682Z</time>
      </trkpt>
      <trkpt lat="37.9614243" lon="-4.8318496">
        <ele>493</ele>
        <time>2026-08-18T18:19:27.682Z</time>
      </trkpt>
      <trkpt lat="37.9614112" lon="-4.8318467">
        <ele>493</ele>
        <time>2026-08-18T18:19:28.682Z</time>
      </trkpt>
      <trkpt lat="37.9614" lon="-4.8318455">
        <ele>493</ele>
        <time>2026-08-18T18:19:29.682Z</time>
      </trkpt>
      <trkpt lat="37.9613889" lon="-4.8318444">
        <ele>493</ele>
        <time>2026-08-18T18:19:30.682Z</time>
      </trkpt>
      <trkpt lat="37.9613784" lon="-4.8318455">
        <ele>494</ele>
        <time>2026-08-18T18:19:31.682Z</time>
      </trkpt>
      <trkpt lat="37.9613679" lon="-4.8318466">
        <ele>494</ele>
        <time>2026-08-18T18:19:32.682Z</time>
      </trkpt>
      <trkpt lat="37.9613571" lon="-4.8318489">
        <ele>494</ele>
        <time>2026-08-18T18:19:33.682Z</time>
      </trkpt>
      <trkpt lat="37.9613463" lon="-4.8318512">
        <ele>494</ele>
        <time>2026-08-18T18:19:34.682Z</time>
      </trkpt>
      <trkpt lat="37.961335" lon="-4.8318547">
        <ele>494</ele>
        <time>2026-08-18T18:19:35.682Z</time>
      </trkpt>
      <trkpt lat="37.9613238" lon="-4.8318582">
        <ele>494</ele>
        <time>2026-08-18T18:19:36.682Z</time>
      </trkpt>
      <trkpt lat="37.961312" lon="-4.8318608">
        <ele>494</ele>
        <time>2026-08-18T18:19:37.682Z</time>
      </trkpt>
      <trkpt lat="37.9613003" lon="-4.8318635">
        <ele>494</ele>
        <time>2026-08-18T18:19:38.682Z</time>
      </trkpt>
      <trkpt lat="37.9612891" lon="-4.8318654">
        <ele>494</ele>
        <time>2026-08-18T18:19:39.682Z</time>
      </trkpt>
      <trkpt lat="37.9612779" lon="-4.8318674">
        <ele>494</ele>
        <time>2026-08-18T18:19:40.682Z</time>
      </trkpt>
      <trkpt lat="37.9612671" lon="-4.83187">
        <ele>494</ele>
        <time>2026-08-18T18:19:41.682Z</time>
      </trkpt>
      <trkpt lat="37.9612563" lon="-4.8318726">
        <ele>494</ele>
        <time>2026-08-18T18:19:42.682Z</time>
      </trkpt>
      <trkpt lat="37.9612454" lon="-4.8318759">
        <ele>494</ele>
        <time>2026-08-18T18:19:43.682Z</time>
      </trkpt>
      <trkpt lat="37.9612345" lon="-4.8318792">
        <ele>494</ele>
        <time>2026-08-18T18:19:44.682Z</time>
      </trkpt>
      <trkpt lat="37.9612227" lon="-4.8318821">
        <ele>494</ele>
        <time>2026-08-18T18:19:45.682Z</time>
      </trkpt>
      <trkpt lat="37.961211" lon="-4.8318851">
        <ele>494</ele>
        <time>2026-08-18T18:19:46.682Z</time>
      </trkpt>
      <trkpt lat="37.9611988" lon="-4.8318866">
        <ele>494</ele>
        <time>2026-08-18T18:19:47.682Z</time>
      </trkpt>
      <trkpt lat="37.9611867" lon="-4.8318881">
        <ele>494</ele>
        <time>2026-08-18T18:19:48.682Z</time>
      </trkpt>
      <trkpt lat="37.9611754" lon="-4.8318889">
        <ele>494</ele>
        <time>2026-08-18T18:19:49.682Z</time>
      </trkpt>
      <trkpt lat="37.9611641" lon="-4.8318897">
        <ele>494</ele>
        <time>2026-08-18T18:19:50.682Z</time>
      </trkpt>
      <trkpt lat="37.961154" lon="-4.8318913">
        <ele>494</ele>
        <time>2026-08-18T18:19:51.682Z</time>
      </trkpt>
      <trkpt lat="37.9611439" lon="-4.8318929">
        <ele>494</ele>
        <time>2026-08-18T18:19:52.682Z</time>
      </trkpt>
      <trkpt lat="37.9611335" lon="-4.8318949">
        <ele>494</ele>
        <time>2026-08-18T18:19:53.682Z</time>
      </trkpt>
      <trkpt lat="37.9611231" lon="-4.8318969">
        <ele>494</ele>
        <time>2026-08-18T18:19:54.682Z</time>
      </trkpt>
      <trkpt lat="37.9611114" lon="-4.8318984">
        <ele>494</ele>
        <time>2026-08-18T18:19:55.682Z</time>
      </trkpt>
      <trkpt lat="37.9610998" lon="-4.8319">
        <ele>493</ele>
        <time>2026-08-18T18:19:56.682Z</time>
      </trkpt>
      <trkpt lat="37.9610861" lon="-4.8319013">
        <ele>493</ele>
        <time>2026-08-18T18:19:57.682Z</time>
      </trkpt>
      <trkpt lat="37.9610724" lon="-4.8319027">
        <ele>493</ele>
        <time>2026-08-18T18:19:58.682Z</time>
      </trkpt>
      <trkpt lat="37.961058" lon="-4.8319049">
        <ele>493</ele>
        <time>2026-08-18T18:19:59.682Z</time>
      </trkpt>
      <trkpt lat="37.9610436" lon="-4.8319072">
        <ele>493</ele>
        <time>2026-08-18T18:20:00.682Z</time>
      </trkpt>
      <trkpt lat="37.9610293" lon="-4.8319095">
        <ele>493</ele>
        <time>2026-08-18T18:20:01.682Z</time>
      </trkpt>
      <trkpt lat="37.9610151" lon="-4.8319119">
        <ele>493</ele>
        <time>2026-08-18T18:20:02.682Z</time>
      </trkpt>
      <trkpt lat="37.9610013" lon="-4.8319144">
        <ele>493</ele>
        <time>2026-08-18T18:20:03.682Z</time>
      </trkpt>
      <trkpt lat="37.9609876" lon="-4.8319169">
        <ele>493</ele>
        <time>2026-08-18T18:20:04.682Z</time>
      </trkpt>
      <trkpt lat="37.9609753" lon="-4.8319205">
        <ele>493</ele>
        <time>2026-08-18T18:20:05.682Z</time>
      </trkpt>
      <trkpt lat="37.9609631" lon="-4.8319241">
        <ele>493</ele>
        <time>2026-08-18T18:20:06.682Z</time>
      </trkpt>
      <trkpt lat="37.9609509" lon="-4.8319273">
        <ele>493</ele>
        <time>2026-08-18T18:20:07.682Z</time>
      </trkpt>
      <trkpt lat="37.9609388" lon="-4.8319306">
        <ele>493</ele>
        <time>2026-08-18T18:20:08.682Z</time>
      </trkpt>
      <trkpt lat="37.960927" lon="-4.831932">
        <ele>493</ele>
        <time>2026-08-18T18:20:09.682Z</time>
      </trkpt>
      <trkpt lat="37.9609152" lon="-4.8319335">
        <ele>493</ele>
        <time>2026-08-18T18:20:10.682Z</time>
      </trkpt>
      <trkpt lat="37.9609035" lon="-4.8319319">
        <ele>493</ele>
        <time>2026-08-18T18:20:11.682Z</time>
      </trkpt>
      <trkpt lat="37.9608918" lon="-4.8319303">
        <ele>493</ele>
        <time>2026-08-18T18:20:12.682Z</time>
      </trkpt>
      <trkpt lat="37.9608789" lon="-4.8319268">
        <ele>493</ele>
        <time>2026-08-18T18:20:13.682Z</time>
      </trkpt>
      <trkpt lat="37.9608661" lon="-4.8319233">
        <ele>493</ele>
        <time>2026-08-18T18:20:14.682Z</time>
      </trkpt>
      <trkpt lat="37.9608529" lon="-4.8319222">
        <ele>493</ele>
        <time>2026-08-18T18:20:15.682Z</time>
      </trkpt>
      <trkpt lat="37.9608398" lon="-4.8319211">
        <ele>493</ele>
        <time>2026-08-18T18:20:16.682Z</time>
      </trkpt>
      <trkpt lat="37.9608284" lon="-4.8319226">
        <ele>493</ele>
        <time>2026-08-18T18:20:17.682Z</time>
      </trkpt>
      <trkpt lat="37.9608171" lon="-4.8319242">
        <ele>493</ele>
        <time>2026-08-18T18:20:18.682Z</time>
      </trkpt>
      <trkpt lat="37.9608053" lon="-4.831926">
        <ele>493</ele>
        <time>2026-08-18T18:20:19.682Z</time>
      </trkpt>
      <trkpt lat="37.9607935" lon="-4.8319279">
        <ele>493</ele>
        <time>2026-08-18T18:20:20.682Z</time>
      </trkpt>
      <trkpt lat="37.96078" lon="-4.8319293">
        <ele>493</ele>
        <time>2026-08-18T18:20:21.682Z</time>
      </trkpt>
      <trkpt lat="37.9607665" lon="-4.8319308">
        <ele>493</ele>
        <time>2026-08-18T18:20:22.682Z</time>
      </trkpt>
      <trkpt lat="37.9607525" lon="-4.8319307">
        <ele>493</ele>
        <time>2026-08-18T18:20:23.682Z</time>
      </trkpt>
      <trkpt lat="37.9607385" lon="-4.8319306">
        <ele>493</ele>
        <time>2026-08-18T18:20:24.682Z</time>
      </trkpt>
      <trkpt lat="37.9607252" lon="-4.8319296">
        <ele>493</ele>
        <time>2026-08-18T18:20:25.682Z</time>
      </trkpt>
      <trkpt lat="37.9607119" lon="-4.8319287">
        <ele>493</ele>
        <time>2026-08-18T18:20:26.682Z</time>
      </trkpt>
      <trkpt lat="37.9606997" lon="-4.8319278">
        <ele>493</ele>
        <time>2026-08-18T18:20:27.682Z</time>
      </trkpt>
      <trkpt lat="37.9606876" lon="-4.8319269">
        <ele>493</ele>
        <time>2026-08-18T18:20:28.682Z</time>
      </trkpt>
      <trkpt lat="37.9606765" lon="-4.8319259">
        <ele>493</ele>
        <time>2026-08-18T18:20:29.682Z</time>
      </trkpt>
      <trkpt lat="37.9606654" lon="-4.8319249">
        <ele>493</ele>
        <time>2026-08-18T18:20:30.682Z</time>
      </trkpt>
      <trkpt lat="37.9606549" lon="-4.8319231">
        <ele>494</ele>
        <time>2026-08-18T18:20:31.682Z</time>
      </trkpt>
      <trkpt lat="37.9606444" lon="-4.8319214">
        <ele>494</ele>
        <time>2026-08-18T18:20:32.682Z</time>
      </trkpt>
      <trkpt lat="37.9606332" lon="-4.831918">
        <ele>494</ele>
        <time>2026-08-18T18:20:33.682Z</time>
      </trkpt>
      <trkpt lat="37.960622" lon="-4.8319146">
        <ele>494</ele>
        <time>2026-08-18T18:20:34.682Z</time>
      </trkpt>
      <trkpt lat="37.9606114" lon="-4.8319107">
        <ele>494</ele>
        <time>2026-08-18T18:20:35.682Z</time>
      </trkpt>
      <trkpt lat="37.9606009" lon="-4.8319068">
        <ele>494</ele>
        <time>2026-08-18T18:20:36.682Z</time>
      </trkpt>
      <trkpt lat="37.9605906" lon="-4.8319043">
        <ele>494</ele>
        <time>2026-08-18T18:20:37.682Z</time>
      </trkpt>
      <trkpt lat="37.9605803" lon="-4.8319018">
        <ele>494</ele>
        <time>2026-08-18T18:20:38.682Z</time>
      </trkpt>
      <trkpt lat="37.96057" lon="-4.8319021">
        <ele>494</ele>
        <time>2026-08-18T18:20:39.682Z</time>
      </trkpt>
      <trkpt lat="37.9605598" lon="-4.8319025">
        <ele>494</ele>
        <time>2026-08-18T18:20:40.682Z</time>
      </trkpt>
      <trkpt lat="37.9605494" lon="-4.8319049">
        <ele>494</ele>
        <time>2026-08-18T18:20:41.682Z</time>
      </trkpt>
      <trkpt lat="37.960539" lon="-4.8319074">
        <ele>494</ele>
        <time>2026-08-18T18:20:42.682Z</time>
      </trkpt>
      <trkpt lat="37.9605282" lon="-4.8319112">
        <ele>494</ele>
        <time>2026-08-18T18:20:43.682Z</time>
      </trkpt>
      <trkpt lat="37.9605175" lon="-4.831915">
        <ele>494</ele>
        <time>2026-08-18T18:20:44.682Z</time>
      </trkpt>
      <trkpt lat="37.9605054" lon="-4.8319177">
        <ele>494</ele>
        <time>2026-08-18T18:20:45.682Z</time>
      </trkpt>
      <trkpt lat="37.9604934" lon="-4.8319205">
        <ele>494</ele>
        <time>2026-08-18T18:20:46.682Z</time>
      </trkpt>
      <trkpt lat="37.9604808" lon="-4.8319212">
        <ele>495</ele>
        <time>2026-08-18T18:20:47.682Z</time>
      </trkpt>
      <trkpt lat="37.9604683" lon="-4.831922">
        <ele>495</ele>
        <time>2026-08-18T18:20:48.682Z</time>
      </trkpt>
      <trkpt lat="37.9604571" lon="-4.8319202">
        <ele>495</ele>
        <time>2026-08-18T18:20:49.682Z</time>
      </trkpt>
      <trkpt lat="37.9604459" lon="-4.8319185">
        <ele>495</ele>
        <time>2026-08-18T18:20:50.682Z</time>
      </trkpt>
      <trkpt lat="37.9604364" lon="-4.8319139">
        <ele>496</ele>
        <time>2026-08-18T18:20:51.682Z</time>
      </trkpt>
      <trkpt lat="37.9604269" lon="-4.8319094">
        <ele>496</ele>
        <time>2026-08-18T18:20:52.682Z</time>
      </trkpt>
      <trkpt lat="37.9604193" lon="-4.8319029">
        <ele>496</ele>
        <time>2026-08-18T18:20:53.682Z</time>
      </trkpt>
      <trkpt lat="37.9604118" lon="-4.8318964">
        <ele>496</ele>
        <time>2026-08-18T18:20:54.682Z</time>
      </trkpt>
      <trkpt lat="37.9604051" lon="-4.8318894">
        <ele>496</ele>
        <time>2026-08-18T18:20:55.682Z</time>
      </trkpt>
      <trkpt lat="37.9603984" lon="-4.8318824">
        <ele>496</ele>
        <time>2026-08-18T18:20:56.682Z</time>
      </trkpt>
      <trkpt lat="37.9603916" lon="-4.8318784">
        <ele>496</ele>
        <time>2026-08-18T18:20:57.682Z</time>
      </trkpt>
      <trkpt lat="37.9603848" lon="-4.8318745">
        <ele>496</ele>
        <time>2026-08-18T18:20:58.682Z</time>
      </trkpt>
      <trkpt lat="37.9603772" lon="-4.8318733">
        <ele>496</ele>
        <time>2026-08-18T18:20:59.682Z</time>
      </trkpt>
      <trkpt lat="37.9603697" lon="-4.8318721">
        <ele>496</ele>
        <time>2026-08-18T18:21:00.682Z</time>
      </trkpt>
      <trkpt lat="37.9603625" lon="-4.8318746">
        <ele>496</ele>
        <time>2026-08-18T18:21:01.682Z</time>
      </trkpt>
      <trkpt lat="37.9603553" lon="-4.8318771">
        <ele>496</ele>
        <time>2026-08-18T18:21:02.682Z</time>
      </trkpt>
      <trkpt lat="37.9603477" lon="-4.8318845">
        <ele>497</ele>
        <time>2026-08-18T18:21:03.682Z</time>
      </trkpt>
      <trkpt lat="37.9603401" lon="-4.831892">
        <ele>497</ele>
        <time>2026-08-18T18:21:04.682Z</time>
      </trkpt>
      <trkpt lat="37.9603306" lon="-4.8319009">
        <ele>497</ele>
        <time>2026-08-18T18:21:05.682Z</time>
      </trkpt>
      <trkpt lat="37.9603212" lon="-4.8319098">
        <ele>497</ele>
        <time>2026-08-18T18:21:06.682Z</time>
      </trkpt>
      <trkpt lat="37.9603099" lon="-4.831917">
        <ele>498</ele>
        <time>2026-08-18T18:21:07.682Z</time>
      </trkpt>
      <trkpt lat="37.9602986" lon="-4.8319243">
        <ele>497</ele>
        <time>2026-08-18T18:21:08.682Z</time>
      </trkpt>
      <trkpt lat="37.9602865" lon="-4.8319277">
        <ele>497</ele>
        <time>2026-08-18T18:21:09.682Z</time>
      </trkpt>
      <trkpt lat="37.9602745" lon="-4.8319312">
        <ele>497</ele>
        <time>2026-08-18T18:21:10.682Z</time>
      </trkpt>
      <trkpt lat="37.9602619" lon="-4.8319327">
        <ele>497</ele>
        <time>2026-08-18T18:21:11.682Z</time>
      </trkpt>
      <trkpt lat="37.9602494" lon="-4.8319342">
        <ele>497</ele>
        <time>2026-08-18T18:21:12.682Z</time>
      </trkpt>
      <trkpt lat="37.9602368" lon="-4.8319376">
        <ele>497</ele>
        <time>2026-08-18T18:21:13.682Z</time>
      </trkpt>
      <trkpt lat="37.9602243" lon="-4.8319411">
        <ele>497</ele>
        <time>2026-08-18T18:21:14.682Z</time>
      </trkpt>
      <trkpt lat="37.9602129" lon="-4.8319473">
        <ele>497</ele>
        <time>2026-08-18T18:21:15.682Z</time>
      </trkpt>
      <trkpt lat="37.9602015" lon="-4.8319535">
        <ele>497</ele>
        <time>2026-08-18T18:21:16.682Z</time>
      </trkpt>
      <trkpt lat="37.9601903" lon="-4.8319592">
        <ele>497</ele>
        <time>2026-08-18T18:21:17.682Z</time>
      </trkpt>
      <trkpt lat="37.9601792" lon="-4.831965">
        <ele>497</ele>
        <time>2026-08-18T18:21:18.682Z</time>
      </trkpt>
      <trkpt lat="37.9601685" lon="-4.8319694">
        <ele>497</ele>
        <time>2026-08-18T18:21:19.682Z</time>
      </trkpt>
      <trkpt lat="37.9601579" lon="-4.8319738">
        <ele>497</ele>
        <time>2026-08-18T18:21:20.682Z</time>
      </trkpt>
      <trkpt lat="37.9601373" lon="-4.8319784">
        <ele>497</ele>
        <time>2026-08-18T18:21:26.682Z</time>
      </trkpt>
      <trkpt lat="37.9601301" lon="-4.8319786">
        <ele>497</ele>
        <time>2026-08-18T18:21:27.682Z</time>
      </trkpt>
      <trkpt lat="37.960123" lon="-4.8319789">
        <ele>497</ele>
        <time>2026-08-18T18:21:28.682Z</time>
      </trkpt>
      <trkpt lat="37.9601142" lon="-4.8319779">
        <ele>497</ele>
        <time>2026-08-18T18:21:29.682Z</time>
      </trkpt>
      <trkpt lat="37.9601054" lon="-4.8319769">
        <ele>497</ele>
        <time>2026-08-18T18:21:30.682Z</time>
      </trkpt>
      <trkpt lat="37.9600926" lon="-4.8319762">
        <ele>497</ele>
        <time>2026-08-18T18:21:31.682Z</time>
      </trkpt>
      <trkpt lat="37.9600798" lon="-4.8319755">
        <ele>497</ele>
        <time>2026-08-18T18:21:32.682Z</time>
      </trkpt>
      <trkpt lat="37.960068" lon="-4.8319766">
        <ele>497</ele>
        <time>2026-08-18T18:21:33.682Z</time>
      </trkpt>
      <trkpt lat="37.9600562" lon="-4.8319778">
        <ele>497</ele>
        <time>2026-08-18T18:21:34.682Z</time>
      </trkpt>
      <trkpt lat="37.9600466" lon="-4.8319785">
        <ele>498</ele>
        <time>2026-08-18T18:21:35.682Z</time>
      </trkpt>
      <trkpt lat="37.9600371" lon="-4.8319793">
        <ele>498</ele>
        <time>2026-08-18T18:21:36.682Z</time>
      </trkpt>
      <trkpt lat="37.9600283" lon="-4.8319779">
        <ele>498</ele>
        <time>2026-08-18T18:21:37.682Z</time>
      </trkpt>
      <trkpt lat="37.9600195" lon="-4.8319766">
        <ele>498</ele>
        <time>2026-08-18T18:21:38.682Z</time>
      </trkpt>
      <trkpt lat="37.9600098" lon="-4.8319746">
        <ele>499</ele>
        <time>2026-08-18T18:21:39.682Z</time>
      </trkpt>
      <trkpt lat="37.9600001" lon="-4.8319726">
        <ele>499</ele>
        <time>2026-08-18T18:21:40.682Z</time>
      </trkpt>
      <trkpt lat="37.959989" lon="-4.8319724">
        <ele>499</ele>
        <time>2026-08-18T18:21:41.682Z</time>
      </trkpt>
      <trkpt lat="37.9599779" lon="-4.8319723">
        <ele>499</ele>
        <time>2026-08-18T18:21:42.682Z</time>
      </trkpt>
      <trkpt lat="37.9599664" lon="-4.8319739">
        <ele>499</ele>
        <time>2026-08-18T18:21:43.682Z</time>
      </trkpt>
      <trkpt lat="37.959955" lon="-4.8319755">
        <ele>499</ele>
        <time>2026-08-18T18:21:44.682Z</time>
      </trkpt>
      <trkpt lat="37.9599443" lon="-4.8319776">
        <ele>499</ele>
        <time>2026-08-18T18:21:45.682Z</time>
      </trkpt>
      <trkpt lat="37.9599336" lon="-4.8319797">
        <ele>499</ele>
        <time>2026-08-18T18:21:46.682Z</time>
      </trkpt>
      <trkpt lat="37.9599239" lon="-4.8319828">
        <ele>499</ele>
        <time>2026-08-18T18:21:47.682Z</time>
      </trkpt>
      <trkpt lat="37.9599143" lon="-4.831986">
        <ele>499</ele>
        <time>2026-08-18T18:21:48.682Z</time>
      </trkpt>
      <trkpt lat="37.9599051" lon="-4.8319915">
        <ele>499</ele>
        <time>2026-08-18T18:21:49.682Z</time>
      </trkpt>
      <trkpt lat="37.9598959" lon="-4.8319971">
        <ele>499</ele>
        <time>2026-08-18T18:21:50.682Z</time>
      </trkpt>
      <trkpt lat="37.9598857" lon="-4.8320062">
        <ele>499</ele>
        <time>2026-08-18T18:21:51.682Z</time>
      </trkpt>
      <trkpt lat="37.9598756" lon="-4.8320153">
        <ele>499</ele>
        <time>2026-08-18T18:21:52.682Z</time>
      </trkpt>
      <trkpt lat="37.9598646" lon="-4.832025">
        <ele>499</ele>
        <time>2026-08-18T18:21:53.682Z</time>
      </trkpt>
      <trkpt lat="37.9598536" lon="-4.8320347">
        <ele>499</ele>
        <time>2026-08-18T18:21:54.682Z</time>
      </trkpt>
      <trkpt lat="37.9598419" lon="-4.8320426">
        <ele>500</ele>
        <time>2026-08-18T18:21:55.682Z</time>
      </trkpt>
      <trkpt lat="37.9598302" lon="-4.8320506">
        <ele>500</ele>
        <time>2026-08-18T18:21:56.682Z</time>
      </trkpt>
      <trkpt lat="37.9598177" lon="-4.832055">
        <ele>500</ele>
        <time>2026-08-18T18:21:57.682Z</time>
      </trkpt>
      <trkpt lat="37.9598052" lon="-4.8320595">
        <ele>500</ele>
        <time>2026-08-18T18:21:58.682Z</time>
      </trkpt>
      <trkpt lat="37.9597928" lon="-4.8320604">
        <ele>500</ele>
        <time>2026-08-18T18:21:59.682Z</time>
      </trkpt>
      <trkpt lat="37.9597804" lon="-4.8320614">
        <ele>500</ele>
        <time>2026-08-18T18:22:00.682Z</time>
      </trkpt>
      <trkpt lat="37.9597695" lon="-4.8320633">
        <ele>500</ele>
        <time>2026-08-18T18:22:01.682Z</time>
      </trkpt>
      <trkpt lat="37.9597586" lon="-4.8320652">
        <ele>500</ele>
        <time>2026-08-18T18:22:02.682Z</time>
      </trkpt>
      <trkpt lat="37.9597488" lon="-4.8320724">
        <ele>500</ele>
        <time>2026-08-18T18:22:03.682Z</time>
      </trkpt>
      <trkpt lat="37.959739" lon="-4.8320796">
        <ele>500</ele>
        <time>2026-08-18T18:22:04.682Z</time>
      </trkpt>
      <trkpt lat="37.9597293" lon="-4.8320884">
        <ele>500</ele>
        <time>2026-08-18T18:22:05.682Z</time>
      </trkpt>
      <trkpt lat="37.9597197" lon="-4.8320972">
        <ele>500</ele>
        <time>2026-08-18T18:22:06.682Z</time>
      </trkpt>
      <trkpt lat="37.9597094" lon="-4.8321037">
        <ele>500</ele>
        <time>2026-08-18T18:22:07.682Z</time>
      </trkpt>
      <trkpt lat="37.9596992" lon="-4.8321102">
        <ele>499</ele>
        <time>2026-08-18T18:22:08.682Z</time>
      </trkpt>
      <trkpt lat="37.9596882" lon="-4.8321146">
        <ele>499</ele>
        <time>2026-08-18T18:22:09.682Z</time>
      </trkpt>
      <trkpt lat="37.9596772" lon="-4.832119">
        <ele>499</ele>
        <time>2026-08-18T18:22:10.682Z</time>
      </trkpt>
      <trkpt lat="37.9596655" lon="-4.8321219">
        <ele>499</ele>
        <time>2026-08-18T18:22:11.682Z</time>
      </trkpt>
      <trkpt lat="37.9596539" lon="-4.8321248">
        <ele>499</ele>
        <time>2026-08-18T18:22:12.682Z</time>
      </trkpt>
      <trkpt lat="37.9596411" lon="-4.8321255">
        <ele>499</ele>
        <time>2026-08-18T18:22:13.682Z</time>
      </trkpt>
      <trkpt lat="37.9596284" lon="-4.8321262">
        <ele>499</ele>
        <time>2026-08-18T18:22:14.682Z</time>
      </trkpt>
      <trkpt lat="37.9596149" lon="-4.8321245">
        <ele>499</ele>
        <time>2026-08-18T18:22:15.682Z</time>
      </trkpt>
      <trkpt lat="37.9596015" lon="-4.8321228">
        <ele>499</ele>
        <time>2026-08-18T18:22:16.682Z</time>
      </trkpt>
      <trkpt lat="37.9595894" lon="-4.8321189">
        <ele>499</ele>
        <time>2026-08-18T18:22:17.682Z</time>
      </trkpt>
      <trkpt lat="37.9595774" lon="-4.832115">
        <ele>499</ele>
        <time>2026-08-18T18:22:18.682Z</time>
      </trkpt>
      <trkpt lat="37.9595698" lon="-4.8321128">
        <ele>499</ele>
        <time>2026-08-18T18:22:19.682Z</time>
      </trkpt>
      <trkpt lat="37.9595623" lon="-4.8321107">
        <ele>498</ele>
        <time>2026-08-18T18:22:20.682Z</time>
      </trkpt>
      <trkpt lat="37.9595566" lon="-4.8321143">
        <ele>498</ele>
        <time>2026-08-18T18:22:21.682Z</time>
      </trkpt>
      <trkpt lat="37.9595509" lon="-4.8321179">
        <ele>498</ele>
        <time>2026-08-18T18:22:22.682Z</time>
      </trkpt>
      <trkpt lat="37.9595443" lon="-4.8321247">
        <ele>498</ele>
        <time>2026-08-18T18:22:23.682Z</time>
      </trkpt>
      <trkpt lat="37.9595378" lon="-4.8321316">
        <ele>497</ele>
        <time>2026-08-18T18:22:24.682Z</time>
      </trkpt>
      <trkpt lat="37.9595297" lon="-4.8321362">
        <ele>497</ele>
        <time>2026-08-18T18:22:25.682Z</time>
      </trkpt>
      <trkpt lat="37.9595217" lon="-4.8321408">
        <ele>497</ele>
        <time>2026-08-18T18:22:26.682Z</time>
      </trkpt>
      <trkpt lat="37.9595129" lon="-4.8321415">
        <ele>497</ele>
        <time>2026-08-18T18:22:27.682Z</time>
      </trkpt>
      <trkpt lat="37.9595042" lon="-4.8321422">
        <ele>497</ele>
        <time>2026-08-18T18:22:28.682Z</time>
      </trkpt>
      <trkpt lat="37.9594966" lon="-4.8321393">
        <ele>497</ele>
        <time>2026-08-18T18:22:29.682Z</time>
      </trkpt>
      <trkpt lat="37.959489" lon="-4.8321364">
        <ele>497</ele>
        <time>2026-08-18T18:22:30.682Z</time>
      </trkpt>
      <trkpt lat="37.959483" lon="-4.8321317">
        <ele>497</ele>
        <time>2026-08-18T18:22:31.682Z</time>
      </trkpt>
      <trkpt lat="37.9594771" lon="-4.832127">
        <ele>496</ele>
        <time>2026-08-18T18:22:32.682Z</time>
      </trkpt>
      <trkpt lat="37.9594717" lon="-4.8321226">
        <ele>496</ele>
        <time>2026-08-18T18:22:33.682Z</time>
      </trkpt>
      <trkpt lat="37.9594664" lon="-4.8321182">
        <ele>496</ele>
        <time>2026-08-18T18:22:34.682Z</time>
      </trkpt>
      <trkpt lat="37.9594614" lon="-4.8321147">
        <ele>496</ele>
        <time>2026-08-18T18:22:35.682Z</time>
      </trkpt>
      <trkpt lat="37.9594564" lon="-4.8321112">
        <ele>495</ele>
        <time>2026-08-18T18:22:36.682Z</time>
      </trkpt>
      <trkpt lat="37.9594509" lon="-4.8321083">
        <ele>495</ele>
        <time>2026-08-18T18:22:37.682Z</time>
      </trkpt>
      <trkpt lat="37.9594455" lon="-4.8321054">
        <ele>495</ele>
        <time>2026-08-18T18:22:38.682Z</time>
      </trkpt>
      <trkpt lat="37.9594386" lon="-4.8321012">
        <ele>495</ele>
        <time>2026-08-18T18:22:39.682Z</time>
      </trkpt>
      <trkpt lat="37.9594318" lon="-4.8320971">
        <ele>495</ele>
        <time>2026-08-18T18:22:40.682Z</time>
      </trkpt>
      <trkpt lat="37.9594244" lon="-4.8320887">
        <ele>495</ele>
        <time>2026-08-18T18:22:41.682Z</time>
      </trkpt>
      <trkpt lat="37.9594171" lon="-4.8320803">
        <ele>495</ele>
        <time>2026-08-18T18:22:42.682Z</time>
      </trkpt>
      <trkpt lat="37.9594105" lon="-4.8320689">
        <ele>495</ele>
        <time>2026-08-18T18:22:43.682Z</time>
      </trkpt>
      <trkpt lat="37.9594039" lon="-4.8320576">
        <ele>495</ele>
        <time>2026-08-18T18:22:44.682Z</time>
      </trkpt>
      <trkpt lat="37.9593976" lon="-4.8320458">
        <ele>495</ele>
        <time>2026-08-18T18:22:45.682Z</time>
      </trkpt>
      <trkpt lat="37.9593913" lon="-4.832034">
        <ele>495</ele>
        <time>2026-08-18T18:22:46.682Z</time>
      </trkpt>
      <trkpt lat="37.9593837" lon="-4.8320241">
        <ele>495</ele>
        <time>2026-08-18T18:22:47.682Z</time>
      </trkpt>
      <trkpt lat="37.9593762" lon="-4.8320143">
        <ele>495</ele>
        <time>2026-08-18T18:22:48.682Z</time>
      </trkpt>
      <trkpt lat="37.959367" lon="-4.8320052">
        <ele>495</ele>
        <time>2026-08-18T18:22:49.682Z</time>
      </trkpt>
      <trkpt lat="37.9593578" lon="-4.8319962">
        <ele>495</ele>
        <time>2026-08-18T18:22:50.682Z</time>
      </trkpt>
      <trkpt lat="37.9593475" lon="-4.8319861">
        <ele>495</ele>
        <time>2026-08-18T18:22:51.682Z</time>
      </trkpt>
      <trkpt lat="37.9593373" lon="-4.831976">
        <ele>495</ele>
        <time>2026-08-18T18:22:52.682Z</time>
      </trkpt>
      <trkpt lat="37.9593263" lon="-4.831964">
        <ele>495</ele>
        <time>2026-08-18T18:22:53.682Z</time>
      </trkpt>
      <trkpt lat="37.9593153" lon="-4.8319521">
        <ele>495</ele>
        <time>2026-08-18T18:22:54.682Z</time>
      </trkpt>
      <trkpt lat="37.9593036" lon="-4.8319416">
        <ele>495</ele>
        <time>2026-08-18T18:22:55.682Z</time>
      </trkpt>
      <trkpt lat="37.959292" lon="-4.8319312">
        <ele>495</ele>
        <time>2026-08-18T18:22:56.682Z</time>
      </trkpt>
      <trkpt lat="37.9592802" lon="-4.8319226">
        <ele>495</ele>
        <time>2026-08-18T18:22:57.682Z</time>
      </trkpt>
      <trkpt lat="37.9592684" lon="-4.8319141">
        <ele>495</ele>
        <time>2026-08-18T18:22:58.682Z</time>
      </trkpt>
      <trkpt lat="37.9592567" lon="-4.8319089">
        <ele>495</ele>
        <time>2026-08-18T18:22:59.682Z</time>
      </trkpt>
      <trkpt lat="37.959245" lon="-4.8319038">
        <ele>494</ele>
        <time>2026-08-18T18:23:00.682Z</time>
      </trkpt>
      <trkpt lat="37.9592354" lon="-4.8319001">
        <ele>494</ele>
        <time>2026-08-18T18:23:01.682Z</time>
      </trkpt>
      <trkpt lat="37.9592259" lon="-4.8318965">
        <ele>494</ele>
        <time>2026-08-18T18:23:02.682Z</time>
      </trkpt>
      <trkpt lat="37.9592177" lon="-4.831892">
        <ele>494</ele>
        <time>2026-08-18T18:23:03.682Z</time>
      </trkpt>
      <trkpt lat="37.9592096" lon="-4.8318875">
        <ele>493</ele>
        <time>2026-08-18T18:23:04.682Z</time>
      </trkpt>
      <trkpt lat="37.9592005" lon="-4.8318819">
        <ele>493</ele>
        <time>2026-08-18T18:23:05.682Z</time>
      </trkpt>
      <trkpt lat="37.9591915" lon="-4.8318763">
        <ele>493</ele>
        <time>2026-08-18T18:23:06.682Z</time>
      </trkpt>
      <trkpt lat="37.9591809" lon="-4.8318714">
        <ele>493</ele>
        <time>2026-08-18T18:23:07.682Z</time>
      </trkpt>
      <trkpt lat="37.9591703" lon="-4.8318665">
        <ele>493</ele>
        <time>2026-08-18T18:23:08.682Z</time>
      </trkpt>
      <trkpt lat="37.9591598" lon="-4.8318606">
        <ele>493</ele>
        <time>2026-08-18T18:23:09.682Z</time>
      </trkpt>
      <trkpt lat="37.9591494" lon="-4.8318548">
        <ele>493</ele>
        <time>2026-08-18T18:23:10.682Z</time>
      </trkpt>
      <trkpt lat="37.9591396" lon="-4.8318476">
        <ele>493</ele>
        <time>2026-08-18T18:23:11.682Z</time>
      </trkpt>
      <trkpt lat="37.9591298" lon="-4.8318404">
        <ele>493</ele>
        <time>2026-08-18T18:23:12.682Z</time>
      </trkpt>
      <trkpt lat="37.9591207" lon="-4.831832">
        <ele>493</ele>
        <time>2026-08-18T18:23:13.682Z</time>
      </trkpt>
      <trkpt lat="37.9591117" lon="-4.8318237">
        <ele>493</ele>
        <time>2026-08-18T18:23:14.682Z</time>
      </trkpt>
      <trkpt lat="37.9591029" lon="-4.8318158">
        <ele>493</ele>
        <time>2026-08-18T18:23:15.682Z</time>
      </trkpt>
      <trkpt lat="37.9590942" lon="-4.831808">
        <ele>493</ele>
        <time>2026-08-18T18:23:16.682Z</time>
      </trkpt>
      <trkpt lat="37.9590841" lon="-4.831801">
        <ele>493</ele>
        <time>2026-08-18T18:23:17.682Z</time>
      </trkpt>
      <trkpt lat="37.959074" lon="-4.8317941">
        <ele>493</ele>
        <time>2026-08-18T18:23:18.682Z</time>
      </trkpt>
      <trkpt lat="37.9590625" lon="-4.8317899">
        <ele>493</ele>
        <time>2026-08-18T18:23:19.682Z</time>
      </trkpt>
      <trkpt lat="37.959051" lon="-4.8317858">
        <ele>492</ele>
        <time>2026-08-18T18:23:20.682Z</time>
      </trkpt>
      <trkpt lat="37.9590397" lon="-4.8317834">
        <ele>492</ele>
        <time>2026-08-18T18:23:21.682Z</time>
      </trkpt>
      <trkpt lat="37.9590284" lon="-4.8317811">
        <ele>492</ele>
        <time>2026-08-18T18:23:22.682Z</time>
      </trkpt>
      <trkpt lat="37.9590169" lon="-4.8317791">
        <ele>492</ele>
        <time>2026-08-18T18:23:23.682Z</time>
      </trkpt>
      <trkpt lat="37.9590054" lon="-4.8317772">
        <ele>492</ele>
        <time>2026-08-18T18:23:24.682Z</time>
      </trkpt>
      <trkpt lat="37.958994" lon="-4.831778">
        <ele>492</ele>
        <time>2026-08-18T18:23:25.682Z</time>
      </trkpt>
      <trkpt lat="37.9589827" lon="-4.8317789">
        <ele>492</ele>
        <time>2026-08-18T18:23:26.682Z</time>
      </trkpt>
      <trkpt lat="37.958972" lon="-4.8317826">
        <ele>492</ele>
        <time>2026-08-18T18:23:27.682Z</time>
      </trkpt>
      <trkpt lat="37.9589613" lon="-4.8317863">
        <ele>491</ele>
        <time>2026-08-18T18:23:28.682Z</time>
      </trkpt>
      <trkpt lat="37.958951" lon="-4.8317911">
        <ele>491</ele>
        <time>2026-08-18T18:23:29.682Z</time>
      </trkpt>
      <trkpt lat="37.9589408" lon="-4.831796">
        <ele>491</ele>
        <time>2026-08-18T18:23:30.682Z</time>
      </trkpt>
      <trkpt lat="37.9589306" lon="-4.8317991">
        <ele>491</ele>
        <time>2026-08-18T18:23:31.682Z</time>
      </trkpt>
      <trkpt lat="37.9589204" lon="-4.8318022">
        <ele>491</ele>
        <time>2026-08-18T18:23:32.682Z</time>
      </trkpt>
      <trkpt lat="37.9589082" lon="-4.831802">
        <ele>491</ele>
        <time>2026-08-18T18:23:33.682Z</time>
      </trkpt>
      <trkpt lat="37.9588961" lon="-4.8318019">
        <ele>491</ele>
        <time>2026-08-18T18:23:34.682Z</time>
      </trkpt>
      <trkpt lat="37.9588827" lon="-4.8317972">
        <ele>491</ele>
        <time>2026-08-18T18:23:35.682Z</time>
      </trkpt>
      <trkpt lat="37.9588694" lon="-4.8317925">
        <ele>491</ele>
        <time>2026-08-18T18:23:36.682Z</time>
      </trkpt>
      <trkpt lat="37.9588553" lon="-4.8317869">
        <ele>491</ele>
        <time>2026-08-18T18:23:37.682Z</time>
      </trkpt>
      <trkpt lat="37.9588413" lon="-4.8317813">
        <ele>491</ele>
        <time>2026-08-18T18:23:38.682Z</time>
      </trkpt>
      <trkpt lat="37.9588272" lon="-4.8317776">
        <ele>491</ele>
        <time>2026-08-18T18:23:39.682Z</time>
      </trkpt>
      <trkpt lat="37.9588132" lon="-4.831774">
        <ele>491</ele>
        <time>2026-08-18T18:23:40.682Z</time>
      </trkpt>
      <trkpt lat="37.9587998" lon="-4.831771">
        <ele>491</ele>
        <time>2026-08-18T18:23:41.682Z</time>
      </trkpt>
      <trkpt lat="37.9587865" lon="-4.8317681">
        <ele>491</ele>
        <time>2026-08-18T18:23:42.682Z</time>
      </trkpt>
      <trkpt lat="37.9587727" lon="-4.8317655">
        <ele>491</ele>
        <time>2026-08-18T18:23:43.682Z</time>
      </trkpt>
      <trkpt lat="37.958759" lon="-4.8317629">
        <ele>491</ele>
        <time>2026-08-18T18:23:44.682Z</time>
      </trkpt>
      <trkpt lat="37.9587465" lon="-4.8317604">
        <ele>491</ele>
        <time>2026-08-18T18:23:45.682Z</time>
      </trkpt>
      <trkpt lat="37.9587341" lon="-4.8317579">
        <ele>491</ele>
        <time>2026-08-18T18:23:46.682Z</time>
      </trkpt>
      <trkpt lat="37.9587222" lon="-4.8317571">
        <ele>492</ele>
        <time>2026-08-18T18:23:47.682Z</time>
      </trkpt>
      <trkpt lat="37.9587104" lon="-4.8317563">
        <ele>492</ele>
        <time>2026-08-18T18:23:48.682Z</time>
      </trkpt>
      <trkpt lat="37.9586988" lon="-4.8317577">
        <ele>492</ele>
        <time>2026-08-18T18:23:49.682Z</time>
      </trkpt>
      <trkpt lat="37.9586872" lon="-4.8317591">
        <ele>492</ele>
        <time>2026-08-18T18:23:50.682Z</time>
      </trkpt>
      <trkpt lat="37.9586752" lon="-4.83176">
        <ele>492</ele>
        <time>2026-08-18T18:23:51.682Z</time>
      </trkpt>
      <trkpt lat="37.9586632" lon="-4.8317609">
        <ele>492</ele>
        <time>2026-08-18T18:23:52.682Z</time>
      </trkpt>
      <trkpt lat="37.9586509" lon="-4.8317602">
        <ele>492</ele>
        <time>2026-08-18T18:23:53.682Z</time>
      </trkpt>
      <trkpt lat="37.9586387" lon="-4.8317596">
        <ele>492</ele>
        <time>2026-08-18T18:23:54.682Z</time>
      </trkpt>
      <trkpt lat="37.9586264" lon="-4.831759">
        <ele>492</ele>
        <time>2026-08-18T18:23:55.682Z</time>
      </trkpt>
      <trkpt lat="37.9586142" lon="-4.8317585">
        <ele>492</ele>
        <time>2026-08-18T18:23:56.682Z</time>
      </trkpt>
      <trkpt lat="37.9586012" lon="-4.8317577">
        <ele>492</ele>
        <time>2026-08-18T18:23:57.682Z</time>
      </trkpt>
      <trkpt lat="37.9585882" lon="-4.8317569">
        <ele>492</ele>
        <time>2026-08-18T18:23:58.682Z</time>
      </trkpt>
      <trkpt lat="37.9585743" lon="-4.8317562">
        <ele>492</ele>
        <time>2026-08-18T18:23:59.682Z</time>
      </trkpt>
      <trkpt lat="37.9585604" lon="-4.8317555">
        <ele>492</ele>
        <time>2026-08-18T18:24:00.682Z</time>
      </trkpt>
      <trkpt lat="37.958546" lon="-4.8317573">
        <ele>492</ele>
        <time>2026-08-18T18:24:01.682Z</time>
      </trkpt>
      <trkpt lat="37.9585317" lon="-4.8317591">
        <ele>492</ele>
        <time>2026-08-18T18:24:02.682Z</time>
      </trkpt>
      <trkpt lat="37.9585179" lon="-4.8317603">
        <ele>492</ele>
        <time>2026-08-18T18:24:03.682Z</time>
      </trkpt>
      <trkpt lat="37.9585042" lon="-4.8317616">
        <ele>492</ele>
        <time>2026-08-18T18:24:04.682Z</time>
      </trkpt>
      <trkpt lat="37.9584899" lon="-4.8317615">
        <ele>492</ele>
        <time>2026-08-18T18:24:05.682Z</time>
      </trkpt>
      <trkpt lat="37.9584756" lon="-4.8317615">
        <ele>492</ele>
        <time>2026-08-18T18:24:06.682Z</time>
      </trkpt>
      <trkpt lat="37.9584617" lon="-4.8317633">
        <ele>492</ele>
        <time>2026-08-18T18:24:07.682Z</time>
      </trkpt>
      <trkpt lat="37.9584479" lon="-4.8317651">
        <ele>492</ele>
        <time>2026-08-18T18:24:08.682Z</time>
      </trkpt>
      <trkpt lat="37.9584359" lon="-4.8317692">
        <ele>492</ele>
        <time>2026-08-18T18:24:09.682Z</time>
      </trkpt>
      <trkpt lat="37.958424" lon="-4.8317734">
        <ele>492</ele>
        <time>2026-08-18T18:24:10.682Z</time>
      </trkpt>
      <trkpt lat="37.958413" lon="-4.8317774">
        <ele>492</ele>
        <time>2026-08-18T18:24:11.682Z</time>
      </trkpt>
      <trkpt lat="37.9584021" lon="-4.8317814">
        <ele>492</ele>
        <time>2026-08-18T18:24:12.682Z</time>
      </trkpt>
      <trkpt lat="37.9583916" lon="-4.8317846">
        <ele>492</ele>
        <time>2026-08-18T18:24:13.682Z</time>
      </trkpt>
      <trkpt lat="37.9583812" lon="-4.8317879">
        <ele>492</ele>
        <time>2026-08-18T18:24:14.682Z</time>
      </trkpt>
      <trkpt lat="37.95837" lon="-4.8317854">
        <ele>492</ele>
        <time>2026-08-18T18:24:15.682Z</time>
      </trkpt>
      <trkpt lat="37.9583588" lon="-4.831783">
        <ele>492</ele>
        <time>2026-08-18T18:24:16.682Z</time>
      </trkpt>
      <trkpt lat="37.9583446" lon="-4.8317764">
        <ele>492</ele>
        <time>2026-08-18T18:24:17.682Z</time>
      </trkpt>
      <trkpt lat="37.9583305" lon="-4.8317699">
        <ele>492</ele>
        <time>2026-08-18T18:24:18.682Z</time>
      </trkpt>
      <trkpt lat="37.9583142" lon="-4.831765">
        <ele>492</ele>
        <time>2026-08-18T18:24:19.682Z</time>
      </trkpt>
      <trkpt lat="37.958298" lon="-4.8317601">
        <ele>492</ele>
        <time>2026-08-18T18:24:20.682Z</time>
      </trkpt>
      <trkpt lat="37.9582823" lon="-4.8317576">
        <ele>492</ele>
        <time>2026-08-18T18:24:21.682Z</time>
      </trkpt>
      <trkpt lat="37.9582666" lon="-4.8317552">
        <ele>492</ele>
        <time>2026-08-18T18:24:22.682Z</time>
      </trkpt>
      <trkpt lat="37.9582534" lon="-4.8317523">
        <ele>492</ele>
        <time>2026-08-18T18:24:23.682Z</time>
      </trkpt>
      <trkpt lat="37.9582402" lon="-4.8317495">
        <ele>492</ele>
        <time>2026-08-18T18:24:24.682Z</time>
      </trkpt>
      <trkpt lat="37.958231" lon="-4.8317431">
        <ele>492</ele>
        <time>2026-08-18T18:24:25.682Z</time>
      </trkpt>
      <trkpt lat="37.9582219" lon="-4.8317368">
        <ele>492</ele>
        <time>2026-08-18T18:24:26.682Z</time>
      </trkpt>
      <trkpt lat="37.9582149" lon="-4.8317266">
        <ele>492</ele>
        <time>2026-08-18T18:24:27.682Z</time>
      </trkpt>
      <trkpt lat="37.9582079" lon="-4.8317165">
        <ele>492</ele>
        <time>2026-08-18T18:24:28.682Z</time>
      </trkpt>
      <trkpt lat="37.9582015" lon="-4.8317052">
        <ele>492</ele>
        <time>2026-08-18T18:24:29.682Z</time>
      </trkpt>
      <trkpt lat="37.9581952" lon="-4.831694">
        <ele>492</ele>
        <time>2026-08-18T18:24:30.682Z</time>
      </trkpt>
      <trkpt lat="37.9581875" lon="-4.831683">
        <ele>492</ele>
        <time>2026-08-18T18:24:31.682Z</time>
      </trkpt>
      <trkpt lat="37.9581798" lon="-4.8316721">
        <ele>492</ele>
        <time>2026-08-18T18:24:32.682Z</time>
      </trkpt>
      <trkpt lat="37.9581705" lon="-4.831662">
        <ele>492</ele>
        <time>2026-08-18T18:24:33.682Z</time>
      </trkpt>
      <trkpt lat="37.9581613" lon="-4.8316519">
        <ele>492</ele>
        <time>2026-08-18T18:24:34.682Z</time>
      </trkpt>
      <trkpt lat="37.9581517" lon="-4.8316441">
        <ele>492</ele>
        <time>2026-08-18T18:24:35.682Z</time>
      </trkpt>
      <trkpt lat="37.9581421" lon="-4.8316364">
        <ele>492</ele>
        <time>2026-08-18T18:24:36.682Z</time>
      </trkpt>
      <trkpt lat="37.9581336" lon="-4.8316296">
        <ele>492</ele>
        <time>2026-08-18T18:24:37.682Z</time>
      </trkpt>
      <trkpt lat="37.9581251" lon="-4.8316229">
        <ele>492</ele>
        <time>2026-08-18T18:24:38.682Z</time>
      </trkpt>
      <trkpt lat="37.9581163" lon="-4.8316193">
        <ele>492</ele>
        <time>2026-08-18T18:24:39.682Z</time>
      </trkpt>
      <trkpt lat="37.9581075" lon="-4.8316158">
        <ele>492</ele>
        <time>2026-08-18T18:24:40.682Z</time>
      </trkpt>
      <trkpt lat="37.9580979" lon="-4.8316176">
        <ele>492</ele>
        <time>2026-08-18T18:24:41.682Z</time>
      </trkpt>
      <trkpt lat="37.9580883" lon="-4.8316194">
        <ele>492</ele>
        <time>2026-08-18T18:24:42.682Z</time>
      </trkpt>
      <trkpt lat="37.9580771" lon="-4.8316261">
        <ele>492</ele>
        <time>2026-08-18T18:24:43.682Z</time>
      </trkpt>
      <trkpt lat="37.9580659" lon="-4.8316328">
        <ele>492</ele>
        <time>2026-08-18T18:24:44.682Z</time>
      </trkpt>
      <trkpt lat="37.9580535" lon="-4.8316417">
        <ele>492</ele>
        <time>2026-08-18T18:24:45.682Z</time>
      </trkpt>
      <trkpt lat="37.9580411" lon="-4.8316507">
        <ele>492</ele>
        <time>2026-08-18T18:24:46.682Z</time>
      </trkpt>
      <trkpt lat="37.958028" lon="-4.8316561">
        <ele>492</ele>
        <time>2026-08-18T18:24:47.682Z</time>
      </trkpt>
      <trkpt lat="37.958015" lon="-4.8316616">
        <ele>492</ele>
        <time>2026-08-18T18:24:48.682Z</time>
      </trkpt>
      <trkpt lat="37.9580021" lon="-4.831661">
        <ele>492</ele>
        <time>2026-08-18T18:24:49.682Z</time>
      </trkpt>
      <trkpt lat="37.9579893" lon="-4.8316604">
        <ele>492</ele>
        <time>2026-08-18T18:24:50.682Z</time>
      </trkpt>
      <trkpt lat="37.9579773" lon="-4.8316549">
        <ele>492</ele>
        <time>2026-08-18T18:24:51.682Z</time>
      </trkpt>
      <trkpt lat="37.9579654" lon="-4.8316494">
        <ele>492</ele>
        <time>2026-08-18T18:24:52.682Z</time>
      </trkpt>
      <trkpt lat="37.9579549" lon="-4.8316425">
        <ele>492</ele>
        <time>2026-08-18T18:24:53.682Z</time>
      </trkpt>
      <trkpt lat="37.9579445" lon="-4.8316357">
        <ele>492</ele>
        <time>2026-08-18T18:24:54.682Z</time>
      </trkpt>
      <trkpt lat="37.957934" lon="-4.8316304">
        <ele>492</ele>
        <time>2026-08-18T18:24:55.682Z</time>
      </trkpt>
      <trkpt lat="37.9579236" lon="-4.8316252">
        <ele>492</ele>
        <time>2026-08-18T18:24:56.682Z</time>
      </trkpt>
      <trkpt lat="37.9579128" lon="-4.8316214">
        <ele>492</ele>
        <time>2026-08-18T18:24:57.682Z</time>
      </trkpt>
      <trkpt lat="37.957902" lon="-4.8316177">
        <ele>492</ele>
        <time>2026-08-18T18:24:58.682Z</time>
      </trkpt>
      <trkpt lat="37.9578903" lon="-4.8316162">
        <ele>492</ele>
        <time>2026-08-18T18:24:59.682Z</time>
      </trkpt>
      <trkpt lat="37.9578786" lon="-4.8316148">
        <ele>492</ele>
        <time>2026-08-18T18:25:00.682Z</time>
      </trkpt>
      <trkpt lat="37.9578662" lon="-4.8316146">
        <ele>492</ele>
        <time>2026-08-18T18:25:01.682Z</time>
      </trkpt>
      <trkpt lat="37.9578539" lon="-4.8316145">
        <ele>492</ele>
        <time>2026-08-18T18:25:02.682Z</time>
      </trkpt>
      <trkpt lat="37.9578404" lon="-4.8316131">
        <ele>493</ele>
        <time>2026-08-18T18:25:03.682Z</time>
      </trkpt>
      <trkpt lat="37.9578269" lon="-4.8316118">
        <ele>493</ele>
        <time>2026-08-18T18:25:04.682Z</time>
      </trkpt>
      <trkpt lat="37.9578142" lon="-4.8316119">
        <ele>493</ele>
        <time>2026-08-18T18:25:05.682Z</time>
      </trkpt>
      <trkpt lat="37.9578016" lon="-4.831612">
        <ele>493</ele>
        <time>2026-08-18T18:25:06.682Z</time>
      </trkpt>
      <trkpt lat="37.9577897" lon="-4.8316152">
        <ele>493</ele>
        <time>2026-08-18T18:25:07.682Z</time>
      </trkpt>
      <trkpt lat="37.9577778" lon="-4.8316185">
        <ele>493</ele>
        <time>2026-08-18T18:25:08.682Z</time>
      </trkpt>
      <trkpt lat="37.9577663" lon="-4.831624">
        <ele>493</ele>
        <time>2026-08-18T18:25:09.682Z</time>
      </trkpt>
      <trkpt lat="37.9577548" lon="-4.8316296">
        <ele>493</ele>
        <time>2026-08-18T18:25:10.682Z</time>
      </trkpt>
      <trkpt lat="37.9577428" lon="-4.8316346">
        <ele>493</ele>
        <time>2026-08-18T18:25:11.682Z</time>
      </trkpt>
      <trkpt lat="37.9577309" lon="-4.8316397">
        <ele>493</ele>
        <time>2026-08-18T18:25:12.682Z</time>
      </trkpt>
      <trkpt lat="37.9577183" lon="-4.8316405">
        <ele>493</ele>
        <time>2026-08-18T18:25:13.682Z</time>
      </trkpt>
      <trkpt lat="37.9577058" lon="-4.8316414">
        <ele>493</ele>
        <time>2026-08-18T18:25:14.682Z</time>
      </trkpt>
      <trkpt lat="37.9576938" lon="-4.8316371">
        <ele>493</ele>
        <time>2026-08-18T18:25:15.682Z</time>
      </trkpt>
      <trkpt lat="37.9576819" lon="-4.8316328">
        <ele>493</ele>
        <time>2026-08-18T18:25:16.682Z</time>
      </trkpt>
      <trkpt lat="37.95767" lon="-4.8316249">
        <ele>493</ele>
        <time>2026-08-18T18:25:17.682Z</time>
      </trkpt>
      <trkpt lat="37.9576581" lon="-4.8316171">
        <ele>493</ele>
        <time>2026-08-18T18:25:18.682Z</time>
      </trkpt>
      <trkpt lat="37.9576462" lon="-4.8316101">
        <ele>493</ele>
        <time>2026-08-18T18:25:19.682Z</time>
      </trkpt>
      <trkpt lat="37.9576344" lon="-4.8316031">
        <ele>493</ele>
        <time>2026-08-18T18:25:20.682Z</time>
      </trkpt>
      <trkpt lat="37.9576226" lon="-4.8315987">
        <ele>493</ele>
        <time>2026-08-18T18:25:21.682Z</time>
      </trkpt>
      <trkpt lat="37.9576109" lon="-4.8315944">
        <ele>493</ele>
        <time>2026-08-18T18:25:22.682Z</time>
      </trkpt>
      <trkpt lat="37.9575997" lon="-4.8315926">
        <ele>493</ele>
        <time>2026-08-18T18:25:23.682Z</time>
      </trkpt>
      <trkpt lat="37.9575885" lon="-4.8315909">
        <ele>493</ele>
        <time>2026-08-18T18:25:24.682Z</time>
      </trkpt>
      <trkpt lat="37.9575774" lon="-4.8315903">
        <ele>493</ele>
        <time>2026-08-18T18:25:25.682Z</time>
      </trkpt>
      <trkpt lat="37.9575664" lon="-4.8315898">
        <ele>493</ele>
        <time>2026-08-18T18:25:26.682Z</time>
      </trkpt>
      <trkpt lat="37.9575543" lon="-4.8315893">
        <ele>493</ele>
        <time>2026-08-18T18:25:27.682Z</time>
      </trkpt>
      <trkpt lat="37.9575423" lon="-4.8315889">
        <ele>493</ele>
        <time>2026-08-18T18:25:28.682Z</time>
      </trkpt>
      <trkpt lat="37.9575298" lon="-4.8315874">
        <ele>493</ele>
        <time>2026-08-18T18:25:29.682Z</time>
      </trkpt>
      <trkpt lat="37.9575174" lon="-4.831586">
        <ele>493</ele>
        <time>2026-08-18T18:25:30.682Z</time>
      </trkpt>
      <trkpt lat="37.9575069" lon="-4.8315815">
        <ele>493</ele>
        <time>2026-08-18T18:25:31.682Z</time>
      </trkpt>
      <trkpt lat="37.9574965" lon="-4.8315771">
        <ele>493</ele>
        <time>2026-08-18T18:25:32.682Z</time>
      </trkpt>
      <trkpt lat="37.9574869" lon="-4.8315715">
        <ele>493</ele>
        <time>2026-08-18T18:25:33.682Z</time>
      </trkpt>
      <trkpt lat="37.9574773" lon="-4.831566">
        <ele>493</ele>
        <time>2026-08-18T18:25:34.682Z</time>
      </trkpt>
      <trkpt lat="37.9574688" lon="-4.8315619">
        <ele>493</ele>
        <time>2026-08-18T18:25:35.682Z</time>
      </trkpt>
      <trkpt lat="37.9574604" lon="-4.8315579">
        <ele>493</ele>
        <time>2026-08-18T18:25:36.682Z</time>
      </trkpt>
      <trkpt lat="37.9574509" lon="-4.8315529">
        <ele>493</ele>
        <time>2026-08-18T18:25:37.682Z</time>
      </trkpt>
      <trkpt lat="37.9574415" lon="-4.831548">
        <ele>493</ele>
        <time>2026-08-18T18:25:38.682Z</time>
      </trkpt>
      <trkpt lat="37.9574319" lon="-4.8315409">
        <ele>493</ele>
        <time>2026-08-18T18:25:39.682Z</time>
      </trkpt>
      <trkpt lat="37.9574224" lon="-4.8315338">
        <ele>493</ele>
        <time>2026-08-18T18:25:40.682Z</time>
      </trkpt>
      <trkpt lat="37.9574127" lon="-4.8315256">
        <ele>493</ele>
        <time>2026-08-18T18:25:41.682Z</time>
      </trkpt>
      <trkpt lat="37.9574031" lon="-4.8315175">
        <ele>493</ele>
        <time>2026-08-18T18:25:42.682Z</time>
      </trkpt>
      <trkpt lat="37.9573943" lon="-4.8315095">
        <ele>494</ele>
        <time>2026-08-18T18:25:43.682Z</time>
      </trkpt>
      <trkpt lat="37.9573856" lon="-4.8315016">
        <ele>494</ele>
        <time>2026-08-18T18:25:44.682Z</time>
      </trkpt>
      <trkpt lat="37.9573785" lon="-4.831492">
        <ele>494</ele>
        <time>2026-08-18T18:25:45.682Z</time>
      </trkpt>
      <trkpt lat="37.9573714" lon="-4.8314824">
        <ele>494</ele>
        <time>2026-08-18T18:25:46.682Z</time>
      </trkpt>
      <trkpt lat="37.9573663" lon="-4.83147">
        <ele>494</ele>
        <time>2026-08-18T18:25:47.682Z</time>
      </trkpt>
      <trkpt lat="37.9573612" lon="-4.8314577">
        <ele>494</ele>
        <time>2026-08-18T18:25:48.682Z</time>
      </trkpt>
      <trkpt lat="37.9573588" lon="-4.8314445">
        <ele>494</ele>
        <time>2026-08-18T18:25:49.682Z</time>
      </trkpt>
      <trkpt lat="37.9573565" lon="-4.8314314">
        <ele>494</ele>
        <time>2026-08-18T18:25:50.682Z</time>
      </trkpt>
      <trkpt lat="37.9573543" lon="-4.8314176">
        <ele>494</ele>
        <time>2026-08-18T18:25:51.682Z</time>
      </trkpt>
      <trkpt lat="37.9573521" lon="-4.8314038">
        <ele>494</ele>
        <time>2026-08-18T18:25:52.682Z</time>
      </trkpt>
      <trkpt lat="37.957348" lon="-4.8313903">
        <ele>494</ele>
        <time>2026-08-18T18:25:53.682Z</time>
      </trkpt>
      <trkpt lat="37.9573439" lon="-4.8313769">
        <ele>494</ele>
        <time>2026-08-18T18:25:54.682Z</time>
      </trkpt>
      <trkpt lat="37.9573411" lon="-4.8313648">
        <ele>495</ele>
        <time>2026-08-18T18:25:55.682Z</time>
      </trkpt>
      <trkpt lat="37.9573384" lon="-4.8313527">
        <ele>495</ele>
        <time>2026-08-18T18:25:56.682Z</time>
      </trkpt>
      <trkpt lat="37.957338" lon="-4.8313404">
        <ele>495</ele>
        <time>2026-08-18T18:25:57.682Z</time>
      </trkpt>
      <trkpt lat="37.9573376" lon="-4.8313282">
        <ele>495</ele>
        <time>2026-08-18T18:25:58.682Z</time>
      </trkpt>
      <trkpt lat="37.9573358" lon="-4.8313153">
        <ele>496</ele>
        <time>2026-08-18T18:25:59.682Z</time>
      </trkpt>
      <trkpt lat="37.957334" lon="-4.8313025">
        <ele>496</ele>
        <time>2026-08-18T18:26:00.682Z</time>
      </trkpt>
      <trkpt lat="37.9573277" lon="-4.8312889">
        <ele>495</ele>
        <time>2026-08-18T18:26:08.682Z</time>
      </trkpt>
      <trkpt lat="37.9573263" lon="-4.8312873">
        <ele>495</ele>
        <time>2026-08-18T18:26:09.682Z</time>
      </trkpt>
      <trkpt lat="37.9573249" lon="-4.8312857">
        <ele>495</ele>
        <time>2026-08-18T18:26:10.682Z</time>
      </trkpt>
      <trkpt lat="37.9573223" lon="-4.8312804">
        <ele>495</ele>
        <time>2026-08-18T18:26:11.682Z</time>
      </trkpt>
      <trkpt lat="37.9573197" lon="-4.8312751">
        <ele>495</ele>
        <time>2026-08-18T18:26:12.682Z</time>
      </trkpt>
      <trkpt lat="37.9573116" lon="-4.8312658">
        <ele>494</ele>
        <time>2026-08-18T18:26:54.682Z</time>
      </trkpt>
      <trkpt lat="37.9573062" lon="-4.8312597">
        <ele>494</ele>
        <time>2026-08-18T18:26:55.682Z</time>
      </trkpt>
      <trkpt lat="37.9573009" lon="-4.8312536">
        <ele>494</ele>
        <time>2026-08-18T18:26:56.682Z</time>
      </trkpt>
      <trkpt lat="37.9572958" lon="-4.8312469">
        <ele>494</ele>
        <time>2026-08-18T18:26:57.682Z</time>
      </trkpt>
      <trkpt lat="37.9572908" lon="-4.8312402">
        <ele>494</ele>
        <time>2026-08-18T18:26:58.682Z</time>
      </trkpt>
      <trkpt lat="37.9572832" lon="-4.8312322">
        <ele>494</ele>
        <time>2026-08-18T18:26:59.682Z</time>
      </trkpt>
      <trkpt lat="37.9572757" lon="-4.8312243">
        <ele>493</ele>
        <time>2026-08-18T18:27:00.682Z</time>
      </trkpt>
      <trkpt lat="37.9572658" lon="-4.8312158">
        <ele>493</ele>
        <time>2026-08-18T18:27:01.682Z</time>
      </trkpt>
      <trkpt lat="37.957256" lon="-4.8312073">
        <ele>493</ele>
        <time>2026-08-18T18:27:02.682Z</time>
      </trkpt>
      <trkpt lat="37.9572465" lon="-4.8311973">
        <ele>493</ele>
        <time>2026-08-18T18:27:03.682Z</time>
      </trkpt>
      <trkpt lat="37.9572371" lon="-4.8311874">
        <ele>493</ele>
        <time>2026-08-18T18:27:04.682Z</time>
      </trkpt>
      <trkpt lat="37.9572268" lon="-4.8311765">
        <ele>493</ele>
        <time>2026-08-18T18:27:05.682Z</time>
      </trkpt>
      <trkpt lat="37.9572165" lon="-4.8311656">
        <ele>493</ele>
        <time>2026-08-18T18:27:06.682Z</time>
      </trkpt>
      <trkpt lat="37.9572041" lon="-4.8311565">
        <ele>493</ele>
        <time>2026-08-18T18:27:07.682Z</time>
      </trkpt>
      <trkpt lat="37.9571917" lon="-4.8311475">
        <ele>493</ele>
        <time>2026-08-18T18:27:08.682Z</time>
      </trkpt>
      <trkpt lat="37.9571784" lon="-4.8311434">
        <ele>493</ele>
        <time>2026-08-18T18:27:09.682Z</time>
      </trkpt>
      <trkpt lat="37.9571652" lon="-4.8311393">
        <ele>493</ele>
        <time>2026-08-18T18:27:10.682Z</time>
      </trkpt>
      <trkpt lat="37.9571539" lon="-4.8311407">
        <ele>493</ele>
        <time>2026-08-18T18:27:11.682Z</time>
      </trkpt>
      <trkpt lat="37.9571427" lon="-4.8311422">
        <ele>493</ele>
        <time>2026-08-18T18:27:12.682Z</time>
      </trkpt>
      <trkpt lat="37.9571394" lon="-4.8311441">
        <ele>493</ele>
        <time>2026-08-18T18:27:13.682Z</time>
      </trkpt>
      <trkpt lat="37.9571361" lon="-4.831146">
        <ele>493</ele>
        <time>2026-08-18T18:27:14.682Z</time>
      </trkpt>
      <trkpt lat="37.9571312" lon="-4.8311488">
        <ele>494</ele>
        <time>2026-08-18T18:27:15.682Z</time>
      </trkpt>
      <trkpt lat="37.9571264" lon="-4.8311516">
        <ele>493</ele>
        <time>2026-08-18T18:27:16.682Z</time>
      </trkpt>
      <trkpt lat="37.9571194" lon="-4.8311529">
        <ele>493</ele>
        <time>2026-08-18T18:27:17.682Z</time>
      </trkpt>
      <trkpt lat="37.9571124" lon="-4.8311543">
        <ele>493</ele>
        <time>2026-08-18T18:27:18.682Z</time>
      </trkpt>
      <trkpt lat="37.9571024" lon="-4.8311542">
        <ele>493</ele>
        <time>2026-08-18T18:27:19.682Z</time>
      </trkpt>
      <trkpt lat="37.9570925" lon="-4.8311541">
        <ele>493</ele>
        <time>2026-08-18T18:27:20.682Z</time>
      </trkpt>
      <trkpt lat="37.9570806" lon="-4.8311529">
        <ele>493</ele>
        <time>2026-08-18T18:27:21.682Z</time>
      </trkpt>
      <trkpt lat="37.9570687" lon="-4.8311517">
        <ele>493</ele>
        <time>2026-08-18T18:27:22.682Z</time>
      </trkpt>
      <trkpt lat="37.9570571" lon="-4.8311497">
        <ele>493</ele>
        <time>2026-08-18T18:27:23.682Z</time>
      </trkpt>
      <trkpt lat="37.9570455" lon="-4.8311477">
        <ele>493</ele>
        <time>2026-08-18T18:27:24.682Z</time>
      </trkpt>
      <trkpt lat="37.9570332" lon="-4.8311457">
        <ele>493</ele>
        <time>2026-08-18T18:27:25.682Z</time>
      </trkpt>
      <trkpt lat="37.957021" lon="-4.8311438">
        <ele>493</ele>
        <time>2026-08-18T18:27:26.682Z</time>
      </trkpt>
      <trkpt lat="37.9570089" lon="-4.8311432">
        <ele>493</ele>
        <time>2026-08-18T18:27:27.682Z</time>
      </trkpt>
      <trkpt lat="37.9569968" lon="-4.8311426">
        <ele>493</ele>
        <time>2026-08-18T18:27:28.682Z</time>
      </trkpt>
      <trkpt lat="37.9569856" lon="-4.8311429">
        <ele>493</ele>
        <time>2026-08-18T18:27:29.682Z</time>
      </trkpt>
      <trkpt lat="37.9569745" lon="-4.8311432">
        <ele>493</ele>
        <time>2026-08-18T18:27:30.682Z</time>
      </trkpt>
      <trkpt lat="37.9569638" lon="-4.8311431">
        <ele>493</ele>
        <time>2026-08-18T18:27:31.682Z</time>
      </trkpt>
      <trkpt lat="37.9569531" lon="-4.8311431">
        <ele>493</ele>
        <time>2026-08-18T18:27:32.682Z</time>
      </trkpt>
      <trkpt lat="37.9569425" lon="-4.831141">
        <ele>493</ele>
        <time>2026-08-18T18:27:33.682Z</time>
      </trkpt>
      <trkpt lat="37.956932" lon="-4.831139">
        <ele>493</ele>
        <time>2026-08-18T18:27:34.682Z</time>
      </trkpt>
      <trkpt lat="37.9569207" lon="-4.8311326">
        <ele>493</ele>
        <time>2026-08-18T18:27:35.682Z</time>
      </trkpt>
      <trkpt lat="37.9569094" lon="-4.8311263">
        <ele>493</ele>
        <time>2026-08-18T18:27:36.682Z</time>
      </trkpt>
      <trkpt lat="37.956899" lon="-4.8311155">
        <ele>493</ele>
        <time>2026-08-18T18:27:37.682Z</time>
      </trkpt>
      <trkpt lat="37.9568886" lon="-4.8311047">
        <ele>493</ele>
        <time>2026-08-18T18:27:38.682Z</time>
      </trkpt>
      <trkpt lat="37.9568799" lon="-4.8310915">
        <ele>494</ele>
        <time>2026-08-18T18:27:39.682Z</time>
      </trkpt>
      <trkpt lat="37.9568713" lon="-4.8310783">
        <ele>494</ele>
        <time>2026-08-18T18:27:40.682Z</time>
      </trkpt>
      <trkpt lat="37.956865" lon="-4.8310646">
        <ele>494</ele>
        <time>2026-08-18T18:27:41.682Z</time>
      </trkpt>
      <trkpt lat="37.9568588" lon="-4.8310509">
        <ele>494</ele>
        <time>2026-08-18T18:27:42.682Z</time>
      </trkpt>
      <trkpt lat="37.9568529" lon="-4.8310376">
        <ele>494</ele>
        <time>2026-08-18T18:27:43.682Z</time>
      </trkpt>
      <trkpt lat="37.956847" lon="-4.8310244">
        <ele>494</ele>
        <time>2026-08-18T18:27:44.682Z</time>
      </trkpt>
      <trkpt lat="37.9568408" lon="-4.8310128">
        <ele>494</ele>
        <time>2026-08-18T18:27:45.682Z</time>
      </trkpt>
      <trkpt lat="37.9568346" lon="-4.8310013">
        <ele>494</ele>
        <time>2026-08-18T18:27:46.682Z</time>
      </trkpt>
      <trkpt lat="37.9568287" lon="-4.8309898">
        <ele>494</ele>
        <time>2026-08-18T18:27:47.682Z</time>
      </trkpt>
      <trkpt lat="37.9568229" lon="-4.8309784">
        <ele>494</ele>
        <time>2026-08-18T18:27:48.682Z</time>
      </trkpt>
      <trkpt lat="37.9568157" lon="-4.8309653">
        <ele>494</ele>
        <time>2026-08-18T18:27:49.682Z</time>
      </trkpt>
      <trkpt lat="37.9568085" lon="-4.8309522">
        <ele>494</ele>
        <time>2026-08-18T18:27:50.682Z</time>
      </trkpt>
      <trkpt lat="37.9567993" lon="-4.830939">
        <ele>494</ele>
        <time>2026-08-18T18:27:51.682Z</time>
      </trkpt>
      <trkpt lat="37.9567901" lon="-4.8309259">
        <ele>494</ele>
        <time>2026-08-18T18:27:52.682Z</time>
      </trkpt>
      <trkpt lat="37.95678" lon="-4.8309133">
        <ele>494</ele>
        <time>2026-08-18T18:27:53.682Z</time>
      </trkpt>
      <trkpt lat="37.95677" lon="-4.8309008">
        <ele>494</ele>
        <time>2026-08-18T18:27:54.682Z</time>
      </trkpt>
      <trkpt lat="37.9567603" lon="-4.8308894">
        <ele>495</ele>
        <time>2026-08-18T18:27:55.682Z</time>
      </trkpt>
      <trkpt lat="37.9567506" lon="-4.8308781">
        <ele>495</ele>
        <time>2026-08-18T18:27:56.682Z</time>
      </trkpt>
      <trkpt lat="37.9567406" lon="-4.8308687">
        <ele>495</ele>
        <time>2026-08-18T18:27:57.682Z</time>
      </trkpt>
      <trkpt lat="37.9567306" lon="-4.8308593">
        <ele>495</ele>
        <time>2026-08-18T18:27:58.682Z</time>
      </trkpt>
      <trkpt lat="37.9567215" lon="-4.8308499">
        <ele>495</ele>
        <time>2026-08-18T18:27:59.682Z</time>
      </trkpt>
      <trkpt lat="37.9567125" lon="-4.8308405">
        <ele>495</ele>
        <time>2026-08-18T18:28:00.682Z</time>
      </trkpt>
      <trkpt lat="37.956704" lon="-4.8308305">
        <ele>495</ele>
        <time>2026-08-18T18:28:01.682Z</time>
      </trkpt>
      <trkpt lat="37.9566955" lon="-4.8308205">
        <ele>495</ele>
        <time>2026-08-18T18:28:02.682Z</time>
      </trkpt>
      <trkpt lat="37.9566876" lon="-4.830811">
        <ele>495</ele>
        <time>2026-08-18T18:28:03.682Z</time>
      </trkpt>
      <trkpt lat="37.9566797" lon="-4.8308015">
        <ele>495</ele>
        <time>2026-08-18T18:28:04.682Z</time>
      </trkpt>
      <trkpt lat="37.9566727" lon="-4.8307918">
        <ele>495</ele>
        <time>2026-08-18T18:28:05.682Z</time>
      </trkpt>
      <trkpt lat="37.9566658" lon="-4.8307822">
        <ele>495</ele>
        <time>2026-08-18T18:28:06.682Z</time>
      </trkpt>
      <trkpt lat="37.9566595" lon="-4.8307712">
        <ele>495</ele>
        <time>2026-08-18T18:28:07.682Z</time>
      </trkpt>
      <trkpt lat="37.9566533" lon="-4.8307603">
        <ele>495</ele>
        <time>2026-08-18T18:28:08.682Z</time>
      </trkpt>
      <trkpt lat="37.9566451" lon="-4.8307481">
        <ele>495</ele>
        <time>2026-08-18T18:28:09.682Z</time>
      </trkpt>
      <trkpt lat="37.9566369" lon="-4.8307359">
        <ele>495</ele>
        <time>2026-08-18T18:28:10.682Z</time>
      </trkpt>
      <trkpt lat="37.9566266" lon="-4.8307239">
        <ele>495</ele>
        <time>2026-08-18T18:28:11.682Z</time>
      </trkpt>
      <trkpt lat="37.9566164" lon="-4.8307119">
        <ele>495</ele>
        <time>2026-08-18T18:28:12.682Z</time>
      </trkpt>
      <trkpt lat="37.9566073" lon="-4.8307005">
        <ele>495</ele>
        <time>2026-08-18T18:28:13.682Z</time>
      </trkpt>
      <trkpt lat="37.9565983" lon="-4.8306892">
        <ele>495</ele>
        <time>2026-08-18T18:28:14.682Z</time>
      </trkpt>
      <trkpt lat="37.9565908" lon="-4.8306769">
        <ele>495</ele>
        <time>2026-08-18T18:28:15.682Z</time>
      </trkpt>
      <trkpt lat="37.9565834" lon="-4.8306646">
        <ele>495</ele>
        <time>2026-08-18T18:28:16.682Z</time>
      </trkpt>
      <trkpt lat="37.9565757" lon="-4.8306499">
        <ele>495</ele>
        <time>2026-08-18T18:28:17.682Z</time>
      </trkpt>
      <trkpt lat="37.956568" lon="-4.8306353">
        <ele>495</ele>
        <time>2026-08-18T18:28:18.682Z</time>
      </trkpt>
      <trkpt lat="37.9565609" lon="-4.83062">
        <ele>496</ele>
        <time>2026-08-18T18:28:19.682Z</time>
      </trkpt>
      <trkpt lat="37.9565538" lon="-4.8306047">
        <ele>495</ele>
        <time>2026-08-18T18:28:20.682Z</time>
      </trkpt>
      <trkpt lat="37.9565482" lon="-4.830589">
        <ele>495</ele>
        <time>2026-08-18T18:28:21.682Z</time>
      </trkpt>
      <trkpt lat="37.9565426" lon="-4.8305733">
        <ele>495</ele>
        <time>2026-08-18T18:28:22.682Z</time>
      </trkpt>
      <trkpt lat="37.9565388" lon="-4.8305588">
        <ele>495</ele>
        <time>2026-08-18T18:28:23.682Z</time>
      </trkpt>
      <trkpt lat="37.956535" lon="-4.8305444">
        <ele>495</ele>
        <time>2026-08-18T18:28:24.682Z</time>
      </trkpt>
      <trkpt lat="37.9565322" lon="-4.8305317">
        <ele>495</ele>
        <time>2026-08-18T18:28:25.682Z</time>
      </trkpt>
      <trkpt lat="37.9565294" lon="-4.8305191">
        <ele>495</ele>
        <time>2026-08-18T18:28:26.682Z</time>
      </trkpt>
      <trkpt lat="37.9565262" lon="-4.8305061">
        <ele>496</ele>
        <time>2026-08-18T18:28:27.682Z</time>
      </trkpt>
      <trkpt lat="37.9565231" lon="-4.8304932">
        <ele>496</ele>
        <time>2026-08-18T18:28:28.682Z</time>
      </trkpt>
      <trkpt lat="37.9565175" lon="-4.83048">
        <ele>496</ele>
        <time>2026-08-18T18:28:29.682Z</time>
      </trkpt>
      <trkpt lat="37.9565119" lon="-4.8304669">
        <ele>496</ele>
        <time>2026-08-18T18:28:30.682Z</time>
      </trkpt>
      <trkpt lat="37.9565044" lon="-4.8304539">
        <ele>496</ele>
        <time>2026-08-18T18:28:31.682Z</time>
      </trkpt>
      <trkpt lat="37.9564969" lon="-4.8304409">
        <ele>496</ele>
        <time>2026-08-18T18:28:32.682Z</time>
      </trkpt>
      <trkpt lat="37.9564892" lon="-4.8304276">
        <ele>496</ele>
        <time>2026-08-18T18:28:33.682Z</time>
      </trkpt>
      <trkpt lat="37.9564815" lon="-4.8304143">
        <ele>496</ele>
        <time>2026-08-18T18:28:34.682Z</time>
      </trkpt>
      <trkpt lat="37.9564748" lon="-4.8304006">
        <ele>496</ele>
        <time>2026-08-18T18:28:35.682Z</time>
      </trkpt>
      <trkpt lat="37.9564682" lon="-4.830387">
        <ele>496</ele>
        <time>2026-08-18T18:28:36.682Z</time>
      </trkpt>
      <trkpt lat="37.9564632" lon="-4.8303733">
        <ele>496</ele>
        <time>2026-08-18T18:28:37.682Z</time>
      </trkpt>
      <trkpt lat="37.9564582" lon="-4.8303596">
        <ele>496</ele>
        <time>2026-08-18T18:28:38.682Z</time>
      </trkpt>
      <trkpt lat="37.9564556" lon="-4.8303452">
        <ele>496</ele>
        <time>2026-08-18T18:28:39.682Z</time>
      </trkpt>
      <trkpt lat="37.956453" lon="-4.8303309">
        <ele>496</ele>
        <time>2026-08-18T18:28:40.682Z</time>
      </trkpt>
      <trkpt lat="37.9564512" lon="-4.830316">
        <ele>496</ele>
        <time>2026-08-18T18:28:41.682Z</time>
      </trkpt>
      <trkpt lat="37.9564494" lon="-4.8303011">
        <ele>496</ele>
        <time>2026-08-18T18:28:42.682Z</time>
      </trkpt>
      <trkpt lat="37.9564478" lon="-4.8302857">
        <ele>496</ele>
        <time>2026-08-18T18:28:43.682Z</time>
      </trkpt>
      <trkpt lat="37.9564463" lon="-4.8302703">
        <ele>496</ele>
        <time>2026-08-18T18:28:44.682Z</time>
      </trkpt>
      <trkpt lat="37.9564456" lon="-4.8302545">
        <ele>496</ele>
        <time>2026-08-18T18:28:45.682Z</time>
      </trkpt>
      <trkpt lat="37.9564449" lon="-4.8302387">
        <ele>496</ele>
        <time>2026-08-18T18:28:46.682Z</time>
      </trkpt>
      <trkpt lat="37.9564435" lon="-4.8302226">
        <ele>496</ele>
        <time>2026-08-18T18:28:47.682Z</time>
      </trkpt>
      <trkpt lat="37.9564421" lon="-4.8302066">
        <ele>496</ele>
        <time>2026-08-18T18:28:48.682Z</time>
      </trkpt>
      <trkpt lat="37.9564392" lon="-4.8301895">
        <ele>496</ele>
        <time>2026-08-18T18:28:49.682Z</time>
      </trkpt>
      <trkpt lat="37.9564364" lon="-4.8301724">
        <ele>496</ele>
        <time>2026-08-18T18:28:50.682Z</time>
      </trkpt>
      <trkpt lat="37.9564337" lon="-4.8301551">
        <ele>496</ele>
        <time>2026-08-18T18:28:51.682Z</time>
      </trkpt>
      <trkpt lat="37.956431" lon="-4.8301379">
        <ele>496</ele>
        <time>2026-08-18T18:28:52.682Z</time>
      </trkpt>
      <trkpt lat="37.9564292" lon="-4.8301222">
        <ele>496</ele>
        <time>2026-08-18T18:28:53.682Z</time>
      </trkpt>
      <trkpt lat="37.9564275" lon="-4.8301066">
        <ele>496</ele>
        <time>2026-08-18T18:28:54.682Z</time>
      </trkpt>
      <trkpt lat="37.9564264" lon="-4.8300927">
        <ele>496</ele>
        <time>2026-08-18T18:28:55.682Z</time>
      </trkpt>
      <trkpt lat="37.9564254" lon="-4.8300788">
        <ele>496</ele>
        <time>2026-08-18T18:28:56.682Z</time>
      </trkpt>
      <trkpt lat="37.9564245" lon="-4.8300648">
        <ele>496</ele>
        <time>2026-08-18T18:28:57.682Z</time>
      </trkpt>
      <trkpt lat="37.9564236" lon="-4.8300508">
        <ele>496</ele>
        <time>2026-08-18T18:28:58.682Z</time>
      </trkpt>
      <trkpt lat="37.9564208" lon="-4.8300343">
        <ele>496</ele>
        <time>2026-08-18T18:28:59.682Z</time>
      </trkpt>
      <trkpt lat="37.9564181" lon="-4.8300179">
        <ele>496</ele>
        <time>2026-08-18T18:29:00.682Z</time>
      </trkpt>
      <trkpt lat="37.9564137" lon="-4.8300001">
        <ele>496</ele>
        <time>2026-08-18T18:29:01.682Z</time>
      </trkpt>
      <trkpt lat="37.9564094" lon="-4.8299824">
        <ele>496</ele>
        <time>2026-08-18T18:29:02.682Z</time>
      </trkpt>
      <trkpt lat="37.9564034" lon="-4.8299662">
        <ele>496</ele>
        <time>2026-08-18T18:29:03.682Z</time>
      </trkpt>
      <trkpt lat="37.9563975" lon="-4.82995">
        <ele>496</ele>
        <time>2026-08-18T18:29:04.682Z</time>
      </trkpt>
      <trkpt lat="37.9563918" lon="-4.8299359">
        <ele>496</ele>
        <time>2026-08-18T18:29:05.682Z</time>
      </trkpt>
      <trkpt lat="37.9563861" lon="-4.8299219">
        <ele>496</ele>
        <time>2026-08-18T18:29:06.682Z</time>
      </trkpt>
      <trkpt lat="37.9563816" lon="-4.8299095">
        <ele>497</ele>
        <time>2026-08-18T18:29:07.682Z</time>
      </trkpt>
      <trkpt lat="37.9563771" lon="-4.8298971">
        <ele>497</ele>
        <time>2026-08-18T18:29:08.682Z</time>
      </trkpt>
      <trkpt lat="37.9563725" lon="-4.8298845">
        <ele>497</ele>
        <time>2026-08-18T18:29:09.682Z</time>
      </trkpt>
      <trkpt lat="37.9563679" lon="-4.8298719">
        <ele>497</ele>
        <time>2026-08-18T18:29:10.682Z</time>
      </trkpt>
      <trkpt lat="37.956362" lon="-4.8298582">
        <ele>497</ele>
        <time>2026-08-18T18:29:11.682Z</time>
      </trkpt>
      <trkpt lat="37.9563561" lon="-4.8298446">
        <ele>497</ele>
        <time>2026-08-18T18:29:12.682Z</time>
      </trkpt>
      <trkpt lat="37.9563489" lon="-4.8298311">
        <ele>497</ele>
        <time>2026-08-18T18:29:13.682Z</time>
      </trkpt>
      <trkpt lat="37.9563417" lon="-4.8298176">
        <ele>497</ele>
        <time>2026-08-18T18:29:14.682Z</time>
      </trkpt>
      <trkpt lat="37.956332" lon="-4.8298034">
        <ele>497</ele>
        <time>2026-08-18T18:29:15.682Z</time>
      </trkpt>
      <trkpt lat="37.9563224" lon="-4.8297893">
        <ele>497</ele>
        <time>2026-08-18T18:29:16.682Z</time>
      </trkpt>
      <trkpt lat="37.9563115" lon="-4.8297757">
        <ele>497</ele>
        <time>2026-08-18T18:29:17.682Z</time>
      </trkpt>
      <trkpt lat="37.9563006" lon="-4.8297622">
        <ele>497</ele>
        <time>2026-08-18T18:29:18.682Z</time>
      </trkpt>
      <trkpt lat="37.956291" lon="-4.8297493">
        <ele>497</ele>
        <time>2026-08-18T18:29:19.682Z</time>
      </trkpt>
      <trkpt lat="37.9562814" lon="-4.8297364">
        <ele>497</ele>
        <time>2026-08-18T18:29:20.682Z</time>
      </trkpt>
      <trkpt lat="37.9562727" lon="-4.8297245">
        <ele>497</ele>
        <time>2026-08-18T18:29:21.682Z</time>
      </trkpt>
      <trkpt lat="37.9562641" lon="-4.8297127">
        <ele>497</ele>
        <time>2026-08-18T18:29:22.682Z</time>
      </trkpt>
      <trkpt lat="37.9562562" lon="-4.8297023">
        <ele>497</ele>
        <time>2026-08-18T18:29:23.682Z</time>
      </trkpt>
      <trkpt lat="37.9562484" lon="-4.829692">
        <ele>497</ele>
        <time>2026-08-18T18:29:24.682Z</time>
      </trkpt>
      <trkpt lat="37.9562402" lon="-4.8296815">
        <ele>497</ele>
        <time>2026-08-18T18:29:25.682Z</time>
      </trkpt>
      <trkpt lat="37.9562321" lon="-4.829671">
        <ele>497</ele>
        <time>2026-08-18T18:29:26.682Z</time>
      </trkpt>
      <trkpt lat="37.9562232" lon="-4.8296606">
        <ele>498</ele>
        <time>2026-08-18T18:29:27.682Z</time>
      </trkpt>
      <trkpt lat="37.9562143" lon="-4.8296502">
        <ele>498</ele>
        <time>2026-08-18T18:29:28.682Z</time>
      </trkpt>
      <trkpt lat="37.9562034" lon="-4.8296406">
        <ele>498</ele>
        <time>2026-08-18T18:29:29.682Z</time>
      </trkpt>
      <trkpt lat="37.9561925" lon="-4.8296311">
        <ele>498</ele>
        <time>2026-08-18T18:29:30.682Z</time>
      </trkpt>
      <trkpt lat="37.9561807" lon="-4.8296221">
        <ele>498</ele>
        <time>2026-08-18T18:29:31.682Z</time>
      </trkpt>
      <trkpt lat="37.9561689" lon="-4.8296132">
        <ele>498</ele>
        <time>2026-08-18T18:29:32.682Z</time>
      </trkpt>
      <trkpt lat="37.9561585" lon="-4.8296037">
        <ele>498</ele>
        <time>2026-08-18T18:29:33.682Z</time>
      </trkpt>
      <trkpt lat="37.9561481" lon="-4.8295942">
        <ele>498</ele>
        <time>2026-08-18T18:29:34.682Z</time>
      </trkpt>
      <trkpt lat="37.9561404" lon="-4.8295825">
        <ele>498</ele>
        <time>2026-08-18T18:29:35.682Z</time>
      </trkpt>
      <trkpt lat="37.9561328" lon="-4.8295708">
        <ele>498</ele>
        <time>2026-08-18T18:29:36.682Z</time>
      </trkpt>
      <trkpt lat="37.9561263" lon="-4.8295562">
        <ele>498</ele>
        <time>2026-08-18T18:29:37.682Z</time>
      </trkpt>
      <trkpt lat="37.9561199" lon="-4.8295416">
        <ele>498</ele>
        <time>2026-08-18T18:29:38.682Z</time>
      </trkpt>
      <trkpt lat="37.9561145" lon="-4.8295276">
        <ele>498</ele>
        <time>2026-08-18T18:29:39.682Z</time>
      </trkpt>
      <trkpt lat="37.9561092" lon="-4.8295136">
        <ele>498</ele>
        <time>2026-08-18T18:29:40.682Z</time>
      </trkpt>
      <trkpt lat="37.956102" lon="-4.8294991">
        <ele>498</ele>
        <time>2026-08-18T18:29:41.682Z</time>
      </trkpt>
      <trkpt lat="37.9560949" lon="-4.8294847">
        <ele>498</ele>
        <time>2026-08-18T18:29:42.682Z</time>
      </trkpt>
      <trkpt lat="37.9560863" lon="-4.8294716">
        <ele>498</ele>
        <time>2026-08-18T18:29:43.682Z</time>
      </trkpt>
      <trkpt lat="37.9560778" lon="-4.8294586">
        <ele>498</ele>
        <time>2026-08-18T18:29:44.682Z</time>
      </trkpt>
      <trkpt lat="37.9560691" lon="-4.8294481">
        <ele>498</ele>
        <time>2026-08-18T18:29:45.682Z</time>
      </trkpt>
      <trkpt lat="37.9560605" lon="-4.8294376">
        <ele>498</ele>
        <time>2026-08-18T18:29:46.682Z</time>
      </trkpt>
      <trkpt lat="37.9560507" lon="-4.8294277">
        <ele>498</ele>
        <time>2026-08-18T18:29:47.682Z</time>
      </trkpt>
      <trkpt lat="37.956041" lon="-4.8294178">
        <ele>498</ele>
        <time>2026-08-18T18:29:48.682Z</time>
      </trkpt>
      <trkpt lat="37.9560298" lon="-4.8294069">
        <ele>498</ele>
        <time>2026-08-18T18:29:49.682Z</time>
      </trkpt>
      <trkpt lat="37.9560186" lon="-4.8293961">
        <ele>498</ele>
        <time>2026-08-18T18:29:50.682Z</time>
      </trkpt>
      <trkpt lat="37.9560075" lon="-4.8293847">
        <ele>498</ele>
        <time>2026-08-18T18:29:51.682Z</time>
      </trkpt>
      <trkpt lat="37.9559965" lon="-4.8293733">
        <ele>498</ele>
        <time>2026-08-18T18:29:52.682Z</time>
      </trkpt>
      <trkpt lat="37.9559866" lon="-4.8293616">
        <ele>498</ele>
        <time>2026-08-18T18:29:53.682Z</time>
      </trkpt>
      <trkpt lat="37.9559767" lon="-4.82935">
        <ele>498</ele>
        <time>2026-08-18T18:29:54.682Z</time>
      </trkpt>
      <trkpt lat="37.9559673" lon="-4.8293403">
        <ele>498</ele>
        <time>2026-08-18T18:29:55.682Z</time>
      </trkpt>
      <trkpt lat="37.9559579" lon="-4.8293306">
        <ele>498</ele>
        <time>2026-08-18T18:29:56.682Z</time>
      </trkpt>
      <trkpt lat="37.9559478" lon="-4.829323">
        <ele>498</ele>
        <time>2026-08-18T18:29:57.682Z</time>
      </trkpt>
      <trkpt lat="37.9559377" lon="-4.8293155">
        <ele>498</ele>
        <time>2026-08-18T18:29:58.682Z</time>
      </trkpt>
      <trkpt lat="37.9559275" lon="-4.8293083">
        <ele>498</ele>
        <time>2026-08-18T18:29:59.682Z</time>
      </trkpt>
      <trkpt lat="37.9559174" lon="-4.8293012">
        <ele>498</ele>
        <time>2026-08-18T18:30:00.682Z</time>
      </trkpt>
      <trkpt lat="37.9559065" lon="-4.8292937">
        <ele>498</ele>
        <time>2026-08-18T18:30:01.682Z</time>
      </trkpt>
      <trkpt lat="37.9558957" lon="-4.8292863">
        <ele>498</ele>
        <time>2026-08-18T18:30:02.682Z</time>
      </trkpt>
      <trkpt lat="37.9558832" lon="-4.8292783">
        <ele>498</ele>
        <time>2026-08-18T18:30:03.682Z</time>
      </trkpt>
      <trkpt lat="37.9558708" lon="-4.8292703">
        <ele>498</ele>
        <time>2026-08-18T18:30:04.682Z</time>
      </trkpt>
      <trkpt lat="37.9558564" lon="-4.829263">
        <ele>498</ele>
        <time>2026-08-18T18:30:05.682Z</time>
      </trkpt>
      <trkpt lat="37.955842" lon="-4.8292557">
        <ele>498</ele>
        <time>2026-08-18T18:30:06.682Z</time>
      </trkpt>
      <trkpt lat="37.9558264" lon="-4.8292502">
        <ele>498</ele>
        <time>2026-08-18T18:30:07.682Z</time>
      </trkpt>
      <trkpt lat="37.9558108" lon="-4.8292447">
        <ele>498</ele>
        <time>2026-08-18T18:30:08.682Z</time>
      </trkpt>
      <trkpt lat="37.9557959" lon="-4.8292402">
        <ele>498</ele>
        <time>2026-08-18T18:30:09.682Z</time>
      </trkpt>
      <trkpt lat="37.955781" lon="-4.8292357">
        <ele>498</ele>
        <time>2026-08-18T18:30:10.682Z</time>
      </trkpt>
      <trkpt lat="37.955769" lon="-4.829232">
        <ele>498</ele>
        <time>2026-08-18T18:30:11.682Z</time>
      </trkpt>
      <trkpt lat="37.9557571" lon="-4.8292283">
        <ele>498</ele>
        <time>2026-08-18T18:30:12.682Z</time>
      </trkpt>
      <trkpt lat="37.9557474" lon="-4.8292263">
        <ele>498</ele>
        <time>2026-08-18T18:30:13.682Z</time>
      </trkpt>
      <trkpt lat="37.9557378" lon="-4.8292243">
        <ele>498</ele>
        <time>2026-08-18T18:30:14.682Z</time>
      </trkpt>
      <trkpt lat="37.9557287" lon="-4.8292232">
        <ele>498</ele>
        <time>2026-08-18T18:30:15.682Z</time>
      </trkpt>
      <trkpt lat="37.9557197" lon="-4.8292222">
        <ele>498</ele>
        <time>2026-08-18T18:30:16.682Z</time>
      </trkpt>
      <trkpt lat="37.9557082" lon="-4.8292207">
        <ele>498</ele>
        <time>2026-08-18T18:30:17.682Z</time>
      </trkpt>
      <trkpt lat="37.9556968" lon="-4.8292193">
        <ele>498</ele>
        <time>2026-08-18T18:30:18.682Z</time>
      </trkpt>
      <trkpt lat="37.9556841" lon="-4.8292158">
        <ele>498</ele>
        <time>2026-08-18T18:30:19.682Z</time>
      </trkpt>
      <trkpt lat="37.9556714" lon="-4.8292124">
        <ele>498</ele>
        <time>2026-08-18T18:30:20.682Z</time>
      </trkpt>
      <trkpt lat="37.95566" lon="-4.8292076">
        <ele>498</ele>
        <time>2026-08-18T18:30:21.682Z</time>
      </trkpt>
      <trkpt lat="37.9556486" lon="-4.8292029">
        <ele>498</ele>
        <time>2026-08-18T18:30:22.682Z</time>
      </trkpt>
      <trkpt lat="37.9556385" lon="-4.8291979">
        <ele>498</ele>
        <time>2026-08-18T18:30:23.682Z</time>
      </trkpt>
      <trkpt lat="37.9556284" lon="-4.829193">
        <ele>498</ele>
        <time>2026-08-18T18:30:24.682Z</time>
      </trkpt>
      <trkpt lat="37.9556183" lon="-4.8291889">
        <ele>498</ele>
        <time>2026-08-18T18:30:25.682Z</time>
      </trkpt>
      <trkpt lat="37.9556083" lon="-4.8291848">
        <ele>498</ele>
        <time>2026-08-18T18:30:26.682Z</time>
      </trkpt>
      <trkpt lat="37.9555972" lon="-4.8291819">
        <ele>498</ele>
        <time>2026-08-18T18:30:27.682Z</time>
      </trkpt>
      <trkpt lat="37.9555861" lon="-4.829179">
        <ele>498</ele>
        <time>2026-08-18T18:30:28.682Z</time>
      </trkpt>
      <trkpt lat="37.9555736" lon="-4.8291762">
        <ele>498</ele>
        <time>2026-08-18T18:30:29.682Z</time>
      </trkpt>
      <trkpt lat="37.9555611" lon="-4.8291734">
        <ele>498</ele>
        <time>2026-08-18T18:30:30.682Z</time>
      </trkpt>
      <trkpt lat="37.9555469" lon="-4.8291697">
        <ele>499</ele>
        <time>2026-08-18T18:30:31.682Z</time>
      </trkpt>
      <trkpt lat="37.9555327" lon="-4.8291661">
        <ele>499</ele>
        <time>2026-08-18T18:30:32.682Z</time>
      </trkpt>
      <trkpt lat="37.9555183" lon="-4.8291621">
        <ele>499</ele>
        <time>2026-08-18T18:30:33.682Z</time>
      </trkpt>
      <trkpt lat="37.955504" lon="-4.8291582">
        <ele>499</ele>
        <time>2026-08-18T18:30:34.682Z</time>
      </trkpt>
      <trkpt lat="37.9554901" lon="-4.8291545">
        <ele>499</ele>
        <time>2026-08-18T18:30:35.682Z</time>
      </trkpt>
      <trkpt lat="37.9554763" lon="-4.8291508">
        <ele>499</ele>
        <time>2026-08-18T18:30:36.682Z</time>
      </trkpt>
      <trkpt lat="37.9554637" lon="-4.8291463">
        <ele>499</ele>
        <time>2026-08-18T18:30:37.682Z</time>
      </trkpt>
      <trkpt lat="37.9554511" lon="-4.8291418">
        <ele>499</ele>
        <time>2026-08-18T18:30:38.682Z</time>
      </trkpt>
      <trkpt lat="37.9554392" lon="-4.829137">
        <ele>499</ele>
        <time>2026-08-18T18:30:39.682Z</time>
      </trkpt>
      <trkpt lat="37.9554274" lon="-4.8291322">
        <ele>499</ele>
        <time>2026-08-18T18:30:40.682Z</time>
      </trkpt>
      <trkpt lat="37.955415" lon="-4.8291273">
        <ele>499</ele>
        <time>2026-08-18T18:30:41.682Z</time>
      </trkpt>
      <trkpt lat="37.9554027" lon="-4.8291224">
        <ele>499</ele>
        <time>2026-08-18T18:30:42.682Z</time>
      </trkpt>
      <trkpt lat="37.9553909" lon="-4.8291175">
        <ele>500</ele>
        <time>2026-08-18T18:30:43.682Z</time>
      </trkpt>
      <trkpt lat="37.9553791" lon="-4.8291126">
        <ele>500</ele>
        <time>2026-08-18T18:30:44.682Z</time>
      </trkpt>
      <trkpt lat="37.9553672" lon="-4.8291094">
        <ele>500</ele>
        <time>2026-08-18T18:30:45.682Z</time>
      </trkpt>
      <trkpt lat="37.9553554" lon="-4.8291062">
        <ele>500</ele>
        <time>2026-08-18T18:30:46.682Z</time>
      </trkpt>
      <trkpt lat="37.9553425" lon="-4.8291056">
        <ele>500</ele>
        <time>2026-08-18T18:30:47.682Z</time>
      </trkpt>
      <trkpt lat="37.9553296" lon="-4.8291051">
        <ele>500</ele>
        <time>2026-08-18T18:30:48.682Z</time>
      </trkpt>
      <trkpt lat="37.9553167" lon="-4.8291048">
        <ele>500</ele>
        <time>2026-08-18T18:30:49.682Z</time>
      </trkpt>
      <trkpt lat="37.9553039" lon="-4.8291045">
        <ele>500</ele>
        <time>2026-08-18T18:30:50.682Z</time>
      </trkpt>
      <trkpt lat="37.9552918" lon="-4.8291019">
        <ele>500</ele>
        <time>2026-08-18T18:30:51.682Z</time>
      </trkpt>
      <trkpt lat="37.9552797" lon="-4.8290994">
        <ele>500</ele>
        <time>2026-08-18T18:30:52.682Z</time>
      </trkpt>
      <trkpt lat="37.9552665" lon="-4.8290944">
        <ele>500</ele>
        <time>2026-08-18T18:30:53.682Z</time>
      </trkpt>
      <trkpt lat="37.9552533" lon="-4.8290894">
        <ele>500</ele>
        <time>2026-08-18T18:30:54.682Z</time>
      </trkpt>
      <trkpt lat="37.9552385" lon="-4.8290834">
        <ele>500</ele>
        <time>2026-08-18T18:30:55.682Z</time>
      </trkpt>
      <trkpt lat="37.9552238" lon="-4.8290774">
        <ele>500</ele>
        <time>2026-08-18T18:30:56.682Z</time>
      </trkpt>
      <trkpt lat="37.9552084" lon="-4.8290736">
        <ele>500</ele>
        <time>2026-08-18T18:30:57.682Z</time>
      </trkpt>
      <trkpt lat="37.955193" lon="-4.8290698">
        <ele>500</ele>
        <time>2026-08-18T18:30:58.682Z</time>
      </trkpt>
      <trkpt lat="37.9551782" lon="-4.8290685">
        <ele>500</ele>
        <time>2026-08-18T18:30:59.682Z</time>
      </trkpt>
      <trkpt lat="37.9551635" lon="-4.8290672">
        <ele>500</ele>
        <time>2026-08-18T18:31:00.682Z</time>
      </trkpt>
      <trkpt lat="37.9551508" lon="-4.829066">
        <ele>500</ele>
        <time>2026-08-18T18:31:01.682Z</time>
      </trkpt>
      <trkpt lat="37.9551381" lon="-4.8290648">
        <ele>500</ele>
        <time>2026-08-18T18:31:02.682Z</time>
      </trkpt>
      <trkpt lat="37.9551266" lon="-4.8290622">
        <ele>501</ele>
        <time>2026-08-18T18:31:03.682Z</time>
      </trkpt>
      <trkpt lat="37.9551152" lon="-4.8290597">
        <ele>501</ele>
        <time>2026-08-18T18:31:04.682Z</time>
      </trkpt>
      <trkpt lat="37.9551041" lon="-4.8290579">
        <ele>501</ele>
        <time>2026-08-18T18:31:05.682Z</time>
      </trkpt>
      <trkpt lat="37.9550931" lon="-4.8290562">
        <ele>501</ele>
        <time>2026-08-18T18:31:06.682Z</time>
      </trkpt>
      <trkpt lat="37.9550812" lon="-4.8290558">
        <ele>501</ele>
        <time>2026-08-18T18:31:07.682Z</time>
      </trkpt>
      <trkpt lat="37.9550693" lon="-4.8290555">
        <ele>501</ele>
        <time>2026-08-18T18:31:08.682Z</time>
      </trkpt>
      <trkpt lat="37.9550583" lon="-4.829057">
        <ele>501</ele>
        <time>2026-08-18T18:31:09.682Z</time>
      </trkpt>
      <trkpt lat="37.9550473" lon="-4.8290586">
        <ele>501</ele>
        <time>2026-08-18T18:31:10.682Z</time>
      </trkpt>
      <trkpt lat="37.9550389" lon="-4.8290591">
        <ele>501</ele>
        <time>2026-08-18T18:31:11.682Z</time>
      </trkpt>
      <trkpt lat="37.9550306" lon="-4.8290597">
        <ele>500</ele>
        <time>2026-08-18T18:31:12.682Z</time>
      </trkpt>
      <trkpt lat="37.9550234" lon="-4.8290566">
        <ele>500</ele>
        <time>2026-08-18T18:31:13.682Z</time>
      </trkpt>
      <trkpt lat="37.9550162" lon="-4.8290536">
        <ele>500</ele>
        <time>2026-08-18T18:31:14.682Z</time>
      </trkpt>
      <trkpt lat="37.9550066" lon="-4.8290482">
        <ele>500</ele>
        <time>2026-08-18T18:31:15.682Z</time>
      </trkpt>
      <trkpt lat="37.954997" lon="-4.8290429">
        <ele>500</ele>
        <time>2026-08-18T18:31:16.682Z</time>
      </trkpt>
      <trkpt lat="37.9549856" lon="-4.8290374">
        <ele>500</ele>
        <time>2026-08-18T18:31:17.682Z</time>
      </trkpt>
      <trkpt lat="37.9549743" lon="-4.829032">
        <ele>500</ele>
        <time>2026-08-18T18:31:18.682Z</time>
      </trkpt>
      <trkpt lat="37.9549618" lon="-4.8290259">
        <ele>500</ele>
        <time>2026-08-18T18:31:19.682Z</time>
      </trkpt>
      <trkpt lat="37.9549494" lon="-4.8290198">
        <ele>500</ele>
        <time>2026-08-18T18:31:20.682Z</time>
      </trkpt>
      <trkpt lat="37.954937" lon="-4.8290138">
        <ele>500</ele>
        <time>2026-08-18T18:31:21.682Z</time>
      </trkpt>
      <trkpt lat="37.9549247" lon="-4.8290079">
        <ele>500</ele>
        <time>2026-08-18T18:31:22.682Z</time>
      </trkpt>
      <trkpt lat="37.9549138" lon="-4.8290025">
        <ele>500</ele>
        <time>2026-08-18T18:31:23.682Z</time>
      </trkpt>
      <trkpt lat="37.9549029" lon="-4.8289971">
        <ele>500</ele>
        <time>2026-08-18T18:31:24.682Z</time>
      </trkpt>
      <trkpt lat="37.9548938" lon="-4.8289923">
        <ele>500</ele>
        <time>2026-08-18T18:31:25.682Z</time>
      </trkpt>
      <trkpt lat="37.9548847" lon="-4.8289875">
        <ele>500</ele>
        <time>2026-08-18T18:31:26.682Z</time>
      </trkpt>
      <trkpt lat="37.9548765" lon="-4.8289827">
        <ele>501</ele>
        <time>2026-08-18T18:31:27.682Z</time>
      </trkpt>
      <trkpt lat="37.9548683" lon="-4.828978">
        <ele>501</ele>
        <time>2026-08-18T18:31:28.682Z</time>
      </trkpt>
      <trkpt lat="37.95486" lon="-4.8289725">
        <ele>501</ele>
        <time>2026-08-18T18:31:29.682Z</time>
      </trkpt>
      <trkpt lat="37.9548518" lon="-4.8289671">
        <ele>501</ele>
        <time>2026-08-18T18:31:30.682Z</time>
      </trkpt>
      <trkpt lat="37.9548437" lon="-4.8289607">
        <ele>501</ele>
        <time>2026-08-18T18:31:31.682Z</time>
      </trkpt>
      <trkpt lat="37.9548357" lon="-4.8289544">
        <ele>500</ele>
        <time>2026-08-18T18:31:32.682Z</time>
      </trkpt>
      <trkpt lat="37.9548267" lon="-4.8289466">
        <ele>500</ele>
        <time>2026-08-18T18:31:33.682Z</time>
      </trkpt>
      <trkpt lat="37.9548177" lon="-4.8289389">
        <ele>500</ele>
        <time>2026-08-18T18:31:34.682Z</time>
      </trkpt>
      <trkpt lat="37.9548078" lon="-4.8289296">
        <ele>500</ele>
        <time>2026-08-18T18:31:35.682Z</time>
      </trkpt>
      <trkpt lat="37.954798" lon="-4.8289203">
        <ele>500</ele>
        <time>2026-08-18T18:31:36.682Z</time>
      </trkpt>
      <trkpt lat="37.9547875" lon="-4.8289103">
        <ele>500</ele>
        <time>2026-08-18T18:31:37.682Z</time>
      </trkpt>
      <trkpt lat="37.9547771" lon="-4.8289004">
        <ele>500</ele>
        <time>2026-08-18T18:31:38.682Z</time>
      </trkpt>
      <trkpt lat="37.9547667" lon="-4.8288912">
        <ele>501</ele>
        <time>2026-08-18T18:31:39.682Z</time>
      </trkpt>
      <trkpt lat="37.9547564" lon="-4.8288821">
        <ele>501</ele>
        <time>2026-08-18T18:31:40.682Z</time>
      </trkpt>
      <trkpt lat="37.9547464" lon="-4.8288741">
        <ele>501</ele>
        <time>2026-08-18T18:31:41.682Z</time>
      </trkpt>
      <trkpt lat="37.9547364" lon="-4.8288661">
        <ele>501</ele>
        <time>2026-08-18T18:31:42.682Z</time>
      </trkpt>
      <trkpt lat="37.9547254" lon="-4.8288584">
        <ele>501</ele>
        <time>2026-08-18T18:31:43.682Z</time>
      </trkpt>
      <trkpt lat="37.9547144" lon="-4.8288507">
        <ele>501</ele>
        <time>2026-08-18T18:31:44.682Z</time>
      </trkpt>
      <trkpt lat="37.9547025" lon="-4.8288419">
        <ele>501</ele>
        <time>2026-08-18T18:31:45.682Z</time>
      </trkpt>
      <trkpt lat="37.9546907" lon="-4.8288331">
        <ele>501</ele>
        <time>2026-08-18T18:31:46.682Z</time>
      </trkpt>
      <trkpt lat="37.9546796" lon="-4.828822">
        <ele>501</ele>
        <time>2026-08-18T18:31:47.682Z</time>
      </trkpt>
      <trkpt lat="37.9546686" lon="-4.8288109">
        <ele>501</ele>
        <time>2026-08-18T18:31:48.682Z</time>
      </trkpt>
      <trkpt lat="37.9546588" lon="-4.8287975">
        <ele>501</ele>
        <time>2026-08-18T18:31:49.682Z</time>
      </trkpt>
      <trkpt lat="37.9546491" lon="-4.8287841">
        <ele>501</ele>
        <time>2026-08-18T18:31:50.682Z</time>
      </trkpt>
      <trkpt lat="37.9546402" lon="-4.8287706">
        <ele>502</ele>
        <time>2026-08-18T18:31:51.682Z</time>
      </trkpt>
      <trkpt lat="37.9546314" lon="-4.8287572">
        <ele>502</ele>
        <time>2026-08-18T18:31:52.682Z</time>
      </trkpt>
      <trkpt lat="37.9546216" lon="-4.828744">
        <ele>502</ele>
        <time>2026-08-18T18:31:53.682Z</time>
      </trkpt>
      <trkpt lat="37.9546119" lon="-4.8287308">
        <ele>502</ele>
        <time>2026-08-18T18:31:54.682Z</time>
      </trkpt>
      <trkpt lat="37.9546007" lon="-4.8287179">
        <ele>502</ele>
        <time>2026-08-18T18:31:55.682Z</time>
      </trkpt>
      <trkpt lat="37.9545896" lon="-4.8287051">
        <ele>502</ele>
        <time>2026-08-18T18:31:56.682Z</time>
      </trkpt>
      <trkpt lat="37.9545774" lon="-4.8286919">
        <ele>502</ele>
        <time>2026-08-18T18:31:57.682Z</time>
      </trkpt>
      <trkpt lat="37.9545652" lon="-4.8286788">
        <ele>502</ele>
        <time>2026-08-18T18:31:58.682Z</time>
      </trkpt>
      <trkpt lat="37.9545553" lon="-4.8286667">
        <ele>502</ele>
        <time>2026-08-18T18:31:59.682Z</time>
      </trkpt>
      <trkpt lat="37.9545454" lon="-4.8286547">
        <ele>502</ele>
        <time>2026-08-18T18:32:00.682Z</time>
      </trkpt>
      <trkpt lat="37.9545391" lon="-4.8286429">
        <ele>502</ele>
        <time>2026-08-18T18:32:01.682Z</time>
      </trkpt>
      <trkpt lat="37.9545328" lon="-4.8286312">
        <ele>502</ele>
        <time>2026-08-18T18:32:02.682Z</time>
      </trkpt>
      <trkpt lat="37.9545295" lon="-4.828617">
        <ele>503</ele>
        <time>2026-08-18T18:32:03.682Z</time>
      </trkpt>
      <trkpt lat="37.9545262" lon="-4.8286029">
        <ele>503</ele>
        <time>2026-08-18T18:32:04.682Z</time>
      </trkpt>
      <trkpt lat="37.9545223" lon="-4.8285872">
        <ele>503</ele>
        <time>2026-08-18T18:32:05.682Z</time>
      </trkpt>
      <trkpt lat="37.9545184" lon="-4.8285715">
        <ele>503</ele>
        <time>2026-08-18T18:32:06.682Z</time>
      </trkpt>
      <trkpt lat="37.9545125" lon="-4.8285558">
        <ele>503</ele>
        <time>2026-08-18T18:32:07.682Z</time>
      </trkpt>
      <trkpt lat="37.9545067" lon="-4.8285401">
        <ele>503</ele>
        <time>2026-08-18T18:32:08.682Z</time>
      </trkpt>
      <trkpt lat="37.9544995" lon="-4.8285262">
        <ele>503</ele>
        <time>2026-08-18T18:32:09.682Z</time>
      </trkpt>
      <trkpt lat="37.9544923" lon="-4.8285123">
        <ele>503</ele>
        <time>2026-08-18T18:32:10.682Z</time>
      </trkpt>
      <trkpt lat="37.954485" lon="-4.8284998">
        <ele>503</ele>
        <time>2026-08-18T18:32:11.682Z</time>
      </trkpt>
      <trkpt lat="37.9544778" lon="-4.8284874">
        <ele>503</ele>
        <time>2026-08-18T18:32:12.682Z</time>
      </trkpt>
      <trkpt lat="37.9544697" lon="-4.8284756">
        <ele>503</ele>
        <time>2026-08-18T18:32:13.682Z</time>
      </trkpt>
      <trkpt lat="37.9544616" lon="-4.8284639">
        <ele>503</ele>
        <time>2026-08-18T18:32:14.682Z</time>
      </trkpt>
      <trkpt lat="37.9544518" lon="-4.8284509">
        <ele>503</ele>
        <time>2026-08-18T18:32:15.682Z</time>
      </trkpt>
      <trkpt lat="37.9544421" lon="-4.828438">
        <ele>503</ele>
        <time>2026-08-18T18:32:16.682Z</time>
      </trkpt>
      <trkpt lat="37.954432" lon="-4.8284244">
        <ele>503</ele>
        <time>2026-08-18T18:32:17.682Z</time>
      </trkpt>
      <trkpt lat="37.954422" lon="-4.8284109">
        <ele>503</ele>
        <time>2026-08-18T18:32:18.682Z</time>
      </trkpt>
      <trkpt lat="37.954413" lon="-4.8283977">
        <ele>503</ele>
        <time>2026-08-18T18:32:19.682Z</time>
      </trkpt>
      <trkpt lat="37.954404" lon="-4.8283845">
        <ele>503</ele>
        <time>2026-08-18T18:32:20.682Z</time>
      </trkpt>
      <trkpt lat="37.954396" lon="-4.8283732">
        <ele>503</ele>
        <time>2026-08-18T18:32:21.682Z</time>
      </trkpt>
      <trkpt lat="37.9543881" lon="-4.8283619">
        <ele>503</ele>
        <time>2026-08-18T18:32:22.682Z</time>
      </trkpt>
      <trkpt lat="37.9543828" lon="-4.8283506">
        <ele>503</ele>
        <time>2026-08-18T18:32:23.682Z</time>
      </trkpt>
      <trkpt lat="37.9543775" lon="-4.8283393">
        <ele>503</ele>
        <time>2026-08-18T18:32:24.682Z</time>
      </trkpt>
      <trkpt lat="37.954375" lon="-4.8283282">
        <ele>503</ele>
        <time>2026-08-18T18:32:25.682Z</time>
      </trkpt>
      <trkpt lat="37.9543726" lon="-4.8283171">
        <ele>503</ele>
        <time>2026-08-18T18:32:26.682Z</time>
      </trkpt>
      <trkpt lat="37.9543726" lon="-4.828304">
        <ele>503</ele>
        <time>2026-08-18T18:32:27.682Z</time>
      </trkpt>
      <trkpt lat="37.9543726" lon="-4.8282909">
        <ele>502</ele>
        <time>2026-08-18T18:32:28.682Z</time>
      </trkpt>
      <trkpt lat="37.9543755" lon="-4.8282763">
        <ele>502</ele>
        <time>2026-08-18T18:32:29.682Z</time>
      </trkpt>
      <trkpt lat="37.9543785" lon="-4.8282617">
        <ele>501</ele>
        <time>2026-08-18T18:32:30.682Z</time>
      </trkpt>
      <trkpt lat="37.9543852" lon="-4.8282463">
        <ele>501</ele>
        <time>2026-08-18T18:32:31.682Z</time>
      </trkpt>
      <trkpt lat="37.9543919" lon="-4.828231">
        <ele>501</ele>
        <time>2026-08-18T18:32:32.682Z</time>
      </trkpt>
      <trkpt lat="37.9543998" lon="-4.8282158">
        <ele>501</ele>
        <time>2026-08-18T18:32:33.682Z</time>
      </trkpt>
      <trkpt lat="37.9544078" lon="-4.8282006">
        <ele>501</ele>
        <time>2026-08-18T18:32:34.682Z</time>
      </trkpt>
      <trkpt lat="37.9544172" lon="-4.828189">
        <ele>502</ele>
        <time>2026-08-18T18:32:35.682Z</time>
      </trkpt>
      <trkpt lat="37.9544267" lon="-4.8281774">
        <ele>502</ele>
        <time>2026-08-18T18:32:36.682Z</time>
      </trkpt>
      <trkpt lat="37.9544383" lon="-4.8281682">
        <ele>502</ele>
        <time>2026-08-18T18:32:37.682Z</time>
      </trkpt>
      <trkpt lat="37.9544499" lon="-4.828159">
        <ele>502</ele>
        <time>2026-08-18T18:32:38.682Z</time>
      </trkpt>
      <trkpt lat="37.9544613" lon="-4.8281517">
        <ele>503</ele>
        <time>2026-08-18T18:32:39.682Z</time>
      </trkpt>
      <trkpt lat="37.9544728" lon="-4.8281444">
        <ele>503</ele>
        <time>2026-08-18T18:32:40.682Z</time>
      </trkpt>
      <trkpt lat="37.9544782" lon="-4.8281412">
        <ele>503</ele>
        <time>2026-08-18T18:32:41.682Z</time>
      </trkpt>
      <trkpt lat="37.9544837" lon="-4.828138">
        <ele>503</ele>
        <time>2026-08-18T18:32:42.682Z</time>
      </trkpt>
      <trkpt lat="37.954481" lon="-4.8281373">
        <ele>503</ele>
        <time>2026-08-18T18:32:43.682Z</time>
      </trkpt>
      <trkpt lat="37.9544784" lon="-4.8281367">
        <ele>503</ele>
        <time>2026-08-18T18:32:44.682Z</time>
      </trkpt>
      <trkpt lat="37.9544624" lon="-4.8281409">
        <ele>499</ele>
        <time>2026-08-18T18:33:17.682Z</time>
      </trkpt>
      <trkpt lat="37.9544603" lon="-4.8281435">
        <ele>499</ele>
        <time>2026-08-18T18:33:18.682Z</time>
      </trkpt>
      <trkpt lat="37.9544582" lon="-4.8281461">
        <ele>499</ele>
        <time>2026-08-18T18:33:19.682Z</time>
      </trkpt>
      <trkpt lat="37.9544641" lon="-4.8281436">
        <ele>499</ele>
        <time>2026-08-18T18:33:20.682Z</time>
      </trkpt>
      <trkpt lat="37.95447" lon="-4.8281411">
        <ele>499</ele>
        <time>2026-08-18T18:33:21.682Z</time>
      </trkpt>
      <trkpt lat="37.9544807" lon="-4.8281331">
        <ele>499</ele>
        <time>2026-08-18T18:33:22.682Z</time>
      </trkpt>
      <trkpt lat="37.9544914" lon="-4.8281251">
        <ele>500</ele>
        <time>2026-08-18T18:33:23.682Z</time>
      </trkpt>
      <trkpt lat="37.9545011" lon="-4.8281134">
        <ele>500</ele>
        <time>2026-08-18T18:33:24.682Z</time>
      </trkpt>
      <trkpt lat="37.9545109" lon="-4.8281017">
        <ele>500</ele>
        <time>2026-08-18T18:33:25.682Z</time>
      </trkpt>
      <trkpt lat="37.9545187" lon="-4.8280871">
        <ele>500</ele>
        <time>2026-08-18T18:33:26.682Z</time>
      </trkpt>
      <trkpt lat="37.9545265" lon="-4.8280726">
        <ele>501</ele>
        <time>2026-08-18T18:33:27.682Z</time>
      </trkpt>
      <trkpt lat="37.9545326" lon="-4.8280554">
        <ele>501</ele>
        <time>2026-08-18T18:33:28.682Z</time>
      </trkpt>
      <trkpt lat="37.9545388" lon="-4.8280383">
        <ele>501</ele>
        <time>2026-08-18T18:33:29.682Z</time>
      </trkpt>
      <trkpt lat="37.9545428" lon="-4.8280202">
        <ele>501</ele>
        <time>2026-08-18T18:33:30.682Z</time>
      </trkpt>
      <trkpt lat="37.9545468" lon="-4.8280021">
        <ele>502</ele>
        <time>2026-08-18T18:33:31.682Z</time>
      </trkpt>
      <trkpt lat="37.9545499" lon="-4.8279862">
        <ele>502</ele>
        <time>2026-08-18T18:33:32.682Z</time>
      </trkpt>
      <trkpt lat="37.954553" lon="-4.8279704">
        <ele>502</ele>
        <time>2026-08-18T18:33:33.682Z</time>
      </trkpt>
      <trkpt lat="37.9545574" lon="-4.8279581">
        <ele>502</ele>
        <time>2026-08-18T18:33:34.682Z</time>
      </trkpt>
      <trkpt lat="37.9545619" lon="-4.8279458">
        <ele>502</ele>
        <time>2026-08-18T18:33:35.682Z</time>
      </trkpt>
      <trkpt lat="37.9545675" lon="-4.8279363">
        <ele>502</ele>
        <time>2026-08-18T18:33:36.682Z</time>
      </trkpt>
      <trkpt lat="37.9545731" lon="-4.8279269">
        <ele>502</ele>
        <time>2026-08-18T18:33:37.682Z</time>
      </trkpt>
      <trkpt lat="37.9545782" lon="-4.8279168">
        <ele>502</ele>
        <time>2026-08-18T18:33:38.682Z</time>
      </trkpt>
      <trkpt lat="37.9545834" lon="-4.8279068">
        <ele>502</ele>
        <time>2026-08-18T18:33:39.682Z</time>
      </trkpt>
      <trkpt lat="37.9545887" lon="-4.8278947">
        <ele>501</ele>
        <time>2026-08-18T18:33:40.682Z</time>
      </trkpt>
      <trkpt lat="37.9545941" lon="-4.8278827">
        <ele>501</ele>
        <time>2026-08-18T18:33:41.682Z</time>
      </trkpt>
      <trkpt lat="37.9546004" lon="-4.8278696">
        <ele>501</ele>
        <time>2026-08-18T18:33:42.682Z</time>
      </trkpt>
      <trkpt lat="37.9546067" lon="-4.8278565">
        <ele>501</ele>
        <time>2026-08-18T18:33:43.682Z</time>
      </trkpt>
      <trkpt lat="37.954613" lon="-4.8278426">
        <ele>501</ele>
        <time>2026-08-18T18:33:44.682Z</time>
      </trkpt>
      <trkpt lat="37.9546193" lon="-4.8278287">
        <ele>501</ele>
        <time>2026-08-18T18:33:45.682Z</time>
      </trkpt>
      <trkpt lat="37.9546262" lon="-4.827813">
        <ele>501</ele>
        <time>2026-08-18T18:33:46.682Z</time>
      </trkpt>
      <trkpt lat="37.9546331" lon="-4.8277974">
        <ele>502</ele>
        <time>2026-08-18T18:33:47.682Z</time>
      </trkpt>
      <trkpt lat="37.9546404" lon="-4.8277822">
        <ele>502</ele>
        <time>2026-08-18T18:33:48.682Z</time>
      </trkpt>
      <trkpt lat="37.9546478" lon="-4.827767">
        <ele>502</ele>
        <time>2026-08-18T18:33:49.682Z</time>
      </trkpt>
      <trkpt lat="37.9546546" lon="-4.8277536">
        <ele>502</ele>
        <time>2026-08-18T18:33:50.682Z</time>
      </trkpt>
      <trkpt lat="37.9546615" lon="-4.8277403">
        <ele>502</ele>
        <time>2026-08-18T18:33:51.682Z</time>
      </trkpt>
      <trkpt lat="37.9546671" lon="-4.8277268">
        <ele>502</ele>
        <time>2026-08-18T18:33:52.682Z</time>
      </trkpt>
      <trkpt lat="37.9546728" lon="-4.8277134">
        <ele>502</ele>
        <time>2026-08-18T18:33:53.682Z</time>
      </trkpt>
      <trkpt lat="37.9546787" lon="-4.8276988">
        <ele>502</ele>
        <time>2026-08-18T18:33:54.682Z</time>
      </trkpt>
      <trkpt lat="37.9546847" lon="-4.8276842">
        <ele>502</ele>
        <time>2026-08-18T18:33:55.682Z</time>
      </trkpt>
      <trkpt lat="37.9546907" lon="-4.8276696">
        <ele>502</ele>
        <time>2026-08-18T18:33:56.682Z</time>
      </trkpt>
      <trkpt lat="37.9546968" lon="-4.8276551">
        <ele>502</ele>
        <time>2026-08-18T18:33:57.682Z</time>
      </trkpt>
      <trkpt lat="37.9547028" lon="-4.8276406">
        <ele>502</ele>
        <time>2026-08-18T18:33:58.682Z</time>
      </trkpt>
      <trkpt lat="37.9547089" lon="-4.8276261">
        <ele>502</ele>
        <time>2026-08-18T18:33:59.682Z</time>
      </trkpt>
      <trkpt lat="37.9547148" lon="-4.827613">
        <ele>502</ele>
        <time>2026-08-18T18:34:00.682Z</time>
      </trkpt>
      <trkpt lat="37.9547208" lon="-4.8275999">
        <ele>502</ele>
        <time>2026-08-18T18:34:01.682Z</time>
      </trkpt>
      <trkpt lat="37.9547263" lon="-4.8275879">
        <ele>502</ele>
        <time>2026-08-18T18:34:02.682Z</time>
      </trkpt>
      <trkpt lat="37.9547318" lon="-4.8275759">
        <ele>502</ele>
        <time>2026-08-18T18:34:03.682Z</time>
      </trkpt>
      <trkpt lat="37.9547371" lon="-4.827564">
        <ele>502</ele>
        <time>2026-08-18T18:34:04.682Z</time>
      </trkpt>
      <trkpt lat="37.9547424" lon="-4.8275521">
        <ele>502</ele>
        <time>2026-08-18T18:34:05.682Z</time>
      </trkpt>
      <trkpt lat="37.9547469" lon="-4.8275388">
        <ele>502</ele>
        <time>2026-08-18T18:34:06.682Z</time>
      </trkpt>
      <trkpt lat="37.9547515" lon="-4.8275255">
        <ele>502</ele>
        <time>2026-08-18T18:34:07.682Z</time>
      </trkpt>
      <trkpt lat="37.9547557" lon="-4.8275111">
        <ele>502</ele>
        <time>2026-08-18T18:34:08.682Z</time>
      </trkpt>
      <trkpt lat="37.95476" lon="-4.8274968">
        <ele>502</ele>
        <time>2026-08-18T18:34:09.682Z</time>
      </trkpt>
      <trkpt lat="37.9547651" lon="-4.8274839">
        <ele>502</ele>
        <time>2026-08-18T18:34:10.682Z</time>
      </trkpt>
      <trkpt lat="37.9547703" lon="-4.827471">
        <ele>502</ele>
        <time>2026-08-18T18:34:11.682Z</time>
      </trkpt>
      <trkpt lat="37.9547763" lon="-4.8274592">
        <ele>502</ele>
        <time>2026-08-18T18:34:12.682Z</time>
      </trkpt>
      <trkpt lat="37.9547824" lon="-4.8274474">
        <ele>502</ele>
        <time>2026-08-18T18:34:13.682Z</time>
      </trkpt>
      <trkpt lat="37.954788" lon="-4.827436">
        <ele>502</ele>
        <time>2026-08-18T18:34:14.682Z</time>
      </trkpt>
      <trkpt lat="37.9547936" lon="-4.8274247">
        <ele>502</ele>
        <time>2026-08-18T18:34:15.682Z</time>
      </trkpt>
      <trkpt lat="37.9547986" lon="-4.827412">
        <ele>502</ele>
        <time>2026-08-18T18:34:16.682Z</time>
      </trkpt>
      <trkpt lat="37.9548036" lon="-4.8273993">
        <ele>502</ele>
        <time>2026-08-18T18:34:17.682Z</time>
      </trkpt>
      <trkpt lat="37.9548084" lon="-4.8273865">
        <ele>502</ele>
        <time>2026-08-18T18:34:18.682Z</time>
      </trkpt>
      <trkpt lat="37.9548132" lon="-4.8273738">
        <ele>503</ele>
        <time>2026-08-18T18:34:19.682Z</time>
      </trkpt>
      <trkpt lat="37.9548184" lon="-4.8273594">
        <ele>503</ele>
        <time>2026-08-18T18:34:20.682Z</time>
      </trkpt>
      <trkpt lat="37.9548237" lon="-4.8273451">
        <ele>503</ele>
        <time>2026-08-18T18:34:21.682Z</time>
      </trkpt>
      <trkpt lat="37.954831" lon="-4.8273306">
        <ele>503</ele>
        <time>2026-08-18T18:34:22.682Z</time>
      </trkpt>
      <trkpt lat="37.9548384" lon="-4.8273161">
        <ele>504</ele>
        <time>2026-08-18T18:34:23.682Z</time>
      </trkpt>
      <trkpt lat="37.9548478" lon="-4.8273032">
        <ele>503</ele>
        <time>2026-08-18T18:34:24.682Z</time>
      </trkpt>
      <trkpt lat="37.9548573" lon="-4.8272904">
        <ele>503</ele>
        <time>2026-08-18T18:34:25.682Z</time>
      </trkpt>
      <trkpt lat="37.9548694" lon="-4.827279">
        <ele>503</ele>
        <time>2026-08-18T18:34:26.682Z</time>
      </trkpt>
      <trkpt lat="37.9548815" lon="-4.8272676">
        <ele>503</ele>
        <time>2026-08-18T18:34:27.682Z</time>
      </trkpt>
      <trkpt lat="37.954894" lon="-4.8272578">
        <ele>503</ele>
        <time>2026-08-18T18:34:28.682Z</time>
      </trkpt>
      <trkpt lat="37.9549066" lon="-4.8272481">
        <ele>503</ele>
        <time>2026-08-18T18:34:29.682Z</time>
      </trkpt>
      <trkpt lat="37.9549179" lon="-4.8272372">
        <ele>503</ele>
        <time>2026-08-18T18:34:30.682Z</time>
      </trkpt>
      <trkpt lat="37.9549292" lon="-4.8272264">
        <ele>503</ele>
        <time>2026-08-18T18:34:31.682Z</time>
      </trkpt>
      <trkpt lat="37.9549391" lon="-4.8272145">
        <ele>503</ele>
        <time>2026-08-18T18:34:32.682Z</time>
      </trkpt>
      <trkpt lat="37.9549491" lon="-4.8272026">
        <ele>503</ele>
        <time>2026-08-18T18:34:33.682Z</time>
      </trkpt>
      <trkpt lat="37.9549581" lon="-4.8271907">
        <ele>503</ele>
        <time>2026-08-18T18:34:34.682Z</time>
      </trkpt>
      <trkpt lat="37.9549672" lon="-4.8271789">
        <ele>503</ele>
        <time>2026-08-18T18:34:35.682Z</time>
      </trkpt>
      <trkpt lat="37.9549753" lon="-4.8271688">
        <ele>503</ele>
        <time>2026-08-18T18:34:36.682Z</time>
      </trkpt>
      <trkpt lat="37.9549834" lon="-4.8271587">
        <ele>503</ele>
        <time>2026-08-18T18:34:37.682Z</time>
      </trkpt>
      <trkpt lat="37.9549902" lon="-4.827148">
        <ele>503</ele>
        <time>2026-08-18T18:34:38.682Z</time>
      </trkpt>
      <trkpt lat="37.9549971" lon="-4.8271374">
        <ele>503</ele>
        <time>2026-08-18T18:34:39.682Z</time>
      </trkpt>
      <trkpt lat="37.9550023" lon="-4.8271242">
        <ele>503</ele>
        <time>2026-08-18T18:34:40.682Z</time>
      </trkpt>
      <trkpt lat="37.9550075" lon="-4.827111">
        <ele>503</ele>
        <time>2026-08-18T18:34:41.682Z</time>
      </trkpt>
      <trkpt lat="37.9550113" lon="-4.8270964">
        <ele>503</ele>
        <time>2026-08-18T18:34:42.682Z</time>
      </trkpt>
      <trkpt lat="37.9550151" lon="-4.8270819">
        <ele>503</ele>
        <time>2026-08-18T18:34:43.682Z</time>
      </trkpt>
      <trkpt lat="37.9550194" lon="-4.8270672">
        <ele>503</ele>
        <time>2026-08-18T18:34:44.682Z</time>
      </trkpt>
      <trkpt lat="37.9550237" lon="-4.8270526">
        <ele>503</ele>
        <time>2026-08-18T18:34:45.682Z</time>
      </trkpt>
      <trkpt lat="37.9550287" lon="-4.8270395">
        <ele>503</ele>
        <time>2026-08-18T18:34:46.682Z</time>
      </trkpt>
      <trkpt lat="37.9550337" lon="-4.8270265">
        <ele>504</ele>
        <time>2026-08-18T18:34:47.682Z</time>
      </trkpt>
      <trkpt lat="37.9550396" lon="-4.8270165">
        <ele>504</ele>
        <time>2026-08-18T18:34:48.682Z</time>
      </trkpt>
      <trkpt lat="37.9550455" lon="-4.8270065">
        <ele>504</ele>
        <time>2026-08-18T18:34:49.682Z</time>
      </trkpt>
      <trkpt lat="37.9550534" lon="-4.8269983">
        <ele>504</ele>
        <time>2026-08-18T18:34:50.682Z</time>
      </trkpt>
      <trkpt lat="37.9550614" lon="-4.8269902">
        <ele>504</ele>
        <time>2026-08-18T18:34:51.682Z</time>
      </trkpt>
      <trkpt lat="37.9550714" lon="-4.8269817">
        <ele>504</ele>
        <time>2026-08-18T18:34:52.682Z</time>
      </trkpt>
      <trkpt lat="37.9550814" lon="-4.8269732">
        <ele>504</ele>
        <time>2026-08-18T18:34:53.682Z</time>
      </trkpt>
      <trkpt lat="37.9550928" lon="-4.8269643">
        <ele>504</ele>
        <time>2026-08-18T18:34:54.682Z</time>
      </trkpt>
      <trkpt lat="37.9551043" lon="-4.8269555">
        <ele>505</ele>
        <time>2026-08-18T18:34:55.682Z</time>
      </trkpt>
      <trkpt lat="37.9551166" lon="-4.8269454">
        <ele>505</ele>
        <time>2026-08-18T18:34:56.682Z</time>
      </trkpt>
      <trkpt lat="37.9551289" lon="-4.8269353">
        <ele>505</ele>
        <time>2026-08-18T18:34:57.682Z</time>
      </trkpt>
      <trkpt lat="37.9551408" lon="-4.8269234">
        <ele>505</ele>
        <time>2026-08-18T18:34:58.682Z</time>
      </trkpt>
      <trkpt lat="37.9551528" lon="-4.8269116">
        <ele>505</ele>
        <time>2026-08-18T18:34:59.682Z</time>
      </trkpt>
      <trkpt lat="37.9551634" lon="-4.8269001">
        <ele>505</ele>
        <time>2026-08-18T18:35:00.682Z</time>
      </trkpt>
      <trkpt lat="37.955174" lon="-4.8268886">
        <ele>505</ele>
        <time>2026-08-18T18:35:01.682Z</time>
      </trkpt>
      <trkpt lat="37.9551838" lon="-4.8268778">
        <ele>505</ele>
        <time>2026-08-18T18:35:02.682Z</time>
      </trkpt>
      <trkpt lat="37.9551936" lon="-4.8268671">
        <ele>505</ele>
        <time>2026-08-18T18:35:03.682Z</time>
      </trkpt>
      <trkpt lat="37.955201" lon="-4.8268552">
        <ele>505</ele>
        <time>2026-08-18T18:35:04.682Z</time>
      </trkpt>
      <trkpt lat="37.9552085" lon="-4.8268434">
        <ele>505</ele>
        <time>2026-08-18T18:35:05.682Z</time>
      </trkpt>
      <trkpt lat="37.9552145" lon="-4.8268306">
        <ele>505</ele>
        <time>2026-08-18T18:35:06.682Z</time>
      </trkpt>
      <trkpt lat="37.9552205" lon="-4.8268178">
        <ele>505</ele>
        <time>2026-08-18T18:35:07.682Z</time>
      </trkpt>
      <trkpt lat="37.9552263" lon="-4.8268033">
        <ele>505</ele>
        <time>2026-08-18T18:35:08.682Z</time>
      </trkpt>
      <trkpt lat="37.9552321" lon="-4.8267889">
        <ele>505</ele>
        <time>2026-08-18T18:35:09.682Z</time>
      </trkpt>
      <trkpt lat="37.955238" lon="-4.8267728">
        <ele>505</ele>
        <time>2026-08-18T18:35:10.682Z</time>
      </trkpt>
      <trkpt lat="37.9552439" lon="-4.8267567">
        <ele>505</ele>
        <time>2026-08-18T18:35:11.682Z</time>
      </trkpt>
      <trkpt lat="37.9552499" lon="-4.8267412">
        <ele>505</ele>
        <time>2026-08-18T18:35:12.682Z</time>
      </trkpt>
      <trkpt lat="37.9552559" lon="-4.8267257">
        <ele>505</ele>
        <time>2026-08-18T18:35:13.682Z</time>
      </trkpt>
      <trkpt lat="37.9552606" lon="-4.8267112">
        <ele>505</ele>
        <time>2026-08-18T18:35:14.682Z</time>
      </trkpt>
      <trkpt lat="37.9552654" lon="-4.8266967">
        <ele>505</ele>
        <time>2026-08-18T18:35:15.682Z</time>
      </trkpt>
      <trkpt lat="37.9552681" lon="-4.8266807">
        <ele>505</ele>
        <time>2026-08-18T18:35:16.682Z</time>
      </trkpt>
      <trkpt lat="37.9552708" lon="-4.8266647">
        <ele>505</ele>
        <time>2026-08-18T18:35:17.682Z</time>
      </trkpt>
      <trkpt lat="37.9552726" lon="-4.8266483">
        <ele>505</ele>
        <time>2026-08-18T18:35:18.682Z</time>
      </trkpt>
      <trkpt lat="37.9552745" lon="-4.8266319">
        <ele>506</ele>
        <time>2026-08-18T18:35:19.682Z</time>
      </trkpt>
      <trkpt lat="37.9552745" lon="-4.8266164">
        <ele>506</ele>
        <time>2026-08-18T18:35:20.682Z</time>
      </trkpt>
      <trkpt lat="37.9552746" lon="-4.8266009">
        <ele>506</ele>
        <time>2026-08-18T18:35:21.682Z</time>
      </trkpt>
      <trkpt lat="37.9552744" lon="-4.8265852">
        <ele>506</ele>
        <time>2026-08-18T18:35:22.682Z</time>
      </trkpt>
      <trkpt lat="37.9552743" lon="-4.8265695">
        <ele>506</ele>
        <time>2026-08-18T18:35:23.682Z</time>
      </trkpt>
      <trkpt lat="37.9552753" lon="-4.8265539">
        <ele>506</ele>
        <time>2026-08-18T18:35:24.682Z</time>
      </trkpt>
      <trkpt lat="37.9552763" lon="-4.8265383">
        <ele>506</ele>
        <time>2026-08-18T18:35:25.682Z</time>
      </trkpt>
      <trkpt lat="37.9552778" lon="-4.8265232">
        <ele>506</ele>
        <time>2026-08-18T18:35:26.682Z</time>
      </trkpt>
      <trkpt lat="37.9552794" lon="-4.8265081">
        <ele>506</ele>
        <time>2026-08-18T18:35:27.682Z</time>
      </trkpt>
      <trkpt lat="37.9552809" lon="-4.8264932">
        <ele>506</ele>
        <time>2026-08-18T18:35:28.682Z</time>
      </trkpt>
      <trkpt lat="37.9552824" lon="-4.8264784">
        <ele>506</ele>
        <time>2026-08-18T18:35:29.682Z</time>
      </trkpt>
      <trkpt lat="37.9552834" lon="-4.8264646">
        <ele>506</ele>
        <time>2026-08-18T18:35:30.682Z</time>
      </trkpt>
      <trkpt lat="37.9552844" lon="-4.8264509">
        <ele>507</ele>
        <time>2026-08-18T18:35:31.682Z</time>
      </trkpt>
      <trkpt lat="37.9552838" lon="-4.826437">
        <ele>507</ele>
        <time>2026-08-18T18:35:32.682Z</time>
      </trkpt>
      <trkpt lat="37.9552833" lon="-4.8264232">
        <ele>507</ele>
        <time>2026-08-18T18:35:33.682Z</time>
      </trkpt>
      <trkpt lat="37.9552811" lon="-4.8264091">
        <ele>507</ele>
        <time>2026-08-18T18:35:34.682Z</time>
      </trkpt>
      <trkpt lat="37.955279" lon="-4.8263951">
        <ele>507</ele>
        <time>2026-08-18T18:35:35.682Z</time>
      </trkpt>
      <trkpt lat="37.9552745" lon="-4.82638">
        <ele>507</ele>
        <time>2026-08-18T18:35:36.682Z</time>
      </trkpt>
      <trkpt lat="37.95527" lon="-4.826365">
        <ele>507</ele>
        <time>2026-08-18T18:35:37.682Z</time>
      </trkpt>
      <trkpt lat="37.9552646" lon="-4.8263496">
        <ele>507</ele>
        <time>2026-08-18T18:35:38.682Z</time>
      </trkpt>
      <trkpt lat="37.9552592" lon="-4.8263343">
        <ele>508</ele>
        <time>2026-08-18T18:35:39.682Z</time>
      </trkpt>
      <trkpt lat="37.955254" lon="-4.8263189">
        <ele>508</ele>
        <time>2026-08-18T18:35:40.682Z</time>
      </trkpt>
      <trkpt lat="37.9552489" lon="-4.8263036">
        <ele>508</ele>
        <time>2026-08-18T18:35:41.682Z</time>
      </trkpt>
      <trkpt lat="37.9552449" lon="-4.8262886">
        <ele>508</ele>
        <time>2026-08-18T18:35:42.682Z</time>
      </trkpt>
      <trkpt lat="37.955241" lon="-4.8262736">
        <ele>509</ele>
        <time>2026-08-18T18:35:43.682Z</time>
      </trkpt>
      <trkpt lat="37.955236" lon="-4.8262603">
        <ele>509</ele>
        <time>2026-08-18T18:35:44.682Z</time>
      </trkpt>
      <trkpt lat="37.955231" lon="-4.826247">
        <ele>509</ele>
        <time>2026-08-18T18:35:45.682Z</time>
      </trkpt>
      <trkpt lat="37.9552238" lon="-4.8262348">
        <ele>509</ele>
        <time>2026-08-18T18:35:46.682Z</time>
      </trkpt>
      <trkpt lat="37.9552167" lon="-4.8262226">
        <ele>509</ele>
        <time>2026-08-18T18:35:47.682Z</time>
      </trkpt>
      <trkpt lat="37.9552083" lon="-4.8262114">
        <ele>509</ele>
        <time>2026-08-18T18:35:48.682Z</time>
      </trkpt>
      <trkpt lat="37.9552" lon="-4.8262003">
        <ele>509</ele>
        <time>2026-08-18T18:35:49.682Z</time>
      </trkpt>
      <trkpt lat="37.9551934" lon="-4.8261909">
        <ele>509</ele>
        <time>2026-08-18T18:35:50.682Z</time>
      </trkpt>
      <trkpt lat="37.9551869" lon="-4.8261815">
        <ele>509</ele>
        <time>2026-08-18T18:35:51.682Z</time>
      </trkpt>
      <trkpt lat="37.9551824" lon="-4.8261717">
        <ele>509</ele>
        <time>2026-08-18T18:35:52.682Z</time>
      </trkpt>
      <trkpt lat="37.9551779" lon="-4.826162">
        <ele>509</ele>
        <time>2026-08-18T18:35:53.682Z</time>
      </trkpt>
      <trkpt lat="37.9551738" lon="-4.826152">
        <ele>509</ele>
        <time>2026-08-18T18:35:54.682Z</time>
      </trkpt>
      <trkpt lat="37.9551697" lon="-4.826142">
        <ele>509</ele>
        <time>2026-08-18T18:35:55.682Z</time>
      </trkpt>
      <trkpt lat="37.9551651" lon="-4.8261306">
        <ele>509</ele>
        <time>2026-08-18T18:35:56.682Z</time>
      </trkpt>
      <trkpt lat="37.9551606" lon="-4.8261193">
        <ele>509</ele>
        <time>2026-08-18T18:35:57.682Z</time>
      </trkpt>
      <trkpt lat="37.9551564" lon="-4.8261082">
        <ele>509</ele>
        <time>2026-08-18T18:35:58.682Z</time>
      </trkpt>
      <trkpt lat="37.9551522" lon="-4.8260971">
        <ele>509</ele>
        <time>2026-08-18T18:35:59.682Z</time>
      </trkpt>
      <trkpt lat="37.955149" lon="-4.8260861">
        <ele>509</ele>
        <time>2026-08-18T18:36:00.682Z</time>
      </trkpt>
      <trkpt lat="37.9551458" lon="-4.8260751">
        <ele>509</ele>
        <time>2026-08-18T18:36:01.682Z</time>
      </trkpt>
      <trkpt lat="37.9551428" lon="-4.8260635">
        <ele>509</ele>
        <time>2026-08-18T18:36:02.682Z</time>
      </trkpt>
      <trkpt lat="37.9551399" lon="-4.8260519">
        <ele>509</ele>
        <time>2026-08-18T18:36:03.682Z</time>
      </trkpt>
      <trkpt lat="37.9551372" lon="-4.826039">
        <ele>509</ele>
        <time>2026-08-18T18:36:04.682Z</time>
      </trkpt>
      <trkpt lat="37.9551346" lon="-4.8260262">
        <ele>509</ele>
        <time>2026-08-18T18:36:05.682Z</time>
      </trkpt>
      <trkpt lat="37.9551333" lon="-4.826011">
        <ele>509</ele>
        <time>2026-08-18T18:36:06.682Z</time>
      </trkpt>
      <trkpt lat="37.9551321" lon="-4.8259959">
        <ele>509</ele>
        <time>2026-08-18T18:36:07.682Z</time>
      </trkpt>
      <trkpt lat="37.9551326" lon="-4.8259795">
        <ele>509</ele>
        <time>2026-08-18T18:36:08.682Z</time>
      </trkpt>
      <trkpt lat="37.9551332" lon="-4.8259631">
        <ele>509</ele>
        <time>2026-08-18T18:36:09.682Z</time>
      </trkpt>
      <trkpt lat="37.9551342" lon="-4.8259476">
        <ele>509</ele>
        <time>2026-08-18T18:36:10.682Z</time>
      </trkpt>
      <trkpt lat="37.9551353" lon="-4.8259321">
        <ele>510</ele>
        <time>2026-08-18T18:36:11.682Z</time>
      </trkpt>
      <trkpt lat="37.9551357" lon="-4.825918">
        <ele>510</ele>
        <time>2026-08-18T18:36:12.682Z</time>
      </trkpt>
      <trkpt lat="37.9551362" lon="-4.8259039">
        <ele>510</ele>
        <time>2026-08-18T18:36:13.682Z</time>
      </trkpt>
      <trkpt lat="37.9551354" lon="-4.8258898">
        <ele>510</ele>
        <time>2026-08-18T18:36:14.682Z</time>
      </trkpt>
      <trkpt lat="37.9551347" lon="-4.8258758">
        <ele>510</ele>
        <time>2026-08-18T18:36:15.682Z</time>
      </trkpt>
      <trkpt lat="37.9551351" lon="-4.8258618">
        <ele>509</ele>
        <time>2026-08-18T18:36:16.682Z</time>
      </trkpt>
      <trkpt lat="37.9551356" lon="-4.8258478">
        <ele>509</ele>
        <time>2026-08-18T18:36:17.682Z</time>
      </trkpt>
      <trkpt lat="37.9551377" lon="-4.8258347">
        <ele>509</ele>
        <time>2026-08-18T18:36:18.682Z</time>
      </trkpt>
      <trkpt lat="37.9551398" lon="-4.8258216">
        <ele>509</ele>
        <time>2026-08-18T18:36:19.682Z</time>
      </trkpt>
      <trkpt lat="37.955142" lon="-4.8258155">
        <ele>509</ele>
        <time>2026-08-18T18:36:20.682Z</time>
      </trkpt>
      <trkpt lat="37.9551443" lon="-4.8258095">
        <ele>509</ele>
        <time>2026-08-18T18:36:21.682Z</time>
      </trkpt>
      <trkpt lat="37.9551508" lon="-4.8257985">
        <ele>509</ele>
        <time>2026-08-18T18:36:22.682Z</time>
      </trkpt>
      <trkpt lat="37.9551573" lon="-4.8257875">
        <ele>509</ele>
        <time>2026-08-18T18:36:23.682Z</time>
      </trkpt>
      <trkpt lat="37.9551638" lon="-4.825775">
        <ele>509</ele>
        <time>2026-08-18T18:36:24.682Z</time>
      </trkpt>
      <trkpt lat="37.9551704" lon="-4.8257626">
        <ele>509</ele>
        <time>2026-08-18T18:36:25.682Z</time>
      </trkpt>
      <trkpt lat="37.9551761" lon="-4.8257487">
        <ele>509</ele>
        <time>2026-08-18T18:36:26.682Z</time>
      </trkpt>
      <trkpt lat="37.9551818" lon="-4.8257349">
        <ele>509</ele>
        <time>2026-08-18T18:36:27.682Z</time>
      </trkpt>
      <trkpt lat="37.9551878" lon="-4.8257222">
        <ele>509</ele>
        <time>2026-08-18T18:36:28.682Z</time>
      </trkpt>
      <trkpt lat="37.9551939" lon="-4.8257096">
        <ele>509</ele>
        <time>2026-08-18T18:36:29.682Z</time>
      </trkpt>
      <trkpt lat="37.9552001" lon="-4.8256995">
        <ele>509</ele>
        <time>2026-08-18T18:36:30.682Z</time>
      </trkpt>
      <trkpt lat="37.9552064" lon="-4.8256895">
        <ele>509</ele>
        <time>2026-08-18T18:36:31.682Z</time>
      </trkpt>
      <trkpt lat="37.9552132" lon="-4.8256807">
        <ele>509</ele>
        <time>2026-08-18T18:36:32.682Z</time>
      </trkpt>
      <trkpt lat="37.95522" lon="-4.825672">
        <ele>509</ele>
        <time>2026-08-18T18:36:33.682Z</time>
      </trkpt>
      <trkpt lat="37.9552251" lon="-4.825665">
        <ele>509</ele>
        <time>2026-08-18T18:36:34.682Z</time>
      </trkpt>
      <trkpt lat="37.9552303" lon="-4.825658">
        <ele>509</ele>
        <time>2026-08-18T18:36:35.682Z</time>
      </trkpt>
      <trkpt lat="37.9552353" lon="-4.8256519">
        <ele>509</ele>
        <time>2026-08-18T18:36:36.682Z</time>
      </trkpt>
      <trkpt lat="37.9552403" lon="-4.8256458">
        <ele>509</ele>
        <time>2026-08-18T18:36:37.682Z</time>
      </trkpt>
      <trkpt lat="37.955248" lon="-4.8256391">
        <ele>509</ele>
        <time>2026-08-18T18:36:38.682Z</time>
      </trkpt>
      <trkpt lat="37.9552557" lon="-4.8256325">
        <ele>509</ele>
        <time>2026-08-18T18:36:39.682Z</time>
      </trkpt>
      <trkpt lat="37.9552638" lon="-4.8256255">
        <ele>509</ele>
        <time>2026-08-18T18:36:40.682Z</time>
      </trkpt>
      <trkpt lat="37.955272" lon="-4.8256185">
        <ele>509</ele>
        <time>2026-08-18T18:36:41.682Z</time>
      </trkpt>
      <trkpt lat="37.9552794" lon="-4.8256121">
        <ele>509</ele>
        <time>2026-08-18T18:36:42.682Z</time>
      </trkpt>
      <trkpt lat="37.9552869" lon="-4.8256058">
        <ele>509</ele>
        <time>2026-08-18T18:36:43.682Z</time>
      </trkpt>
      <trkpt lat="37.9552952" lon="-4.8256">
        <ele>508</ele>
        <time>2026-08-18T18:36:44.682Z</time>
      </trkpt>
      <trkpt lat="37.9553035" lon="-4.8255942">
        <ele>508</ele>
        <time>2026-08-18T18:36:45.682Z</time>
      </trkpt>
      <trkpt lat="37.9553112" lon="-4.8255893">
        <ele>508</ele>
        <time>2026-08-18T18:36:46.682Z</time>
      </trkpt>
      <trkpt lat="37.955319" lon="-4.8255845">
        <ele>508</ele>
        <time>2026-08-18T18:36:47.682Z</time>
      </trkpt>
      <trkpt lat="37.9553249" lon="-4.8255792">
        <ele>508</ele>
        <time>2026-08-18T18:36:48.682Z</time>
      </trkpt>
      <trkpt lat="37.9553309" lon="-4.825574">
        <ele>508</ele>
        <time>2026-08-18T18:36:49.682Z</time>
      </trkpt>
      <trkpt lat="37.9553355" lon="-4.8255677">
        <ele>508</ele>
        <time>2026-08-18T18:36:50.682Z</time>
      </trkpt>
      <trkpt lat="37.9553402" lon="-4.8255615">
        <ele>508</ele>
        <time>2026-08-18T18:36:51.682Z</time>
      </trkpt>
      <trkpt lat="37.9553457" lon="-4.8255546">
        <ele>508</ele>
        <time>2026-08-18T18:36:52.682Z</time>
      </trkpt>
      <trkpt lat="37.9553513" lon="-4.8255478">
        <ele>508</ele>
        <time>2026-08-18T18:36:53.682Z</time>
      </trkpt>
      <trkpt lat="37.9553584" lon="-4.8255399">
        <ele>508</ele>
        <time>2026-08-18T18:36:54.682Z</time>
      </trkpt>
      <trkpt lat="37.9553655" lon="-4.8255321">
        <ele>508</ele>
        <time>2026-08-18T18:36:55.682Z</time>
      </trkpt>
      <trkpt lat="37.9553729" lon="-4.8255237">
        <ele>508</ele>
        <time>2026-08-18T18:36:56.682Z</time>
      </trkpt>
      <trkpt lat="37.9553804" lon="-4.8255153">
        <ele>508</ele>
        <time>2026-08-18T18:36:57.682Z</time>
      </trkpt>
      <trkpt lat="37.9553893" lon="-4.8255068">
        <ele>508</ele>
        <time>2026-08-18T18:36:58.682Z</time>
      </trkpt>
      <trkpt lat="37.9553983" lon="-4.8254983">
        <ele>509</ele>
        <time>2026-08-18T18:36:59.682Z</time>
      </trkpt>
      <trkpt lat="37.9554101" lon="-4.8254911">
        <ele>509</ele>
        <time>2026-08-18T18:37:00.682Z</time>
      </trkpt>
      <trkpt lat="37.955422" lon="-4.8254839">
        <ele>509</ele>
        <time>2026-08-18T18:37:01.682Z</time>
      </trkpt>
      <trkpt lat="37.9554339" lon="-4.825477">
        <ele>509</ele>
        <time>2026-08-18T18:37:02.682Z</time>
      </trkpt>
      <trkpt lat="37.9554459" lon="-4.8254701">
        <ele>509</ele>
        <time>2026-08-18T18:37:03.682Z</time>
      </trkpt>
      <trkpt lat="37.9554573" lon="-4.8254632">
        <ele>509</ele>
        <time>2026-08-18T18:37:04.682Z</time>
      </trkpt>
      <trkpt lat="37.9554688" lon="-4.8254563">
        <ele>509</ele>
        <time>2026-08-18T18:37:05.682Z</time>
      </trkpt>
      <trkpt lat="37.9554792" lon="-4.8254492">
        <ele>509</ele>
        <time>2026-08-18T18:37:06.682Z</time>
      </trkpt>
      <trkpt lat="37.9554897" lon="-4.8254422">
        <ele>510</ele>
        <time>2026-08-18T18:37:07.682Z</time>
      </trkpt>
      <trkpt lat="37.9554988" lon="-4.8254358">
        <ele>510</ele>
        <time>2026-08-18T18:37:08.682Z</time>
      </trkpt>
      <trkpt lat="37.955508" lon="-4.8254295">
        <ele>510</ele>
        <time>2026-08-18T18:37:09.682Z</time>
      </trkpt>
      <trkpt lat="37.9555159" lon="-4.8254232">
        <ele>510</ele>
        <time>2026-08-18T18:37:10.682Z</time>
      </trkpt>
      <trkpt lat="37.9555238" lon="-4.8254169">
        <ele>510</ele>
        <time>2026-08-18T18:37:11.682Z</time>
      </trkpt>
      <trkpt lat="37.9555306" lon="-4.8254107">
        <ele>510</ele>
        <time>2026-08-18T18:37:12.682Z</time>
      </trkpt>
      <trkpt lat="37.9555375" lon="-4.8254046">
        <ele>510</ele>
        <time>2026-08-18T18:37:13.682Z</time>
      </trkpt>
      <trkpt lat="37.9555445" lon="-4.8253974">
        <ele>510</ele>
        <time>2026-08-18T18:37:14.682Z</time>
      </trkpt>
      <trkpt lat="37.9555515" lon="-4.8253903">
        <ele>511</ele>
        <time>2026-08-18T18:37:15.682Z</time>
      </trkpt>
      <trkpt lat="37.9555604" lon="-4.8253826">
        <ele>511</ele>
        <time>2026-08-18T18:37:16.682Z</time>
      </trkpt>
      <trkpt lat="37.9555694" lon="-4.825375">
        <ele>511</ele>
        <time>2026-08-18T18:37:17.682Z</time>
      </trkpt>
      <trkpt lat="37.95558" lon="-4.8253669">
        <ele>511</ele>
        <time>2026-08-18T18:37:18.682Z</time>
      </trkpt>
      <trkpt lat="37.9555907" lon="-4.8253589">
        <ele>511</ele>
        <time>2026-08-18T18:37:19.682Z</time>
      </trkpt>
      <trkpt lat="37.9556007" lon="-4.8253516">
        <ele>511</ele>
        <time>2026-08-18T18:37:20.682Z</time>
      </trkpt>
      <trkpt lat="37.9556107" lon="-4.8253444">
        <ele>511</ele>
        <time>2026-08-18T18:37:21.682Z</time>
      </trkpt>
      <trkpt lat="37.9556198" lon="-4.825339">
        <ele>511</ele>
        <time>2026-08-18T18:37:22.682Z</time>
      </trkpt>
      <trkpt lat="37.955629" lon="-4.8253337">
        <ele>511</ele>
        <time>2026-08-18T18:37:23.682Z</time>
      </trkpt>
      <trkpt lat="37.9556379" lon="-4.8253289">
        <ele>511</ele>
        <time>2026-08-18T18:37:24.682Z</time>
      </trkpt>
      <trkpt lat="37.9556468" lon="-4.8253242">
        <ele>511</ele>
        <time>2026-08-18T18:37:25.682Z</time>
      </trkpt>
      <trkpt lat="37.9556556" lon="-4.8253177">
        <ele>511</ele>
        <time>2026-08-18T18:37:26.682Z</time>
      </trkpt>
      <trkpt lat="37.9556645" lon="-4.8253112">
        <ele>511</ele>
        <time>2026-08-18T18:37:27.682Z</time>
      </trkpt>
      <trkpt lat="37.9556726" lon="-4.8253028">
        <ele>511</ele>
        <time>2026-08-18T18:37:28.682Z</time>
      </trkpt>
      <trkpt lat="37.9556808" lon="-4.8252944">
        <ele>511</ele>
        <time>2026-08-18T18:37:29.682Z</time>
      </trkpt>
      <trkpt lat="37.9556864" lon="-4.8252839">
        <ele>511</ele>
        <time>2026-08-18T18:37:30.682Z</time>
      </trkpt>
      <trkpt lat="37.9556921" lon="-4.8252735">
        <ele>511</ele>
        <time>2026-08-18T18:37:31.682Z</time>
      </trkpt>
      <trkpt lat="37.9556959" lon="-4.8252611">
        <ele>511</ele>
        <time>2026-08-18T18:37:32.682Z</time>
      </trkpt>
      <trkpt lat="37.9556997" lon="-4.8252488">
        <ele>511</ele>
        <time>2026-08-18T18:37:33.682Z</time>
      </trkpt>
      <trkpt lat="37.9557018" lon="-4.8252362">
        <ele>511</ele>
        <time>2026-08-18T18:37:34.682Z</time>
      </trkpt>
      <trkpt lat="37.9557039" lon="-4.8252237">
        <ele>511</ele>
        <time>2026-08-18T18:37:35.682Z</time>
      </trkpt>
      <trkpt lat="37.9557047" lon="-4.8252129">
        <ele>511</ele>
        <time>2026-08-18T18:37:36.682Z</time>
      </trkpt>
      <trkpt lat="37.9557056" lon="-4.8252021">
        <ele>511</ele>
        <time>2026-08-18T18:37:37.682Z</time>
      </trkpt>
      <trkpt lat="37.9557045" lon="-4.8251903">
        <ele>511</ele>
        <time>2026-08-18T18:37:38.682Z</time>
      </trkpt>
      <trkpt lat="37.9557035" lon="-4.8251786">
        <ele>511</ele>
        <time>2026-08-18T18:37:39.682Z</time>
      </trkpt>
      <trkpt lat="37.9557009" lon="-4.8251645">
        <ele>511</ele>
        <time>2026-08-18T18:37:40.682Z</time>
      </trkpt>
      <trkpt lat="37.9556983" lon="-4.8251505">
        <ele>511</ele>
        <time>2026-08-18T18:37:41.682Z</time>
      </trkpt>
      <trkpt lat="37.9556937" lon="-4.8251354">
        <ele>511</ele>
        <time>2026-08-18T18:37:42.682Z</time>
      </trkpt>
      <trkpt lat="37.9556892" lon="-4.8251203">
        <ele>511</ele>
        <time>2026-08-18T18:37:43.682Z</time>
      </trkpt>
      <trkpt lat="37.9556832" lon="-4.8251067">
        <ele>511</ele>
        <time>2026-08-18T18:37:44.682Z</time>
      </trkpt>
      <trkpt lat="37.9556772" lon="-4.8250932">
        <ele>511</ele>
        <time>2026-08-18T18:37:45.682Z</time>
      </trkpt>
      <trkpt lat="37.9556708" lon="-4.8250823">
        <ele>511</ele>
        <time>2026-08-18T18:37:46.682Z</time>
      </trkpt>
      <trkpt lat="37.9556644" lon="-4.8250715">
        <ele>511</ele>
        <time>2026-08-18T18:37:47.682Z</time>
      </trkpt>
      <trkpt lat="37.9556583" lon="-4.8250617">
        <ele>511</ele>
        <time>2026-08-18T18:37:48.682Z</time>
      </trkpt>
      <trkpt lat="37.9556523" lon="-4.8250519">
        <ele>511</ele>
        <time>2026-08-18T18:37:49.682Z</time>
      </trkpt>
      <trkpt lat="37.9556459" lon="-4.8250422">
        <ele>511</ele>
        <time>2026-08-18T18:37:50.682Z</time>
      </trkpt>
      <trkpt lat="37.9556395" lon="-4.8250325">
        <ele>512</ele>
        <time>2026-08-18T18:37:51.682Z</time>
      </trkpt>
      <trkpt lat="37.955633" lon="-4.8250237">
        <ele>512</ele>
        <time>2026-08-18T18:37:52.682Z</time>
      </trkpt>
      <trkpt lat="37.9556265" lon="-4.825015">
        <ele>512</ele>
        <time>2026-08-18T18:37:53.682Z</time>
      </trkpt>
      <trkpt lat="37.9556184" lon="-4.8250077">
        <ele>512</ele>
        <time>2026-08-18T18:37:54.682Z</time>
      </trkpt>
      <trkpt lat="37.9556104" lon="-4.8250004">
        <ele>513</ele>
        <time>2026-08-18T18:37:55.682Z</time>
      </trkpt>
      <trkpt lat="37.9556023" lon="-4.8249942">
        <ele>513</ele>
        <time>2026-08-18T18:37:56.682Z</time>
      </trkpt>
      <trkpt lat="37.9555943" lon="-4.8249881">
        <ele>513</ele>
        <time>2026-08-18T18:37:57.682Z</time>
      </trkpt>
      <trkpt lat="37.9555869" lon="-4.8249806">
        <ele>513</ele>
        <time>2026-08-18T18:37:58.682Z</time>
      </trkpt>
      <trkpt lat="37.9555796" lon="-4.8249732">
        <ele>513</ele>
        <time>2026-08-18T18:37:59.682Z</time>
      </trkpt>
      <trkpt lat="37.9555729" lon="-4.8249642">
        <ele>513</ele>
        <time>2026-08-18T18:38:00.682Z</time>
      </trkpt>
      <trkpt lat="37.9555662" lon="-4.8249553">
        <ele>513</ele>
        <time>2026-08-18T18:38:01.682Z</time>
      </trkpt>
      <trkpt lat="37.9555634" lon="-4.8249456">
        <ele>513</ele>
        <time>2026-08-18T18:38:02.682Z</time>
      </trkpt>
      <trkpt lat="37.9555606" lon="-4.8249359">
        <ele>513</ele>
        <time>2026-08-18T18:38:03.682Z</time>
      </trkpt>
      <trkpt lat="37.9555614" lon="-4.8249243">
        <ele>513</ele>
        <time>2026-08-18T18:38:04.682Z</time>
      </trkpt>
      <trkpt lat="37.9555623" lon="-4.8249127">
        <ele>513</ele>
        <time>2026-08-18T18:38:05.682Z</time>
      </trkpt>
      <trkpt lat="37.9555652" lon="-4.8249012">
        <ele>513</ele>
        <time>2026-08-18T18:38:06.682Z</time>
      </trkpt>
      <trkpt lat="37.9555682" lon="-4.8248897">
        <ele>514</ele>
        <time>2026-08-18T18:38:07.682Z</time>
      </trkpt>
      <trkpt lat="37.9555722" lon="-4.824879">
        <ele>514</ele>
        <time>2026-08-18T18:38:08.682Z</time>
      </trkpt>
      <trkpt lat="37.9555762" lon="-4.8248684">
        <ele>514</ele>
        <time>2026-08-18T18:38:09.682Z</time>
      </trkpt>
      <trkpt lat="37.9555797" lon="-4.8248579">
        <ele>514</ele>
        <time>2026-08-18T18:38:10.682Z</time>
      </trkpt>
      <trkpt lat="37.9555832" lon="-4.8248474">
        <ele>515</ele>
        <time>2026-08-18T18:38:11.682Z</time>
      </trkpt>
      <trkpt lat="37.9555857" lon="-4.8248354">
        <ele>515</ele>
        <time>2026-08-18T18:38:12.682Z</time>
      </trkpt>
      <trkpt lat="37.9555882" lon="-4.8248235">
        <ele>515</ele>
        <time>2026-08-18T18:38:13.682Z</time>
      </trkpt>
      <trkpt lat="37.9555911" lon="-4.8248105">
        <ele>515</ele>
        <time>2026-08-18T18:38:14.682Z</time>
      </trkpt>
      <trkpt lat="37.9555941" lon="-4.8247976">
        <ele>515</ele>
        <time>2026-08-18T18:38:15.682Z</time>
      </trkpt>
      <trkpt lat="37.9555975" lon="-4.8247851">
        <ele>515</ele>
        <time>2026-08-18T18:38:16.682Z</time>
      </trkpt>
      <trkpt lat="37.955601" lon="-4.8247726">
        <ele>515</ele>
        <time>2026-08-18T18:38:17.682Z</time>
      </trkpt>
      <trkpt lat="37.9556061" lon="-4.8247594">
        <ele>515</ele>
        <time>2026-08-18T18:38:18.682Z</time>
      </trkpt>
      <trkpt lat="37.9556113" lon="-4.8247463">
        <ele>515</ele>
        <time>2026-08-18T18:38:19.682Z</time>
      </trkpt>
      <trkpt lat="37.9556165" lon="-4.8247332">
        <ele>515</ele>
        <time>2026-08-18T18:38:20.682Z</time>
      </trkpt>
      <trkpt lat="37.9556218" lon="-4.8247202">
        <ele>515</ele>
        <time>2026-08-18T18:38:21.682Z</time>
      </trkpt>
      <trkpt lat="37.9556265" lon="-4.824707">
        <ele>515</ele>
        <time>2026-08-18T18:38:22.682Z</time>
      </trkpt>
      <trkpt lat="37.9556312" lon="-4.8246939">
        <ele>515</ele>
        <time>2026-08-18T18:38:23.682Z</time>
      </trkpt>
      <trkpt lat="37.9556349" lon="-4.8246817">
        <ele>515</ele>
        <time>2026-08-18T18:38:24.682Z</time>
      </trkpt>
      <trkpt lat="37.9556387" lon="-4.8246695">
        <ele>515</ele>
        <time>2026-08-18T18:38:25.682Z</time>
      </trkpt>
      <trkpt lat="37.9556415" lon="-4.8246592">
        <ele>515</ele>
        <time>2026-08-18T18:38:26.682Z</time>
      </trkpt>
      <trkpt lat="37.9556444" lon="-4.8246489">
        <ele>516</ele>
        <time>2026-08-18T18:38:27.682Z</time>
      </trkpt>
      <trkpt lat="37.9556481" lon="-4.8246383">
        <ele>516</ele>
        <time>2026-08-18T18:38:28.682Z</time>
      </trkpt>
      <trkpt lat="37.9556519" lon="-4.8246278">
        <ele>516</ele>
        <time>2026-08-18T18:38:29.682Z</time>
      </trkpt>
      <trkpt lat="37.9556568" lon="-4.8246158">
        <ele>516</ele>
        <time>2026-08-18T18:38:30.682Z</time>
      </trkpt>
      <trkpt lat="37.9556618" lon="-4.8246038">
        <ele>516</ele>
        <time>2026-08-18T18:38:31.682Z</time>
      </trkpt>
      <trkpt lat="37.9556671" lon="-4.8245917">
        <ele>516</ele>
        <time>2026-08-18T18:38:32.682Z</time>
      </trkpt>
      <trkpt lat="37.9556725" lon="-4.8245797">
        <ele>516</ele>
        <time>2026-08-18T18:38:33.682Z</time>
      </trkpt>
      <trkpt lat="37.9556768" lon="-4.8245674">
        <ele>516</ele>
        <time>2026-08-18T18:38:34.682Z</time>
      </trkpt>
      <trkpt lat="37.9556811" lon="-4.8245551">
        <ele>516</ele>
        <time>2026-08-18T18:38:35.682Z</time>
      </trkpt>
      <trkpt lat="37.9556849" lon="-4.8245433">
        <ele>516</ele>
        <time>2026-08-18T18:38:36.682Z</time>
      </trkpt>
      <trkpt lat="37.9556887" lon="-4.8245316">
        <ele>516</ele>
        <time>2026-08-18T18:38:37.682Z</time>
      </trkpt>
      <trkpt lat="37.9556928" lon="-4.8245212">
        <ele>516</ele>
        <time>2026-08-18T18:38:38.682Z</time>
      </trkpt>
      <trkpt lat="37.955697" lon="-4.8245109">
        <ele>516</ele>
        <time>2026-08-18T18:38:39.682Z</time>
      </trkpt>
      <trkpt lat="37.9557022" lon="-4.8245012">
        <ele>516</ele>
        <time>2026-08-18T18:38:40.682Z</time>
      </trkpt>
      <trkpt lat="37.9557075" lon="-4.8244916">
        <ele>516</ele>
        <time>2026-08-18T18:38:41.682Z</time>
      </trkpt>
      <trkpt lat="37.9557132" lon="-4.8244807">
        <ele>516</ele>
        <time>2026-08-18T18:38:42.682Z</time>
      </trkpt>
      <trkpt lat="37.955719" lon="-4.8244698">
        <ele>516</ele>
        <time>2026-08-18T18:38:43.682Z</time>
      </trkpt>
      <trkpt lat="37.9557276" lon="-4.8244573">
        <ele>515</ele>
        <time>2026-08-18T18:38:44.682Z</time>
      </trkpt>
      <trkpt lat="37.9557363" lon="-4.8244448">
        <ele>515</ele>
        <time>2026-08-18T18:38:45.682Z</time>
      </trkpt>
      <trkpt lat="37.9557483" lon="-4.8244323">
        <ele>514</ele>
        <time>2026-08-18T18:38:46.682Z</time>
      </trkpt>
      <trkpt lat="37.9557604" lon="-4.8244198">
        <ele>514</ele>
        <time>2026-08-18T18:38:47.682Z</time>
      </trkpt>
      <trkpt lat="37.9557729" lon="-4.8244077">
        <ele>514</ele>
        <time>2026-08-18T18:38:48.682Z</time>
      </trkpt>
      <trkpt lat="37.9557854" lon="-4.8243957">
        <ele>514</ele>
        <time>2026-08-18T18:38:49.682Z</time>
      </trkpt>
      <trkpt lat="37.9557972" lon="-4.8243842">
        <ele>514</ele>
        <time>2026-08-18T18:38:50.682Z</time>
      </trkpt>
      <trkpt lat="37.955809" lon="-4.8243727">
        <ele>514</ele>
        <time>2026-08-18T18:38:51.682Z</time>
      </trkpt>
      <trkpt lat="37.9558196" lon="-4.8243603">
        <ele>514</ele>
        <time>2026-08-18T18:38:52.682Z</time>
      </trkpt>
      <trkpt lat="37.9558302" lon="-4.8243479">
        <ele>514</ele>
        <time>2026-08-18T18:38:53.682Z</time>
      </trkpt>
      <trkpt lat="37.9558389" lon="-4.8243367">
        <ele>514</ele>
        <time>2026-08-18T18:38:54.682Z</time>
      </trkpt>
      <trkpt lat="37.9558477" lon="-4.8243256">
        <ele>515</ele>
        <time>2026-08-18T18:38:55.682Z</time>
      </trkpt>
      <trkpt lat="37.9558557" lon="-4.8243158">
        <ele>515</ele>
        <time>2026-08-18T18:38:56.682Z</time>
      </trkpt>
      <trkpt lat="37.9558637" lon="-4.824306">
        <ele>515</ele>
        <time>2026-08-18T18:38:57.682Z</time>
      </trkpt>
      <trkpt lat="37.9558717" lon="-4.8242968">
        <ele>515</ele>
        <time>2026-08-18T18:38:58.682Z</time>
      </trkpt>
      <trkpt lat="37.9558797" lon="-4.8242877">
        <ele>515</ele>
        <time>2026-08-18T18:38:59.682Z</time>
      </trkpt>
      <trkpt lat="37.9558869" lon="-4.8242778">
        <ele>515</ele>
        <time>2026-08-18T18:39:00.682Z</time>
      </trkpt>
      <trkpt lat="37.9558942" lon="-4.824268">
        <ele>515</ele>
        <time>2026-08-18T18:39:01.682Z</time>
      </trkpt>
      <trkpt lat="37.9559008" lon="-4.8242583">
        <ele>515</ele>
        <time>2026-08-18T18:39:02.682Z</time>
      </trkpt>
      <trkpt lat="37.9559075" lon="-4.8242487">
        <ele>515</ele>
        <time>2026-08-18T18:39:03.682Z</time>
      </trkpt>
      <trkpt lat="37.9559148" lon="-4.8242387">
        <ele>515</ele>
        <time>2026-08-18T18:39:04.682Z</time>
      </trkpt>
      <trkpt lat="37.9559222" lon="-4.8242287">
        <ele>515</ele>
        <time>2026-08-18T18:39:05.682Z</time>
      </trkpt>
      <trkpt lat="37.9559317" lon="-4.8242162">
        <ele>515</ele>
        <time>2026-08-18T18:39:06.682Z</time>
      </trkpt>
      <trkpt lat="37.9559412" lon="-4.8242037">
        <ele>515</ele>
        <time>2026-08-18T18:39:07.682Z</time>
      </trkpt>
      <trkpt lat="37.9559518" lon="-4.8241892">
        <ele>515</ele>
        <time>2026-08-18T18:39:08.682Z</time>
      </trkpt>
      <trkpt lat="37.9559624" lon="-4.8241748">
        <ele>515</ele>
        <time>2026-08-18T18:39:09.682Z</time>
      </trkpt>
      <trkpt lat="37.955973" lon="-4.8241612">
        <ele>515</ele>
        <time>2026-08-18T18:39:10.682Z</time>
      </trkpt>
      <trkpt lat="37.9559836" lon="-4.8241476">
        <ele>515</ele>
        <time>2026-08-18T18:39:11.682Z</time>
      </trkpt>
      <trkpt lat="37.9559933" lon="-4.824136">
        <ele>515</ele>
        <time>2026-08-18T18:39:12.682Z</time>
      </trkpt>
      <trkpt lat="37.9560031" lon="-4.8241244">
        <ele>515</ele>
        <time>2026-08-18T18:39:13.682Z</time>
      </trkpt>
      <trkpt lat="37.9560113" lon="-4.8241153">
        <ele>515</ele>
        <time>2026-08-18T18:39:14.682Z</time>
      </trkpt>
      <trkpt lat="37.9560196" lon="-4.8241063">
        <ele>516</ele>
        <time>2026-08-18T18:39:15.682Z</time>
      </trkpt>
      <trkpt lat="37.9560233" lon="-4.8241022">
        <ele>516</ele>
        <time>2026-08-18T18:39:16.682Z</time>
      </trkpt>
      <trkpt lat="37.956027" lon="-4.8240981">
        <ele>516</ele>
        <time>2026-08-18T18:39:17.682Z</time>
      </trkpt>
      <trkpt lat="37.9560307" lon="-4.824094">
        <ele>516</ele>
        <time>2026-08-18T18:39:18.682Z</time>
      </trkpt>
      <trkpt lat="37.9560345" lon="-4.82409">
        <ele>516</ele>
        <time>2026-08-18T18:39:19.682Z</time>
      </trkpt>
      <trkpt lat="37.9560421" lon="-4.8240787">
        <ele>516</ele>
        <time>2026-08-18T18:39:20.682Z</time>
      </trkpt>
      <trkpt lat="37.9560497" lon="-4.8240674">
        <ele>516</ele>
        <time>2026-08-18T18:39:21.682Z</time>
      </trkpt>
      <trkpt lat="37.9560595" lon="-4.8240531">
        <ele>516</ele>
        <time>2026-08-18T18:39:22.682Z</time>
      </trkpt>
      <trkpt lat="37.9560693" lon="-4.8240388">
        <ele>517</ele>
        <time>2026-08-18T18:39:23.682Z</time>
      </trkpt>
      <trkpt lat="37.9560793" lon="-4.8240248">
        <ele>517</ele>
        <time>2026-08-18T18:39:24.682Z</time>
      </trkpt>
      <trkpt lat="37.9560893" lon="-4.8240109">
        <ele>517</ele>
        <time>2026-08-18T18:39:25.682Z</time>
      </trkpt>
      <trkpt lat="37.9560979" lon="-4.8239988">
        <ele>517</ele>
        <time>2026-08-18T18:39:26.682Z</time>
      </trkpt>
      <trkpt lat="37.9561066" lon="-4.8239867">
        <ele>517</ele>
        <time>2026-08-18T18:39:27.682Z</time>
      </trkpt>
      <trkpt lat="37.956115" lon="-4.8239748">
        <ele>517</ele>
        <time>2026-08-18T18:39:28.682Z</time>
      </trkpt>
      <trkpt lat="37.9561234" lon="-4.823963">
        <ele>517</ele>
        <time>2026-08-18T18:39:29.682Z</time>
      </trkpt>
      <trkpt lat="37.9561314" lon="-4.8239519">
        <ele>517</ele>
        <time>2026-08-18T18:39:30.682Z</time>
      </trkpt>
      <trkpt lat="37.9561395" lon="-4.8239408">
        <ele>517</ele>
        <time>2026-08-18T18:39:31.682Z</time>
      </trkpt>
      <trkpt lat="37.9561471" lon="-4.8239309">
        <ele>517</ele>
        <time>2026-08-18T18:39:32.682Z</time>
      </trkpt>
      <trkpt lat="37.9561547" lon="-4.823921">
        <ele>517</ele>
        <time>2026-08-18T18:39:33.682Z</time>
      </trkpt>
      <trkpt lat="37.9561627" lon="-4.8239095">
        <ele>517</ele>
        <time>2026-08-18T18:39:34.682Z</time>
      </trkpt>
      <trkpt lat="37.9561708" lon="-4.823898">
        <ele>517</ele>
        <time>2026-08-18T18:39:35.682Z</time>
      </trkpt>
      <trkpt lat="37.9561789" lon="-4.8238839">
        <ele>517</ele>
        <time>2026-08-18T18:39:36.682Z</time>
      </trkpt>
      <trkpt lat="37.956187" lon="-4.8238698">
        <ele>517</ele>
        <time>2026-08-18T18:39:37.682Z</time>
      </trkpt>
      <trkpt lat="37.9561947" lon="-4.8238567">
        <ele>517</ele>
        <time>2026-08-18T18:39:38.682Z</time>
      </trkpt>
      <trkpt lat="37.9562025" lon="-4.8238437">
        <ele>517</ele>
        <time>2026-08-18T18:39:39.682Z</time>
      </trkpt>
      <trkpt lat="37.956209" lon="-4.8238327">
        <ele>517</ele>
        <time>2026-08-18T18:39:40.682Z</time>
      </trkpt>
      <trkpt lat="37.9562156" lon="-4.8238217">
        <ele>517</ele>
        <time>2026-08-18T18:39:41.682Z</time>
      </trkpt>
      <trkpt lat="37.9562233" lon="-4.8238121">
        <ele>517</ele>
        <time>2026-08-18T18:39:42.682Z</time>
      </trkpt>
      <trkpt lat="37.9562311" lon="-4.8238026">
        <ele>517</ele>
        <time>2026-08-18T18:39:43.682Z</time>
      </trkpt>
      <trkpt lat="37.9562421" lon="-4.8237927">
        <ele>517</ele>
        <time>2026-08-18T18:39:44.682Z</time>
      </trkpt>
      <trkpt lat="37.9562531" lon="-4.8237829">
        <ele>517</ele>
        <time>2026-08-18T18:39:45.682Z</time>
      </trkpt>
      <trkpt lat="37.9562657" lon="-4.8237711">
        <ele>517</ele>
        <time>2026-08-18T18:39:46.682Z</time>
      </trkpt>
      <trkpt lat="37.9562784" lon="-4.8237593">
        <ele>517</ele>
        <time>2026-08-18T18:39:47.682Z</time>
      </trkpt>
      <trkpt lat="37.9562909" lon="-4.8237448">
        <ele>517</ele>
        <time>2026-08-18T18:39:48.682Z</time>
      </trkpt>
      <trkpt lat="37.9563034" lon="-4.8237304">
        <ele>517</ele>
        <time>2026-08-18T18:39:49.682Z</time>
      </trkpt>
      <trkpt lat="37.9563145" lon="-4.8237166">
        <ele>517</ele>
        <time>2026-08-18T18:39:50.682Z</time>
      </trkpt>
      <trkpt lat="37.9563256" lon="-4.8237028">
        <ele>517</ele>
        <time>2026-08-18T18:39:51.682Z</time>
      </trkpt>
      <trkpt lat="37.9563365" lon="-4.823691">
        <ele>517</ele>
        <time>2026-08-18T18:39:52.682Z</time>
      </trkpt>
      <trkpt lat="37.9563474" lon="-4.8236793">
        <ele>517</ele>
        <time>2026-08-18T18:39:53.682Z</time>
      </trkpt>
      <trkpt lat="37.9563585" lon="-4.8236715">
        <ele>517</ele>
        <time>2026-08-18T18:39:54.682Z</time>
      </trkpt>
      <trkpt lat="37.9563696" lon="-4.8236637">
        <ele>517</ele>
        <time>2026-08-18T18:39:55.682Z</time>
      </trkpt>
      <trkpt lat="37.9563813" lon="-4.8236587">
        <ele>517</ele>
        <time>2026-08-18T18:39:56.682Z</time>
      </trkpt>
      <trkpt lat="37.956393" lon="-4.8236537">
        <ele>517</ele>
        <time>2026-08-18T18:39:57.682Z</time>
      </trkpt>
      <trkpt lat="37.9564048" lon="-4.8236479">
        <ele>517</ele>
        <time>2026-08-18T18:39:58.682Z</time>
      </trkpt>
      <trkpt lat="37.9564166" lon="-4.8236421">
        <ele>517</ele>
        <time>2026-08-18T18:39:59.682Z</time>
      </trkpt>
      <trkpt lat="37.9564289" lon="-4.8236329">
        <ele>517</ele>
        <time>2026-08-18T18:40:00.682Z</time>
      </trkpt>
      <trkpt lat="37.9564413" lon="-4.8236238">
        <ele>517</ele>
        <time>2026-08-18T18:40:01.682Z</time>
      </trkpt>
      <trkpt lat="37.9564536" lon="-4.8236116">
        <ele>517</ele>
        <time>2026-08-18T18:40:02.682Z</time>
      </trkpt>
      <trkpt lat="37.956466" lon="-4.8235994">
        <ele>517</ele>
        <time>2026-08-18T18:40:03.682Z</time>
      </trkpt>
      <trkpt lat="37.956478" lon="-4.8235887">
        <ele>517</ele>
        <time>2026-08-18T18:40:04.682Z</time>
      </trkpt>
      <trkpt lat="37.95649" lon="-4.823578">
        <ele>517</ele>
        <time>2026-08-18T18:40:05.682Z</time>
      </trkpt>
      <trkpt lat="37.956501" lon="-4.8235677">
        <ele>517</ele>
        <time>2026-08-18T18:40:06.682Z</time>
      </trkpt>
      <trkpt lat="37.9565121" lon="-4.8235575">
        <ele>518</ele>
        <time>2026-08-18T18:40:07.682Z</time>
      </trkpt>
      <trkpt lat="37.9565231" lon="-4.8235464">
        <ele>518</ele>
        <time>2026-08-18T18:40:08.682Z</time>
      </trkpt>
      <trkpt lat="37.9565342" lon="-4.8235353">
        <ele>518</ele>
        <time>2026-08-18T18:40:09.682Z</time>
      </trkpt>
      <trkpt lat="37.9565439" lon="-4.823525">
        <ele>518</ele>
        <time>2026-08-18T18:40:10.682Z</time>
      </trkpt>
      <trkpt lat="37.9565537" lon="-4.8235147">
        <ele>518</ele>
        <time>2026-08-18T18:40:11.682Z</time>
      </trkpt>
      <trkpt lat="37.9565632" lon="-4.8235059">
        <ele>518</ele>
        <time>2026-08-18T18:40:12.682Z</time>
      </trkpt>
      <trkpt lat="37.9565727" lon="-4.8234972">
        <ele>518</ele>
        <time>2026-08-18T18:40:13.682Z</time>
      </trkpt>
      <trkpt lat="37.9565819" lon="-4.8234889">
        <ele>518</ele>
        <time>2026-08-18T18:40:14.682Z</time>
      </trkpt>
      <trkpt lat="37.9565911" lon="-4.8234807">
        <ele>518</ele>
        <time>2026-08-18T18:40:15.682Z</time>
      </trkpt>
      <trkpt lat="37.9566016" lon="-4.823471">
        <ele>518</ele>
        <time>2026-08-18T18:40:16.682Z</time>
      </trkpt>
      <trkpt lat="37.9566122" lon="-4.8234614">
        <ele>518</ele>
        <time>2026-08-18T18:40:17.682Z</time>
      </trkpt>
      <trkpt lat="37.9566213" lon="-4.8234505">
        <ele>518</ele>
        <time>2026-08-18T18:40:18.682Z</time>
      </trkpt>
      <trkpt lat="37.9566305" lon="-4.8234397">
        <ele>518</ele>
        <time>2026-08-18T18:40:19.682Z</time>
      </trkpt>
      <trkpt lat="37.9566318" lon="-4.8234374">
        <ele>518</ele>
        <time>2026-08-18T18:40:20.682Z</time>
      </trkpt>
      <trkpt lat="37.9566332" lon="-4.8234351">
        <ele>518</ele>
        <time>2026-08-18T18:40:21.682Z</time>
      </trkpt>
      <trkpt lat="37.9566346" lon="-4.8234328">
        <ele>518</ele>
        <time>2026-08-18T18:40:22.682Z</time>
      </trkpt>
      <trkpt lat="37.956636" lon="-4.8234305">
        <ele>518</ele>
        <time>2026-08-18T18:40:23.682Z</time>
      </trkpt>
      <trkpt lat="37.9566374" lon="-4.8234283">
        <ele>517</ele>
        <time>2026-08-18T18:40:24.682Z</time>
      </trkpt>
      <trkpt lat="37.9566423" lon="-4.8234214">
        <ele>517</ele>
        <time>2026-08-18T18:40:25.682Z</time>
      </trkpt>
      <trkpt lat="37.9566472" lon="-4.8234146">
        <ele>517</ele>
        <time>2026-08-18T18:40:26.682Z</time>
      </trkpt>
      <trkpt lat="37.9566514" lon="-4.8234097">
        <ele>517</ele>
        <time>2026-08-18T18:40:27.682Z</time>
      </trkpt>
      <trkpt lat="37.9566556" lon="-4.8234048">
        <ele>517</ele>
        <time>2026-08-18T18:40:28.682Z</time>
      </trkpt>
      <trkpt lat="37.9566619" lon="-4.8233994">
        <ele>517</ele>
        <time>2026-08-18T18:40:29.682Z</time>
      </trkpt>
      <trkpt lat="37.9566682" lon="-4.823394">
        <ele>517</ele>
        <time>2026-08-18T18:40:30.682Z</time>
      </trkpt>
      <trkpt lat="37.9566779" lon="-4.8233875">
        <ele>518</ele>
        <time>2026-08-18T18:40:31.682Z</time>
      </trkpt>
      <trkpt lat="37.9566876" lon="-4.8233811">
        <ele>518</ele>
        <time>2026-08-18T18:40:32.682Z</time>
      </trkpt>
      <trkpt lat="37.9566972" lon="-4.8233748">
        <ele>518</ele>
        <time>2026-08-18T18:40:33.682Z</time>
      </trkpt>
      <trkpt lat="37.9567069" lon="-4.8233686">
        <ele>518</ele>
        <time>2026-08-18T18:40:34.682Z</time>
      </trkpt>
      <trkpt lat="37.9567156" lon="-4.823363">
        <ele>518</ele>
        <time>2026-08-18T18:40:35.682Z</time>
      </trkpt>
      <trkpt lat="37.9567243" lon="-4.8233575">
        <ele>518</ele>
        <time>2026-08-18T18:40:36.682Z</time>
      </trkpt>
      <trkpt lat="37.9567325" lon="-4.8233523">
        <ele>518</ele>
        <time>2026-08-18T18:40:37.682Z</time>
      </trkpt>
      <trkpt lat="37.9567408" lon="-4.8233471">
        <ele>518</ele>
        <time>2026-08-18T18:40:38.682Z</time>
      </trkpt>
      <trkpt lat="37.9567477" lon="-4.8233409">
        <ele>518</ele>
        <time>2026-08-18T18:40:39.682Z</time>
      </trkpt>
      <trkpt lat="37.9567547" lon="-4.8233347">
        <ele>518</ele>
        <time>2026-08-18T18:40:40.682Z</time>
      </trkpt>
      <trkpt lat="37.9567612" lon="-4.8233272">
        <ele>518</ele>
        <time>2026-08-18T18:40:41.682Z</time>
      </trkpt>
      <trkpt lat="37.9567677" lon="-4.8233198">
        <ele>518</ele>
        <time>2026-08-18T18:40:42.682Z</time>
      </trkpt>
      <trkpt lat="37.9567716" lon="-4.8233111">
        <ele>519</ele>
        <time>2026-08-18T18:40:43.682Z</time>
      </trkpt>
      <trkpt lat="37.9567755" lon="-4.8233024">
        <ele>519</ele>
        <time>2026-08-18T18:40:44.682Z</time>
      </trkpt>
      <trkpt lat="37.9567762" lon="-4.8232904">
        <ele>519</ele>
        <time>2026-08-18T18:40:45.682Z</time>
      </trkpt>
      <trkpt lat="37.9567769" lon="-4.8232785">
        <ele>519</ele>
        <time>2026-08-18T18:40:46.682Z</time>
      </trkpt>
      <trkpt lat="37.9567733" lon="-4.8232638">
        <ele>520</ele>
        <time>2026-08-18T18:40:47.682Z</time>
      </trkpt>
      <trkpt lat="37.9567698" lon="-4.8232492">
        <ele>520</ele>
        <time>2026-08-18T18:40:48.682Z</time>
      </trkpt>
      <trkpt lat="37.9567644" lon="-4.8232367">
        <ele>520</ele>
        <time>2026-08-18T18:40:49.682Z</time>
      </trkpt>
      <trkpt lat="37.956759" lon="-4.8232242">
        <ele>520</ele>
        <time>2026-08-18T18:40:50.682Z</time>
      </trkpt>
      <trkpt lat="37.9567534" lon="-4.8232146">
        <ele>521</ele>
        <time>2026-08-18T18:40:51.682Z</time>
      </trkpt>
      <trkpt lat="37.9567478" lon="-4.823205">
        <ele>521</ele>
        <time>2026-08-18T18:40:52.682Z</time>
      </trkpt>
      <trkpt lat="37.9567457" lon="-4.8231985">
        <ele>521</ele>
        <time>2026-08-18T18:40:53.682Z</time>
      </trkpt>
      <trkpt lat="37.9567436" lon="-4.8231921">
        <ele>521</ele>
        <time>2026-08-18T18:40:54.682Z</time>
      </trkpt>
      <trkpt lat="37.956743" lon="-4.8231846">
        <ele>522</ele>
        <time>2026-08-18T18:40:55.682Z</time>
      </trkpt>
      <trkpt lat="37.9567424" lon="-4.8231771">
        <ele>522</ele>
        <time>2026-08-18T18:40:56.682Z</time>
      </trkpt>
      <trkpt lat="37.9567395" lon="-4.8231675">
        <ele>522</ele>
        <time>2026-08-18T18:40:57.682Z</time>
      </trkpt>
      <trkpt lat="37.9567366" lon="-4.8231579">
        <ele>522</ele>
        <time>2026-08-18T18:40:58.682Z</time>
      </trkpt>
      <trkpt lat="37.9567317" lon="-4.8231463">
        <ele>523</ele>
        <time>2026-08-18T18:40:59.682Z</time>
      </trkpt>
      <trkpt lat="37.9567269" lon="-4.8231347">
        <ele>523</ele>
        <time>2026-08-18T18:41:00.682Z</time>
      </trkpt>
      <trkpt lat="37.9567215" lon="-4.8231239">
        <ele>523</ele>
        <time>2026-08-18T18:41:01.682Z</time>
      </trkpt>
      <trkpt lat="37.9567161" lon="-4.8231131">
        <ele>523</ele>
        <time>2026-08-18T18:41:02.682Z</time>
      </trkpt>
      <trkpt lat="37.9567111" lon="-4.823104">
        <ele>523</ele>
        <time>2026-08-18T18:41:03.682Z</time>
      </trkpt>
      <trkpt lat="37.9567062" lon="-4.8230949">
        <ele>523</ele>
        <time>2026-08-18T18:41:04.682Z</time>
      </trkpt>
      <trkpt lat="37.9567032" lon="-4.8230859">
        <ele>523</ele>
        <time>2026-08-18T18:41:05.682Z</time>
      </trkpt>
      <trkpt lat="37.9567003" lon="-4.823077">
        <ele>523</ele>
        <time>2026-08-18T18:41:06.682Z</time>
      </trkpt>
      <trkpt lat="37.9566988" lon="-4.8230678">
        <ele>523</ele>
        <time>2026-08-18T18:41:07.682Z</time>
      </trkpt>
      <trkpt lat="37.9566973" lon="-4.8230586">
        <ele>523</ele>
        <time>2026-08-18T18:41:08.682Z</time>
      </trkpt>
      <trkpt lat="37.9566957" lon="-4.823049">
        <ele>523</ele>
        <time>2026-08-18T18:41:09.682Z</time>
      </trkpt>
      <trkpt lat="37.9566941" lon="-4.8230394">
        <ele>523</ele>
        <time>2026-08-18T18:41:10.682Z</time>
      </trkpt>
      <trkpt lat="37.9566927" lon="-4.8230286">
        <ele>524</ele>
        <time>2026-08-18T18:41:11.682Z</time>
      </trkpt>
      <trkpt lat="37.9566914" lon="-4.8230178">
        <ele>524</ele>
        <time>2026-08-18T18:41:12.682Z</time>
      </trkpt>
      <trkpt lat="37.9566911" lon="-4.8230059">
        <ele>524</ele>
        <time>2026-08-18T18:41:13.682Z</time>
      </trkpt>
      <trkpt lat="37.9566908" lon="-4.8229941">
        <ele>524</ele>
        <time>2026-08-18T18:41:14.682Z</time>
      </trkpt>
      <trkpt lat="37.9566903" lon="-4.8229804">
        <ele>525</ele>
        <time>2026-08-18T18:41:15.682Z</time>
      </trkpt>
      <trkpt lat="37.9566899" lon="-4.8229668">
        <ele>525</ele>
        <time>2026-08-18T18:41:16.682Z</time>
      </trkpt>
      <trkpt lat="37.9566882" lon="-4.8229527">
        <ele>525</ele>
        <time>2026-08-18T18:41:17.682Z</time>
      </trkpt>
      <trkpt lat="37.9566866" lon="-4.8229387">
        <ele>525</ele>
        <time>2026-08-18T18:41:18.682Z</time>
      </trkpt>
      <trkpt lat="37.9566827" lon="-4.8229247">
        <ele>526</ele>
        <time>2026-08-18T18:41:19.682Z</time>
      </trkpt>
      <trkpt lat="37.9566788" lon="-4.8229107">
        <ele>526</ele>
        <time>2026-08-18T18:41:20.682Z</time>
      </trkpt>
      <trkpt lat="37.9566739" lon="-4.8228964">
        <ele>526</ele>
        <time>2026-08-18T18:41:21.682Z</time>
      </trkpt>
      <trkpt lat="37.956669" lon="-4.8228821">
        <ele>526</ele>
        <time>2026-08-18T18:41:22.682Z</time>
      </trkpt>
      <trkpt lat="37.9566656" lon="-4.8228701">
        <ele>527</ele>
        <time>2026-08-18T18:41:23.682Z</time>
      </trkpt>
      <trkpt lat="37.9566623" lon="-4.8228582">
        <ele>527</ele>
        <time>2026-08-18T18:41:24.682Z</time>
      </trkpt>
      <trkpt lat="37.9566606" lon="-4.8228475">
        <ele>527</ele>
        <time>2026-08-18T18:41:25.682Z</time>
      </trkpt>
      <trkpt lat="37.9566589" lon="-4.8228368">
        <ele>527</ele>
        <time>2026-08-18T18:41:26.682Z</time>
      </trkpt>
      <trkpt lat="37.9566577" lon="-4.8228253">
        <ele>527</ele>
        <time>2026-08-18T18:41:27.682Z</time>
      </trkpt>
      <trkpt lat="37.9566565" lon="-4.8228138">
        <ele>527</ele>
        <time>2026-08-18T18:41:28.682Z</time>
      </trkpt>
      <trkpt lat="37.9566522" lon="-4.8228024">
        <ele>527</ele>
        <time>2026-08-18T18:41:29.682Z</time>
      </trkpt>
      <trkpt lat="37.956648" lon="-4.8227911">
        <ele>527</ele>
        <time>2026-08-18T18:41:30.682Z</time>
      </trkpt>
      <trkpt lat="37.9566391" lon="-4.8227813">
        <ele>528</ele>
        <time>2026-08-18T18:41:31.682Z</time>
      </trkpt>
      <trkpt lat="37.9566303" lon="-4.8227716">
        <ele>528</ele>
        <time>2026-08-18T18:41:32.682Z</time>
      </trkpt>
      <trkpt lat="37.9566198" lon="-4.8227656">
        <ele>528</ele>
        <time>2026-08-18T18:41:33.682Z</time>
      </trkpt>
      <trkpt lat="37.9566094" lon="-4.8227596">
        <ele>528</ele>
        <time>2026-08-18T18:41:34.682Z</time>
      </trkpt>
      <trkpt lat="37.9565979" lon="-4.8227554">
        <ele>529</ele>
        <time>2026-08-18T18:41:35.682Z</time>
      </trkpt>
      <trkpt lat="37.9565864" lon="-4.8227512">
        <ele>529</ele>
        <time>2026-08-18T18:41:36.682Z</time>
      </trkpt>
      <trkpt lat="37.9565748" lon="-4.8227465">
        <ele>529</ele>
        <time>2026-08-18T18:41:37.682Z</time>
      </trkpt>
      <trkpt lat="37.9565633" lon="-4.8227418">
        <ele>529</ele>
        <time>2026-08-18T18:41:38.682Z</time>
      </trkpt>
      <trkpt lat="37.9565522" lon="-4.8227358">
        <ele>529</ele>
        <time>2026-08-18T18:41:39.682Z</time>
      </trkpt>
      <trkpt lat="37.9565412" lon="-4.8227298">
        <ele>529</ele>
        <time>2026-08-18T18:41:40.682Z</time>
      </trkpt>
      <trkpt lat="37.9565308" lon="-4.8227219">
        <ele>529</ele>
        <time>2026-08-18T18:41:41.682Z</time>
      </trkpt>
      <trkpt lat="37.9565205" lon="-4.8227141">
        <ele>529</ele>
        <time>2026-08-18T18:41:42.682Z</time>
      </trkpt>
      <trkpt lat="37.9565125" lon="-4.8227078">
        <ele>530</ele>
        <time>2026-08-18T18:41:43.682Z</time>
      </trkpt>
      <trkpt lat="37.9565046" lon="-4.8227016">
        <ele>530</ele>
        <time>2026-08-18T18:41:44.682Z</time>
      </trkpt>
      <trkpt lat="37.9564992" lon="-4.822695">
        <ele>530</ele>
        <time>2026-08-18T18:41:45.682Z</time>
      </trkpt>
      <trkpt lat="37.9564938" lon="-4.8226885">
        <ele>530</ele>
        <time>2026-08-18T18:41:46.682Z</time>
      </trkpt>
      <trkpt lat="37.9564925" lon="-4.8226717">
        <ele>531</ele>
        <time>2026-08-18T18:41:53.682Z</time>
      </trkpt>
      <trkpt lat="37.9564924" lon="-4.8226592">
        <ele>531</ele>
        <time>2026-08-18T18:41:54.682Z</time>
      </trkpt>
      <trkpt lat="37.9564924" lon="-4.8226468">
        <ele>531</ele>
        <time>2026-08-18T18:41:55.682Z</time>
      </trkpt>
      <trkpt lat="37.956491" lon="-4.8226358">
        <ele>531</ele>
        <time>2026-08-18T18:41:56.682Z</time>
      </trkpt>
      <trkpt lat="37.9564896" lon="-4.8226248">
        <ele>531</ele>
        <time>2026-08-18T18:41:57.682Z</time>
      </trkpt>
      <trkpt lat="37.9564876" lon="-4.822614">
        <ele>531</ele>
        <time>2026-08-18T18:41:58.682Z</time>
      </trkpt>
      <trkpt lat="37.9564856" lon="-4.8226033">
        <ele>531</ele>
        <time>2026-08-18T18:41:59.682Z</time>
      </trkpt>
      <trkpt lat="37.956483" lon="-4.8225946">
        <ele>531</ele>
        <time>2026-08-18T18:42:00.682Z</time>
      </trkpt>
      <trkpt lat="37.9564805" lon="-4.8225859">
        <ele>531</ele>
        <time>2026-08-18T18:42:01.682Z</time>
      </trkpt>
      <trkpt lat="37.9564782" lon="-4.8225902">
        <ele>530</ele>
        <time>2026-08-18T18:42:29.682Z</time>
      </trkpt>
      <trkpt lat="37.9564789" lon="-4.8225918">
        <ele>530</ele>
        <time>2026-08-18T18:42:30.682Z</time>
      </trkpt>
      <trkpt lat="37.9564797" lon="-4.8225934">
        <ele>530</ele>
        <time>2026-08-18T18:42:31.682Z</time>
      </trkpt>
      <trkpt lat="37.9564835" lon="-4.8225913">
        <ele>530</ele>
        <time>2026-08-18T18:42:32.682Z</time>
      </trkpt>
      <trkpt lat="37.9564873" lon="-4.8225893">
        <ele>530</ele>
        <time>2026-08-18T18:42:33.682Z</time>
      </trkpt>
      <trkpt lat="37.9564946" lon="-4.8225827">
        <ele>530</ele>
        <time>2026-08-18T18:42:34.682Z</time>
      </trkpt>
      <trkpt lat="37.9565019" lon="-4.8225762">
        <ele>531</ele>
        <time>2026-08-18T18:42:35.682Z</time>
      </trkpt>
      <trkpt lat="37.9565158" lon="-4.8225618">
        <ele>532</ele>
        <time>2026-08-18T18:42:48.682Z</time>
      </trkpt>
      <trkpt lat="37.9565212" lon="-4.8225569">
        <ele>532</ele>
        <time>2026-08-18T18:42:49.682Z</time>
      </trkpt>
      <trkpt lat="37.9565266" lon="-4.8225521">
        <ele>532</ele>
        <time>2026-08-18T18:42:50.682Z</time>
      </trkpt>
      <trkpt lat="37.9565332" lon="-4.8225467">
        <ele>532</ele>
        <time>2026-08-18T18:42:51.682Z</time>
      </trkpt>
      <trkpt lat="37.9565398" lon="-4.8225414">
        <ele>532</ele>
        <time>2026-08-18T18:42:52.682Z</time>
      </trkpt>
      <trkpt lat="37.9565488" lon="-4.8225339">
        <ele>532</ele>
        <time>2026-08-18T18:42:53.682Z</time>
      </trkpt>
      <trkpt lat="37.9565579" lon="-4.8225264">
        <ele>532</ele>
        <time>2026-08-18T18:42:54.682Z</time>
      </trkpt>
      <trkpt lat="37.9565682" lon="-4.8225186">
        <ele>532</ele>
        <time>2026-08-18T18:42:55.682Z</time>
      </trkpt>
      <trkpt lat="37.9565785" lon="-4.8225109">
        <ele>532</ele>
        <time>2026-08-18T18:42:56.682Z</time>
      </trkpt>
      <trkpt lat="37.9565901" lon="-4.8225051">
        <ele>532</ele>
        <time>2026-08-18T18:42:57.682Z</time>
      </trkpt>
      <trkpt lat="37.9566017" lon="-4.8224994">
        <ele>532</ele>
        <time>2026-08-18T18:42:58.682Z</time>
      </trkpt>
      <trkpt lat="37.9566138" lon="-4.8224968">
        <ele>532</ele>
        <time>2026-08-18T18:42:59.682Z</time>
      </trkpt>
      <trkpt lat="37.956626" lon="-4.8224942">
        <ele>532</ele>
        <time>2026-08-18T18:43:00.682Z</time>
      </trkpt>
      <trkpt lat="37.9566366" lon="-4.8224926">
        <ele>532</ele>
        <time>2026-08-18T18:43:01.682Z</time>
      </trkpt>
      <trkpt lat="37.9566473" lon="-4.822491">
        <ele>532</ele>
        <time>2026-08-18T18:43:02.682Z</time>
      </trkpt>
      <trkpt lat="37.9566564" lon="-4.8224884">
        <ele>532</ele>
        <time>2026-08-18T18:43:03.682Z</time>
      </trkpt>
      <trkpt lat="37.9566655" lon="-4.8224858">
        <ele>532</ele>
        <time>2026-08-18T18:43:04.682Z</time>
      </trkpt>
      <trkpt lat="37.9566747" lon="-4.8224822">
        <ele>532</ele>
        <time>2026-08-18T18:43:05.682Z</time>
      </trkpt>
      <trkpt lat="37.9566839" lon="-4.8224786">
        <ele>532</ele>
        <time>2026-08-18T18:43:06.682Z</time>
      </trkpt>
      <trkpt lat="37.9566944" lon="-4.8224736">
        <ele>532</ele>
        <time>2026-08-18T18:43:07.682Z</time>
      </trkpt>
      <trkpt lat="37.9567049" lon="-4.8224686">
        <ele>532</ele>
        <time>2026-08-18T18:43:08.682Z</time>
      </trkpt>
      <trkpt lat="37.9567157" lon="-4.8224618">
        <ele>532</ele>
        <time>2026-08-18T18:43:09.682Z</time>
      </trkpt>
      <trkpt lat="37.9567266" lon="-4.8224551">
        <ele>532</ele>
        <time>2026-08-18T18:43:10.682Z</time>
      </trkpt>
      <trkpt lat="37.9567355" lon="-4.8224455">
        <ele>532</ele>
        <time>2026-08-18T18:43:11.682Z</time>
      </trkpt>
      <trkpt lat="37.9567444" lon="-4.822436">
        <ele>532</ele>
        <time>2026-08-18T18:43:12.682Z</time>
      </trkpt>
      <trkpt lat="37.95675" lon="-4.822428">
        <ele>532</ele>
        <time>2026-08-18T18:43:13.682Z</time>
      </trkpt>
      <trkpt lat="37.9567556" lon="-4.82242">
        <ele>532</ele>
        <time>2026-08-18T18:43:14.682Z</time>
      </trkpt>
      <trkpt lat="37.9567609" lon="-4.8224151">
        <ele>532</ele>
        <time>2026-08-18T18:43:15.682Z</time>
      </trkpt>
      <trkpt lat="37.9567663" lon="-4.8224102">
        <ele>531</ele>
        <time>2026-08-18T18:43:16.682Z</time>
      </trkpt>
      <trkpt lat="37.9567744" lon="-4.8224056">
        <ele>531</ele>
        <time>2026-08-18T18:43:17.682Z</time>
      </trkpt>
      <trkpt lat="37.9567825" lon="-4.822401">
        <ele>531</ele>
        <time>2026-08-18T18:43:18.682Z</time>
      </trkpt>
      <trkpt lat="37.9567927" lon="-4.8223969">
        <ele>531</ele>
        <time>2026-08-18T18:43:19.682Z</time>
      </trkpt>
      <trkpt lat="37.9568029" lon="-4.8223929">
        <ele>531</ele>
        <time>2026-08-18T18:43:20.682Z</time>
      </trkpt>
      <trkpt lat="37.956814" lon="-4.82239">
        <ele>531</ele>
        <time>2026-08-18T18:43:21.682Z</time>
      </trkpt>
      <trkpt lat="37.9568251" lon="-4.8223871">
        <ele>531</ele>
        <time>2026-08-18T18:43:22.682Z</time>
      </trkpt>
      <trkpt lat="37.9568358" lon="-4.8223847">
        <ele>531</ele>
        <time>2026-08-18T18:43:23.682Z</time>
      </trkpt>
      <trkpt lat="37.9568465" lon="-4.8223823">
        <ele>530</ele>
        <time>2026-08-18T18:43:24.682Z</time>
      </trkpt>
      <trkpt lat="37.9568566" lon="-4.8223804">
        <ele>530</ele>
        <time>2026-08-18T18:43:25.682Z</time>
      </trkpt>
      <trkpt lat="37.9568668" lon="-4.8223786">
        <ele>530</ele>
        <time>2026-08-18T18:43:26.682Z</time>
      </trkpt>
      <trkpt lat="37.956877" lon="-4.822376">
        <ele>530</ele>
        <time>2026-08-18T18:43:27.682Z</time>
      </trkpt>
      <trkpt lat="37.9568873" lon="-4.8223734">
        <ele>529</ele>
        <time>2026-08-18T18:43:28.682Z</time>
      </trkpt>
      <trkpt lat="37.9568971" lon="-4.8223696">
        <ele>529</ele>
        <time>2026-08-18T18:43:29.682Z</time>
      </trkpt>
      <trkpt lat="37.956907" lon="-4.8223658">
        <ele>529</ele>
        <time>2026-08-18T18:43:30.682Z</time>
      </trkpt>
      <trkpt lat="37.956917" lon="-4.8223621">
        <ele>529</ele>
        <time>2026-08-18T18:43:31.682Z</time>
      </trkpt>
      <trkpt lat="37.956927" lon="-4.8223584">
        <ele>529</ele>
        <time>2026-08-18T18:43:32.682Z</time>
      </trkpt>
      <trkpt lat="37.9569383" lon="-4.8223553">
        <ele>529</ele>
        <time>2026-08-18T18:43:33.682Z</time>
      </trkpt>
      <trkpt lat="37.9569497" lon="-4.8223523">
        <ele>529</ele>
        <time>2026-08-18T18:43:34.682Z</time>
      </trkpt>
      <trkpt lat="37.9569624" lon="-4.8223495">
        <ele>529</ele>
        <time>2026-08-18T18:43:35.682Z</time>
      </trkpt>
      <trkpt lat="37.9569751" lon="-4.8223468">
        <ele>528</ele>
        <time>2026-08-18T18:43:36.682Z</time>
      </trkpt>
      <trkpt lat="37.9569883" lon="-4.8223451">
        <ele>528</ele>
        <time>2026-08-18T18:43:37.682Z</time>
      </trkpt>
      <trkpt lat="37.9570015" lon="-4.8223434">
        <ele>528</ele>
        <time>2026-08-18T18:43:38.682Z</time>
      </trkpt>
      <trkpt lat="37.9570142" lon="-4.8223429">
        <ele>528</ele>
        <time>2026-08-18T18:43:39.682Z</time>
      </trkpt>
      <trkpt lat="37.9570269" lon="-4.8223424">
        <ele>528</ele>
        <time>2026-08-18T18:43:40.682Z</time>
      </trkpt>
      <trkpt lat="37.9570397" lon="-4.8223413">
        <ele>528</ele>
        <time>2026-08-18T18:43:41.682Z</time>
      </trkpt>
      <trkpt lat="37.9570526" lon="-4.8223402">
        <ele>528</ele>
        <time>2026-08-18T18:43:42.682Z</time>
      </trkpt>
      <trkpt lat="37.9570654" lon="-4.8223382">
        <ele>528</ele>
        <time>2026-08-18T18:43:43.682Z</time>
      </trkpt>
      <trkpt lat="37.9570782" lon="-4.8223362">
        <ele>527</ele>
        <time>2026-08-18T18:43:44.682Z</time>
      </trkpt>
      <trkpt lat="37.9570916" lon="-4.8223344">
        <ele>527</ele>
        <time>2026-08-18T18:43:45.682Z</time>
      </trkpt>
      <trkpt lat="37.9571051" lon="-4.8223327">
        <ele>527</ele>
        <time>2026-08-18T18:43:46.682Z</time>
      </trkpt>
      <trkpt lat="37.9571183" lon="-4.8223321">
        <ele>527</ele>
        <time>2026-08-18T18:43:47.682Z</time>
      </trkpt>
      <trkpt lat="37.9571316" lon="-4.8223315">
        <ele>527</ele>
        <time>2026-08-18T18:43:48.682Z</time>
      </trkpt>
      <trkpt lat="37.9571443" lon="-4.8223314">
        <ele>527</ele>
        <time>2026-08-18T18:43:49.682Z</time>
      </trkpt>
      <trkpt lat="37.957157" lon="-4.8223314">
        <ele>527</ele>
        <time>2026-08-18T18:43:50.682Z</time>
      </trkpt>
      <trkpt lat="37.9571676" lon="-4.8223303">
        <ele>527</ele>
        <time>2026-08-18T18:43:51.682Z</time>
      </trkpt>
      <trkpt lat="37.9571783" lon="-4.8223293">
        <ele>526</ele>
        <time>2026-08-18T18:43:52.682Z</time>
      </trkpt>
      <trkpt lat="37.9571891" lon="-4.8223279">
        <ele>526</ele>
        <time>2026-08-18T18:43:53.682Z</time>
      </trkpt>
      <trkpt lat="37.9571999" lon="-4.8223265">
        <ele>526</ele>
        <time>2026-08-18T18:43:54.682Z</time>
      </trkpt>
      <trkpt lat="37.957212" lon="-4.822325">
        <ele>526</ele>
        <time>2026-08-18T18:43:55.682Z</time>
      </trkpt>
      <trkpt lat="37.9572242" lon="-4.8223236">
        <ele>526</ele>
        <time>2026-08-18T18:43:56.682Z</time>
      </trkpt>
      <trkpt lat="37.957237" lon="-4.8223225">
        <ele>526</ele>
        <time>2026-08-18T18:43:57.682Z</time>
      </trkpt>
      <trkpt lat="37.9572499" lon="-4.8223215">
        <ele>526</ele>
        <time>2026-08-18T18:43:58.682Z</time>
      </trkpt>
      <trkpt lat="37.9572633" lon="-4.8223202">
        <ele>526</ele>
        <time>2026-08-18T18:43:59.682Z</time>
      </trkpt>
      <trkpt lat="37.9572768" lon="-4.8223189">
        <ele>525</ele>
        <time>2026-08-18T18:44:00.682Z</time>
      </trkpt>
      <trkpt lat="37.9572906" lon="-4.8223177">
        <ele>525</ele>
        <time>2026-08-18T18:44:01.682Z</time>
      </trkpt>
      <trkpt lat="37.9573044" lon="-4.8223165">
        <ele>525</ele>
        <time>2026-08-18T18:44:02.682Z</time>
      </trkpt>
      <trkpt lat="37.9573175" lon="-4.8223138">
        <ele>525</ele>
        <time>2026-08-18T18:44:03.682Z</time>
      </trkpt>
      <trkpt lat="37.9573306" lon="-4.8223111">
        <ele>525</ele>
        <time>2026-08-18T18:44:04.682Z</time>
      </trkpt>
      <trkpt lat="37.9573422" lon="-4.8223067">
        <ele>525</ele>
        <time>2026-08-18T18:44:05.682Z</time>
      </trkpt>
      <trkpt lat="37.9573539" lon="-4.8223023">
        <ele>525</ele>
        <time>2026-08-18T18:44:06.682Z</time>
      </trkpt>
      <trkpt lat="37.9573653" lon="-4.8222969">
        <ele>525</ele>
        <time>2026-08-18T18:44:07.682Z</time>
      </trkpt>
      <trkpt lat="37.9573767" lon="-4.8222915">
        <ele>525</ele>
        <time>2026-08-18T18:44:08.682Z</time>
      </trkpt>
      <trkpt lat="37.9573891" lon="-4.8222859">
        <ele>525</ele>
        <time>2026-08-18T18:44:09.682Z</time>
      </trkpt>
      <trkpt lat="37.9574015" lon="-4.8222803">
        <ele>525</ele>
        <time>2026-08-18T18:44:10.682Z</time>
      </trkpt>
      <trkpt lat="37.9574151" lon="-4.822275">
        <ele>525</ele>
        <time>2026-08-18T18:44:11.682Z</time>
      </trkpt>
      <trkpt lat="37.9574287" lon="-4.8222697">
        <ele>524</ele>
        <time>2026-08-18T18:44:12.682Z</time>
      </trkpt>
      <trkpt lat="37.9574439" lon="-4.8222663">
        <ele>524</ele>
        <time>2026-08-18T18:44:13.682Z</time>
      </trkpt>
      <trkpt lat="37.9574592" lon="-4.8222629">
        <ele>524</ele>
        <time>2026-08-18T18:44:14.682Z</time>
      </trkpt>
      <trkpt lat="37.9574745" lon="-4.8222612">
        <ele>524</ele>
        <time>2026-08-18T18:44:15.682Z</time>
      </trkpt>
      <trkpt lat="37.9574899" lon="-4.8222595">
        <ele>524</ele>
        <time>2026-08-18T18:44:16.682Z</time>
      </trkpt>
      <trkpt lat="37.9575046" lon="-4.8222573">
        <ele>524</ele>
        <time>2026-08-18T18:44:17.682Z</time>
      </trkpt>
      <trkpt lat="37.9575194" lon="-4.8222552">
        <ele>524</ele>
        <time>2026-08-18T18:44:18.682Z</time>
      </trkpt>
      <trkpt lat="37.9575328" lon="-4.8222535">
        <ele>524</ele>
        <time>2026-08-18T18:44:19.682Z</time>
      </trkpt>
      <trkpt lat="37.9575462" lon="-4.8222518">
        <ele>523</ele>
        <time>2026-08-18T18:44:20.682Z</time>
      </trkpt>
      <trkpt lat="37.9575581" lon="-4.8222505">
        <ele>523</ele>
        <time>2026-08-18T18:44:21.682Z</time>
      </trkpt>
      <trkpt lat="37.95757" lon="-4.8222493">
        <ele>523</ele>
        <time>2026-08-18T18:44:22.682Z</time>
      </trkpt>
      <trkpt lat="37.9575818" lon="-4.8222464">
        <ele>523</ele>
        <time>2026-08-18T18:44:23.682Z</time>
      </trkpt>
      <trkpt lat="37.9575937" lon="-4.8222435">
        <ele>523</ele>
        <time>2026-08-18T18:44:24.682Z</time>
      </trkpt>
      <trkpt lat="37.9576051" lon="-4.8222374">
        <ele>523</ele>
        <time>2026-08-18T18:44:25.682Z</time>
      </trkpt>
      <trkpt lat="37.9576166" lon="-4.8222314">
        <ele>523</ele>
        <time>2026-08-18T18:44:26.682Z</time>
      </trkpt>
      <trkpt lat="37.957627" lon="-4.8222243">
        <ele>523</ele>
        <time>2026-08-18T18:44:27.682Z</time>
      </trkpt>
      <trkpt lat="37.9576374" lon="-4.8222173">
        <ele>523</ele>
        <time>2026-08-18T18:44:28.682Z</time>
      </trkpt>
      <trkpt lat="37.957648" lon="-4.8222105">
        <ele>523</ele>
        <time>2026-08-18T18:44:29.682Z</time>
      </trkpt>
      <trkpt lat="37.9576587" lon="-4.8222038">
        <ele>523</ele>
        <time>2026-08-18T18:44:30.682Z</time>
      </trkpt>
      <trkpt lat="37.9576697" lon="-4.8221966">
        <ele>523</ele>
        <time>2026-08-18T18:44:31.682Z</time>
      </trkpt>
      <trkpt lat="37.9576807" lon="-4.8221895">
        <ele>523</ele>
        <time>2026-08-18T18:44:32.682Z</time>
      </trkpt>
      <trkpt lat="37.9576925" lon="-4.8221822">
        <ele>523</ele>
        <time>2026-08-18T18:44:33.682Z</time>
      </trkpt>
      <trkpt lat="37.9577043" lon="-4.8221749">
        <ele>523</ele>
        <time>2026-08-18T18:44:34.682Z</time>
      </trkpt>
      <trkpt lat="37.9577162" lon="-4.8221668">
        <ele>523</ele>
        <time>2026-08-18T18:44:35.682Z</time>
      </trkpt>
      <trkpt lat="37.9577282" lon="-4.8221587">
        <ele>523</ele>
        <time>2026-08-18T18:44:36.682Z</time>
      </trkpt>
      <trkpt lat="37.9577386" lon="-4.8221499">
        <ele>523</ele>
        <time>2026-08-18T18:44:37.682Z</time>
      </trkpt>
      <trkpt lat="37.9577491" lon="-4.8221412">
        <ele>523</ele>
        <time>2026-08-18T18:44:38.682Z</time>
      </trkpt>
      <trkpt lat="37.957759" lon="-4.8221327">
        <ele>523</ele>
        <time>2026-08-18T18:44:39.682Z</time>
      </trkpt>
      <trkpt lat="37.957769" lon="-4.8221243">
        <ele>523</ele>
        <time>2026-08-18T18:44:40.682Z</time>
      </trkpt>
      <trkpt lat="37.9577785" lon="-4.8221165">
        <ele>523</ele>
        <time>2026-08-18T18:44:41.682Z</time>
      </trkpt>
      <trkpt lat="37.9577881" lon="-4.8221087">
        <ele>523</ele>
        <time>2026-08-18T18:44:42.682Z</time>
      </trkpt>
      <trkpt lat="37.9577977" lon="-4.8220991">
        <ele>523</ele>
        <time>2026-08-18T18:44:43.682Z</time>
      </trkpt>
      <trkpt lat="37.9578073" lon="-4.8220895">
        <ele>523</ele>
        <time>2026-08-18T18:44:44.682Z</time>
      </trkpt>
      <trkpt lat="37.9578166" lon="-4.8220767">
        <ele>523</ele>
        <time>2026-08-18T18:44:45.682Z</time>
      </trkpt>
      <trkpt lat="37.957826" lon="-4.8220639">
        <ele>523</ele>
        <time>2026-08-18T18:44:46.682Z</time>
      </trkpt>
      <trkpt lat="37.9578345" lon="-4.8220502">
        <ele>523</ele>
        <time>2026-08-18T18:44:47.682Z</time>
      </trkpt>
      <trkpt lat="37.957843" lon="-4.8220366">
        <ele>522</ele>
        <time>2026-08-18T18:44:48.682Z</time>
      </trkpt>
      <trkpt lat="37.9578519" lon="-4.8220251">
        <ele>522</ele>
        <time>2026-08-18T18:44:49.682Z</time>
      </trkpt>
      <trkpt lat="37.9578608" lon="-4.8220136">
        <ele>522</ele>
        <time>2026-08-18T18:44:50.682Z</time>
      </trkpt>
      <trkpt lat="37.9578702" lon="-4.8220068">
        <ele>522</ele>
        <time>2026-08-18T18:44:51.682Z</time>
      </trkpt>
      <trkpt lat="37.9578796" lon="-4.822">
        <ele>522</ele>
        <time>2026-08-18T18:44:52.682Z</time>
      </trkpt>
      <trkpt lat="37.9578896" lon="-4.8219994">
        <ele>522</ele>
        <time>2026-08-18T18:44:53.682Z</time>
      </trkpt>
      <trkpt lat="37.9578997" lon="-4.8219989">
        <ele>522</ele>
        <time>2026-08-18T18:44:54.682Z</time>
      </trkpt>
      <trkpt lat="37.9579106" lon="-4.8220017">
        <ele>522</ele>
        <time>2026-08-18T18:44:55.682Z</time>
      </trkpt>
      <trkpt lat="37.9579216" lon="-4.8220046">
        <ele>521</ele>
        <time>2026-08-18T18:44:56.682Z</time>
      </trkpt>
      <trkpt lat="37.9579329" lon="-4.8220067">
        <ele>521</ele>
        <time>2026-08-18T18:44:57.682Z</time>
      </trkpt>
      <trkpt lat="37.9579442" lon="-4.8220089">
        <ele>521</ele>
        <time>2026-08-18T18:44:58.682Z</time>
      </trkpt>
      <trkpt lat="37.9579546" lon="-4.8220089">
        <ele>521</ele>
        <time>2026-08-18T18:44:59.682Z</time>
      </trkpt>
      <trkpt lat="37.957965" lon="-4.8220089">
        <ele>521</ele>
        <time>2026-08-18T18:45:00.682Z</time>
      </trkpt>
      <trkpt lat="37.9579745" lon="-4.822006">
        <ele>521</ele>
        <time>2026-08-18T18:45:01.682Z</time>
      </trkpt>
      <trkpt lat="37.957984" lon="-4.8220032">
        <ele>521</ele>
        <time>2026-08-18T18:45:02.682Z</time>
      </trkpt>
      <trkpt lat="37.9579927" lon="-4.8219983">
        <ele>522</ele>
        <time>2026-08-18T18:45:03.682Z</time>
      </trkpt>
      <trkpt lat="37.9580015" lon="-4.8219934">
        <ele>521</ele>
        <time>2026-08-18T18:45:04.682Z</time>
      </trkpt>
      <trkpt lat="37.9580093" lon="-4.8219852">
        <ele>521</ele>
        <time>2026-08-18T18:45:05.682Z</time>
      </trkpt>
      <trkpt lat="37.9580172" lon="-4.821977">
        <ele>521</ele>
        <time>2026-08-18T18:45:06.682Z</time>
      </trkpt>
      <trkpt lat="37.9580234" lon="-4.8219665">
        <ele>521</ele>
        <time>2026-08-18T18:45:07.682Z</time>
      </trkpt>
      <trkpt lat="37.9580297" lon="-4.821956">
        <ele>521</ele>
        <time>2026-08-18T18:45:08.682Z</time>
      </trkpt>
      <trkpt lat="37.9580352" lon="-4.8219449">
        <ele>521</ele>
        <time>2026-08-18T18:45:09.682Z</time>
      </trkpt>
      <trkpt lat="37.9580407" lon="-4.8219339">
        <ele>521</ele>
        <time>2026-08-18T18:45:10.682Z</time>
      </trkpt>
      <trkpt lat="37.9580463" lon="-4.8219222">
        <ele>521</ele>
        <time>2026-08-18T18:45:11.682Z</time>
      </trkpt>
      <trkpt lat="37.9580519" lon="-4.8219106">
        <ele>521</ele>
        <time>2026-08-18T18:45:12.682Z</time>
      </trkpt>
      <trkpt lat="37.9580573" lon="-4.8218986">
        <ele>521</ele>
        <time>2026-08-18T18:45:13.682Z</time>
      </trkpt>
      <trkpt lat="37.9580628" lon="-4.8218867">
        <ele>521</ele>
        <time>2026-08-18T18:45:14.682Z</time>
      </trkpt>
      <trkpt lat="37.9580676" lon="-4.8218739">
        <ele>522</ele>
        <time>2026-08-18T18:45:15.682Z</time>
      </trkpt>
      <trkpt lat="37.9580724" lon="-4.8218611">
        <ele>522</ele>
        <time>2026-08-18T18:45:16.682Z</time>
      </trkpt>
      <trkpt lat="37.9580773" lon="-4.8218484">
        <ele>522</ele>
        <time>2026-08-18T18:45:17.682Z</time>
      </trkpt>
      <trkpt lat="37.9580822" lon="-4.8218358">
        <ele>522</ele>
        <time>2026-08-18T18:45:18.682Z</time>
      </trkpt>
      <trkpt lat="37.9580884" lon="-4.8218235">
        <ele>522</ele>
        <time>2026-08-18T18:45:19.682Z</time>
      </trkpt>
      <trkpt lat="37.9580947" lon="-4.8218113">
        <ele>522</ele>
        <time>2026-08-18T18:45:20.682Z</time>
      </trkpt>
      <trkpt lat="37.9581007" lon="-4.8217983">
        <ele>522</ele>
        <time>2026-08-18T18:45:21.682Z</time>
      </trkpt>
      <trkpt lat="37.9581067" lon="-4.8217854">
        <ele>522</ele>
        <time>2026-08-18T18:45:22.682Z</time>
      </trkpt>
      <trkpt lat="37.9581122" lon="-4.8217722">
        <ele>522</ele>
        <time>2026-08-18T18:45:23.682Z</time>
      </trkpt>
      <trkpt lat="37.9581177" lon="-4.821759">
        <ele>522</ele>
        <time>2026-08-18T18:45:24.682Z</time>
      </trkpt>
      <trkpt lat="37.9581226" lon="-4.821746">
        <ele>522</ele>
        <time>2026-08-18T18:45:25.682Z</time>
      </trkpt>
      <trkpt lat="37.9581276" lon="-4.821733">
        <ele>522</ele>
        <time>2026-08-18T18:45:26.682Z</time>
      </trkpt>
      <trkpt lat="37.9581319" lon="-4.8217197">
        <ele>522</ele>
        <time>2026-08-18T18:45:27.682Z</time>
      </trkpt>
      <trkpt lat="37.9581363" lon="-4.8217064">
        <ele>522</ele>
        <time>2026-08-18T18:45:28.682Z</time>
      </trkpt>
      <trkpt lat="37.9581413" lon="-4.8216926">
        <ele>522</ele>
        <time>2026-08-18T18:45:29.682Z</time>
      </trkpt>
      <trkpt lat="37.9581463" lon="-4.8216788">
        <ele>522</ele>
        <time>2026-08-18T18:45:30.682Z</time>
      </trkpt>
      <trkpt lat="37.9581511" lon="-4.8216652">
        <ele>522</ele>
        <time>2026-08-18T18:45:31.682Z</time>
      </trkpt>
      <trkpt lat="37.9581559" lon="-4.8216516">
        <ele>522</ele>
        <time>2026-08-18T18:45:32.682Z</time>
      </trkpt>
      <trkpt lat="37.9581597" lon="-4.8216381">
        <ele>522</ele>
        <time>2026-08-18T18:45:33.682Z</time>
      </trkpt>
      <trkpt lat="37.9581636" lon="-4.8216247">
        <ele>522</ele>
        <time>2026-08-18T18:45:34.682Z</time>
      </trkpt>
      <trkpt lat="37.9581679" lon="-4.821611">
        <ele>522</ele>
        <time>2026-08-18T18:45:35.682Z</time>
      </trkpt>
      <trkpt lat="37.9581722" lon="-4.8215974">
        <ele>522</ele>
        <time>2026-08-18T18:45:36.682Z</time>
      </trkpt>
      <trkpt lat="37.9581754" lon="-4.8215841">
        <ele>522</ele>
        <time>2026-08-18T18:45:37.682Z</time>
      </trkpt>
      <trkpt lat="37.9581786" lon="-4.8215709">
        <ele>522</ele>
        <time>2026-08-18T18:45:38.682Z</time>
      </trkpt>
      <trkpt lat="37.9581812" lon="-4.8215566">
        <ele>523</ele>
        <time>2026-08-18T18:45:39.682Z</time>
      </trkpt>
      <trkpt lat="37.9581839" lon="-4.8215423">
        <ele>522</ele>
        <time>2026-08-18T18:45:40.682Z</time>
      </trkpt>
      <trkpt lat="37.958183" lon="-4.8215271">
        <ele>522</ele>
        <time>2026-08-18T18:45:41.682Z</time>
      </trkpt>
      <trkpt lat="37.9581822" lon="-4.821512">
        <ele>522</ele>
        <time>2026-08-18T18:45:42.682Z</time>
      </trkpt>
      <trkpt lat="37.958176" lon="-4.8214972">
        <ele>522</ele>
        <time>2026-08-18T18:45:43.682Z</time>
      </trkpt>
      <trkpt lat="37.9581699" lon="-4.8214824">
        <ele>522</ele>
        <time>2026-08-18T18:45:44.682Z</time>
      </trkpt>
      <trkpt lat="37.9581589" lon="-4.8214732">
        <ele>522</ele>
        <time>2026-08-18T18:45:45.682Z</time>
      </trkpt>
      <trkpt lat="37.958148" lon="-4.8214641">
        <ele>522</ele>
        <time>2026-08-18T18:45:46.682Z</time>
      </trkpt>
      <trkpt lat="37.9581373" lon="-4.8214592">
        <ele>522</ele>
        <time>2026-08-18T18:45:47.682Z</time>
      </trkpt>
      <trkpt lat="37.9581266" lon="-4.8214543">
        <ele>522</ele>
        <time>2026-08-18T18:45:48.682Z</time>
      </trkpt>
      <trkpt lat="37.9581174" lon="-4.8214507">
        <ele>522</ele>
        <time>2026-08-18T18:45:49.682Z</time>
      </trkpt>
      <trkpt lat="37.9581082" lon="-4.8214471">
        <ele>522</ele>
        <time>2026-08-18T18:45:50.682Z</time>
      </trkpt>
      <trkpt lat="37.9581002" lon="-4.8214435">
        <ele>523</ele>
        <time>2026-08-18T18:45:51.682Z</time>
      </trkpt>
      <trkpt lat="37.9580923" lon="-4.82144">
        <ele>523</ele>
        <time>2026-08-18T18:45:52.682Z</time>
      </trkpt>
      <trkpt lat="37.958086" lon="-4.8214367">
        <ele>523</ele>
        <time>2026-08-18T18:45:53.682Z</time>
      </trkpt>
      <trkpt lat="37.9580798" lon="-4.8214334">
        <ele>523</ele>
        <time>2026-08-18T18:45:54.682Z</time>
      </trkpt>
      <trkpt lat="37.9580744" lon="-4.8214303">
        <ele>524</ele>
        <time>2026-08-18T18:45:55.682Z</time>
      </trkpt>
      <trkpt lat="37.9580691" lon="-4.8214273">
        <ele>524</ele>
        <time>2026-08-18T18:45:56.682Z</time>
      </trkpt>
      <trkpt lat="37.9580633" lon="-4.8214227">
        <ele>524</ele>
        <time>2026-08-18T18:45:57.682Z</time>
      </trkpt>
      <trkpt lat="37.9580576" lon="-4.8214181">
        <ele>524</ele>
        <time>2026-08-18T18:45:58.682Z</time>
      </trkpt>
      <trkpt lat="37.9580523" lon="-4.8214119">
        <ele>525</ele>
        <time>2026-08-18T18:45:59.682Z</time>
      </trkpt>
      <trkpt lat="37.9580471" lon="-4.8214057">
        <ele>525</ele>
        <time>2026-08-18T18:46:00.682Z</time>
      </trkpt>
      <trkpt lat="37.9580436" lon="-4.8213985">
        <ele>525</ele>
        <time>2026-08-18T18:46:01.682Z</time>
      </trkpt>
      <trkpt lat="37.9580402" lon="-4.8213913">
        <ele>525</ele>
        <time>2026-08-18T18:46:02.682Z</time>
      </trkpt>
      <trkpt lat="37.9580383" lon="-4.821384">
        <ele>526</ele>
        <time>2026-08-18T18:46:03.682Z</time>
      </trkpt>
      <trkpt lat="37.9580364" lon="-4.8213768">
        <ele>526</ele>
        <time>2026-08-18T18:46:04.682Z</time>
      </trkpt>
      <trkpt lat="37.9580328" lon="-4.8213713">
        <ele>526</ele>
        <time>2026-08-18T18:46:05.682Z</time>
      </trkpt>
      <trkpt lat="37.9580293" lon="-4.8213659">
        <ele>526</ele>
        <time>2026-08-18T18:46:06.682Z</time>
      </trkpt>
      <trkpt lat="37.9580238" lon="-4.8213634">
        <ele>527</ele>
        <time>2026-08-18T18:46:07.682Z</time>
      </trkpt>
      <trkpt lat="37.9580184" lon="-4.8213609">
        <ele>527</ele>
        <time>2026-08-18T18:46:08.682Z</time>
      </trkpt>
      <trkpt lat="37.958012" lon="-4.8213585">
        <ele>527</ele>
        <time>2026-08-18T18:46:09.682Z</time>
      </trkpt>
      <trkpt lat="37.9580056" lon="-4.8213561">
        <ele>527</ele>
        <time>2026-08-18T18:46:10.682Z</time>
      </trkpt>
      <trkpt lat="37.9579989" lon="-4.8213515">
        <ele>528</ele>
        <time>2026-08-18T18:46:11.682Z</time>
      </trkpt>
      <trkpt lat="37.9579923" lon="-4.821347">
        <ele>528</ele>
        <time>2026-08-18T18:46:12.682Z</time>
      </trkpt>
      <trkpt lat="37.9579878" lon="-4.8213408">
        <ele>528</ele>
        <time>2026-08-18T18:46:13.682Z</time>
      </trkpt>
      <trkpt lat="37.9579833" lon="-4.8213346">
        <ele>528</ele>
        <time>2026-08-18T18:46:14.682Z</time>
      </trkpt>
      <trkpt lat="37.9579813" lon="-4.8213258">
        <ele>528</ele>
        <time>2026-08-18T18:46:15.682Z</time>
      </trkpt>
      <trkpt lat="37.9579793" lon="-4.8213171">
        <ele>528</ele>
        <time>2026-08-18T18:46:16.682Z</time>
      </trkpt>
      <trkpt lat="37.9579793" lon="-4.8213061">
        <ele>528</ele>
        <time>2026-08-18T18:46:17.682Z</time>
      </trkpt>
      <trkpt lat="37.9579793" lon="-4.8212952">
        <ele>528</ele>
        <time>2026-08-18T18:46:18.682Z</time>
      </trkpt>
      <trkpt lat="37.9579801" lon="-4.8212841">
        <ele>529</ele>
        <time>2026-08-18T18:46:19.682Z</time>
      </trkpt>
      <trkpt lat="37.9579809" lon="-4.821273">
        <ele>529</ele>
        <time>2026-08-18T18:46:20.682Z</time>
      </trkpt>
      <trkpt lat="37.9579809" lon="-4.8212625">
        <ele>529</ele>
        <time>2026-08-18T18:46:21.682Z</time>
      </trkpt>
      <trkpt lat="37.9579809" lon="-4.821252">
        <ele>529</ele>
        <time>2026-08-18T18:46:22.682Z</time>
      </trkpt>
      <trkpt lat="37.9579802" lon="-4.8212422">
        <ele>530</ele>
        <time>2026-08-18T18:46:23.682Z</time>
      </trkpt>
      <trkpt lat="37.9579796" lon="-4.8212324">
        <ele>530</ele>
        <time>2026-08-18T18:46:24.682Z</time>
      </trkpt>
      <trkpt lat="37.9579792" lon="-4.8212223">
        <ele>530</ele>
        <time>2026-08-18T18:46:25.682Z</time>
      </trkpt>
      <trkpt lat="37.9579789" lon="-4.8212123">
        <ele>530</ele>
        <time>2026-08-18T18:46:26.682Z</time>
      </trkpt>
      <trkpt lat="37.9579795" lon="-4.8212028">
        <ele>531</ele>
        <time>2026-08-18T18:46:27.682Z</time>
      </trkpt>
      <trkpt lat="37.9579801" lon="-4.8211933">
        <ele>531</ele>
        <time>2026-08-18T18:46:28.682Z</time>
      </trkpt>
      <trkpt lat="37.957982" lon="-4.8211825">
        <ele>531</ele>
        <time>2026-08-18T18:46:29.682Z</time>
      </trkpt>
      <trkpt lat="37.957984" lon="-4.8211718">
        <ele>531</ele>
        <time>2026-08-18T18:46:30.682Z</time>
      </trkpt>
      <trkpt lat="37.9579862" lon="-4.8211593">
        <ele>532</ele>
        <time>2026-08-18T18:46:31.682Z</time>
      </trkpt>
      <trkpt lat="37.9579885" lon="-4.8211469">
        <ele>532</ele>
        <time>2026-08-18T18:46:32.682Z</time>
      </trkpt>
      <trkpt lat="37.9579888" lon="-4.8211336">
        <ele>532</ele>
        <time>2026-08-18T18:46:33.682Z</time>
      </trkpt>
      <trkpt lat="37.9579891" lon="-4.8211204">
        <ele>532</ele>
        <time>2026-08-18T18:46:34.682Z</time>
      </trkpt>
      <trkpt lat="37.9579886" lon="-4.8211067">
        <ele>533</ele>
        <time>2026-08-18T18:46:35.682Z</time>
      </trkpt>
      <trkpt lat="37.9579882" lon="-4.8210931">
        <ele>533</ele>
        <time>2026-08-18T18:46:36.682Z</time>
      </trkpt>
      <trkpt lat="37.9579879" lon="-4.821081">
        <ele>533</ele>
        <time>2026-08-18T18:46:37.682Z</time>
      </trkpt>
      <trkpt lat="37.9579877" lon="-4.821069">
        <ele>533</ele>
        <time>2026-08-18T18:46:38.682Z</time>
      </trkpt>
      <trkpt lat="37.9579875" lon="-4.8210581">
        <ele>534</ele>
        <time>2026-08-18T18:46:39.682Z</time>
      </trkpt>
      <trkpt lat="37.9579873" lon="-4.8210472">
        <ele>534</ele>
        <time>2026-08-18T18:46:40.682Z</time>
      </trkpt>
      <trkpt lat="37.9579875" lon="-4.8210362">
        <ele>534</ele>
        <time>2026-08-18T18:46:41.682Z</time>
      </trkpt>
      <trkpt lat="37.9579877" lon="-4.8210252">
        <ele>534</ele>
        <time>2026-08-18T18:46:42.682Z</time>
      </trkpt>
      <trkpt lat="37.957988" lon="-4.8210131">
        <ele>535</ele>
        <time>2026-08-18T18:46:43.682Z</time>
      </trkpt>
      <trkpt lat="37.9579883" lon="-4.821001">
        <ele>535</ele>
        <time>2026-08-18T18:46:44.682Z</time>
      </trkpt>
      <trkpt lat="37.9579884" lon="-4.8209886">
        <ele>535</ele>
        <time>2026-08-18T18:46:45.682Z</time>
      </trkpt>
      <trkpt lat="37.9579885" lon="-4.8209763">
        <ele>535</ele>
        <time>2026-08-18T18:46:46.682Z</time>
      </trkpt>
      <trkpt lat="37.9579893" lon="-4.8209641">
        <ele>536</ele>
        <time>2026-08-18T18:46:47.682Z</time>
      </trkpt>
      <trkpt lat="37.9579902" lon="-4.820952">
        <ele>536</ele>
        <time>2026-08-18T18:46:48.682Z</time>
      </trkpt>
      <trkpt lat="37.9579912" lon="-4.8209405">
        <ele>536</ele>
        <time>2026-08-18T18:46:49.682Z</time>
      </trkpt>
      <trkpt lat="37.9579922" lon="-4.8209291">
        <ele>536</ele>
        <time>2026-08-18T18:46:50.682Z</time>
      </trkpt>
      <trkpt lat="37.9579932" lon="-4.8209172">
        <ele>537</ele>
        <time>2026-08-18T18:46:51.682Z</time>
      </trkpt>
      <trkpt lat="37.9579943" lon="-4.8209053">
        <ele>537</ele>
        <time>2026-08-18T18:46:52.682Z</time>
      </trkpt>
      <trkpt lat="37.9579952" lon="-4.8208926">
        <ele>537</ele>
        <time>2026-08-18T18:46:53.682Z</time>
      </trkpt>
      <trkpt lat="37.9579961" lon="-4.82088">
        <ele>537</ele>
        <time>2026-08-18T18:46:54.682Z</time>
      </trkpt>
      <trkpt lat="37.9579966" lon="-4.8208684">
        <ele>538</ele>
        <time>2026-08-18T18:46:55.682Z</time>
      </trkpt>
      <trkpt lat="37.9579972" lon="-4.8208569">
        <ele>538</ele>
        <time>2026-08-18T18:46:56.682Z</time>
      </trkpt>
      <trkpt lat="37.9579978" lon="-4.8208455">
        <ele>538</ele>
        <time>2026-08-18T18:46:57.682Z</time>
      </trkpt>
      <trkpt lat="37.9579985" lon="-4.8208342">
        <ele>538</ele>
        <time>2026-08-18T18:46:58.682Z</time>
      </trkpt>
      <trkpt lat="37.9580003" lon="-4.8208238">
        <ele>539</ele>
        <time>2026-08-18T18:46:59.682Z</time>
      </trkpt>
      <trkpt lat="37.9580022" lon="-4.8208134">
        <ele>539</ele>
        <time>2026-08-18T18:47:00.682Z</time>
      </trkpt>
      <trkpt lat="37.9580064" lon="-4.8208037">
        <ele>539</ele>
        <time>2026-08-18T18:47:01.682Z</time>
      </trkpt>
      <trkpt lat="37.9580106" lon="-4.8207941">
        <ele>539</ele>
        <time>2026-08-18T18:47:02.682Z</time>
      </trkpt>
      <trkpt lat="37.9580151" lon="-4.820782">
        <ele>540</ele>
        <time>2026-08-18T18:47:03.682Z</time>
      </trkpt>
      <trkpt lat="37.9580196" lon="-4.82077">
        <ele>540</ele>
        <time>2026-08-18T18:47:04.682Z</time>
      </trkpt>
      <trkpt lat="37.958023" lon="-4.8207579">
        <ele>540</ele>
        <time>2026-08-18T18:47:05.682Z</time>
      </trkpt>
      <trkpt lat="37.9580264" lon="-4.8207458">
        <ele>540</ele>
        <time>2026-08-18T18:47:06.682Z</time>
      </trkpt>
      <trkpt lat="37.95803" lon="-4.8207345">
        <ele>541</ele>
        <time>2026-08-18T18:47:07.682Z</time>
      </trkpt>
      <trkpt lat="37.9580337" lon="-4.8207232">
        <ele>541</ele>
        <time>2026-08-18T18:47:08.682Z</time>
      </trkpt>
      <trkpt lat="37.958038" lon="-4.8207129">
        <ele>541</ele>
        <time>2026-08-18T18:47:09.682Z</time>
      </trkpt>
      <trkpt lat="37.9580424" lon="-4.8207026">
        <ele>541</ele>
        <time>2026-08-18T18:47:10.682Z</time>
      </trkpt>
      <trkpt lat="37.9580485" lon="-4.8206944">
        <ele>541</ele>
        <time>2026-08-18T18:47:11.682Z</time>
      </trkpt>
      <trkpt lat="37.9580547" lon="-4.8206862">
        <ele>541</ele>
        <time>2026-08-18T18:47:12.682Z</time>
      </trkpt>
      <trkpt lat="37.9580623" lon="-4.8206777">
        <ele>541</ele>
        <time>2026-08-18T18:47:13.682Z</time>
      </trkpt>
      <trkpt lat="37.9580699" lon="-4.8206692">
        <ele>541</ele>
        <time>2026-08-18T18:47:14.682Z</time>
      </trkpt>
      <trkpt lat="37.9580768" lon="-4.820658">
        <ele>542</ele>
        <time>2026-08-18T18:47:15.682Z</time>
      </trkpt>
      <trkpt lat="37.9580837" lon="-4.8206468">
        <ele>542</ele>
        <time>2026-08-18T18:47:16.682Z</time>
      </trkpt>
      <trkpt lat="37.9580885" lon="-4.8206331">
        <ele>542</ele>
        <time>2026-08-18T18:47:17.682Z</time>
      </trkpt>
      <trkpt lat="37.9580933" lon="-4.8206195">
        <ele>542</ele>
        <time>2026-08-18T18:47:18.682Z</time>
      </trkpt>
      <trkpt lat="37.9580977" lon="-4.8206072">
        <ele>543</ele>
        <time>2026-08-18T18:47:19.682Z</time>
      </trkpt>
      <trkpt lat="37.9581021" lon="-4.820595">
        <ele>543</ele>
        <time>2026-08-18T18:47:20.682Z</time>
      </trkpt>
      <trkpt lat="37.9581076" lon="-4.820585">
        <ele>543</ele>
        <time>2026-08-18T18:47:21.682Z</time>
      </trkpt>
      <trkpt lat="37.9581132" lon="-4.820575">
        <ele>543</ele>
        <time>2026-08-18T18:47:22.682Z</time>
      </trkpt>
      <trkpt lat="37.9581188" lon="-4.8205633">
        <ele>543</ele>
        <time>2026-08-18T18:47:23.682Z</time>
      </trkpt>
      <trkpt lat="37.9581245" lon="-4.8205517">
        <ele>543</ele>
        <time>2026-08-18T18:47:24.682Z</time>
      </trkpt>
      <trkpt lat="37.9581297" lon="-4.8205376">
        <ele>543</ele>
        <time>2026-08-18T18:47:25.682Z</time>
      </trkpt>
      <trkpt lat="37.958135" lon="-4.8205236">
        <ele>543</ele>
        <time>2026-08-18T18:47:26.682Z</time>
      </trkpt>
      <trkpt lat="37.9581394" lon="-4.8205084">
        <ele>543</ele>
        <time>2026-08-18T18:47:27.682Z</time>
      </trkpt>
      <trkpt lat="37.9581438" lon="-4.8204933">
        <ele>543</ele>
        <time>2026-08-18T18:47:28.682Z</time>
      </trkpt>
      <trkpt lat="37.9581479" lon="-4.8204786">
        <ele>543</ele>
        <time>2026-08-18T18:47:29.682Z</time>
      </trkpt>
      <trkpt lat="37.9581521" lon="-4.8204639">
        <ele>543</ele>
        <time>2026-08-18T18:47:30.682Z</time>
      </trkpt>
      <trkpt lat="37.9581567" lon="-4.8204507">
        <ele>543</ele>
        <time>2026-08-18T18:47:31.682Z</time>
      </trkpt>
      <trkpt lat="37.9581613" lon="-4.8204375">
        <ele>543</ele>
        <time>2026-08-18T18:47:32.682Z</time>
      </trkpt>
      <trkpt lat="37.958165" lon="-4.8204245">
        <ele>543</ele>
        <time>2026-08-18T18:47:33.682Z</time>
      </trkpt>
      <trkpt lat="37.9581687" lon="-4.8204115">
        <ele>543</ele>
        <time>2026-08-18T18:47:34.682Z</time>
      </trkpt>
      <trkpt lat="37.9581706" lon="-4.8203981">
        <ele>544</ele>
        <time>2026-08-18T18:47:35.682Z</time>
      </trkpt>
      <trkpt lat="37.9581726" lon="-4.8203848">
        <ele>543</ele>
        <time>2026-08-18T18:47:36.682Z</time>
      </trkpt>
      <trkpt lat="37.9581753" lon="-4.8203701">
        <ele>543</ele>
        <time>2026-08-18T18:47:37.682Z</time>
      </trkpt>
      <trkpt lat="37.9581781" lon="-4.8203555">
        <ele>543</ele>
        <time>2026-08-18T18:47:38.682Z</time>
      </trkpt>
      <trkpt lat="37.9581819" lon="-4.8203392">
        <ele>543</ele>
        <time>2026-08-18T18:47:39.682Z</time>
      </trkpt>
      <trkpt lat="37.9581857" lon="-4.8203229">
        <ele>543</ele>
        <time>2026-08-18T18:47:40.682Z</time>
      </trkpt>
      <trkpt lat="37.9581892" lon="-4.8203055">
        <ele>543</ele>
        <time>2026-08-18T18:47:41.682Z</time>
      </trkpt>
      <trkpt lat="37.9581927" lon="-4.8202881">
        <ele>543</ele>
        <time>2026-08-18T18:47:42.682Z</time>
      </trkpt>
      <trkpt lat="37.9581953" lon="-4.82027">
        <ele>544</ele>
        <time>2026-08-18T18:47:43.682Z</time>
      </trkpt>
      <trkpt lat="37.958198" lon="-4.820252">
        <ele>544</ele>
        <time>2026-08-18T18:47:44.682Z</time>
      </trkpt>
      <trkpt lat="37.9582012" lon="-4.8202346">
        <ele>544</ele>
        <time>2026-08-18T18:47:45.682Z</time>
      </trkpt>
      <trkpt lat="37.9582044" lon="-4.8202173">
        <ele>544</ele>
        <time>2026-08-18T18:47:46.682Z</time>
      </trkpt>
      <trkpt lat="37.9582072" lon="-4.8202005">
        <ele>544</ele>
        <time>2026-08-18T18:47:47.682Z</time>
      </trkpt>
      <trkpt lat="37.9582101" lon="-4.8201837">
        <ele>544</ele>
        <time>2026-08-18T18:47:48.682Z</time>
      </trkpt>
      <trkpt lat="37.9582109" lon="-4.8201671">
        <ele>544</ele>
        <time>2026-08-18T18:47:49.682Z</time>
      </trkpt>
      <trkpt lat="37.9582118" lon="-4.8201506">
        <ele>544</ele>
        <time>2026-08-18T18:47:50.682Z</time>
      </trkpt>
      <trkpt lat="37.9582125" lon="-4.8201337">
        <ele>544</ele>
        <time>2026-08-18T18:47:51.682Z</time>
      </trkpt>
      <trkpt lat="37.9582132" lon="-4.8201168">
        <ele>544</ele>
        <time>2026-08-18T18:47:52.682Z</time>
      </trkpt>
      <trkpt lat="37.9582142" lon="-4.8200995">
        <ele>544</ele>
        <time>2026-08-18T18:47:53.682Z</time>
      </trkpt>
      <trkpt lat="37.9582153" lon="-4.8200823">
        <ele>544</ele>
        <time>2026-08-18T18:47:54.682Z</time>
      </trkpt>
      <trkpt lat="37.9582155" lon="-4.8200662">
        <ele>544</ele>
        <time>2026-08-18T18:47:55.682Z</time>
      </trkpt>
      <trkpt lat="37.9582158" lon="-4.8200501">
        <ele>544</ele>
        <time>2026-08-18T18:47:56.682Z</time>
      </trkpt>
      <trkpt lat="37.9582144" lon="-4.820035">
        <ele>544</ele>
        <time>2026-08-18T18:47:57.682Z</time>
      </trkpt>
      <trkpt lat="37.958213" lon="-4.8200199">
        <ele>544</ele>
        <time>2026-08-18T18:47:58.682Z</time>
      </trkpt>
      <trkpt lat="37.9582106" lon="-4.8200045">
        <ele>544</ele>
        <time>2026-08-18T18:47:59.682Z</time>
      </trkpt>
      <trkpt lat="37.9582082" lon="-4.8199892">
        <ele>544</ele>
        <time>2026-08-18T18:48:00.682Z</time>
      </trkpt>
      <trkpt lat="37.9581988" lon="-4.8199648">
        <ele>542</ele>
        <time>2026-08-18T18:49:40.682Z</time>
      </trkpt>
      <trkpt lat="37.9581961" lon="-4.8199574">
        <ele>542</ele>
        <time>2026-08-18T18:49:41.682Z</time>
      </trkpt>
      <trkpt lat="37.9581934" lon="-4.8199501">
        <ele>542</ele>
        <time>2026-08-18T18:49:42.682Z</time>
      </trkpt>
      <trkpt lat="37.9581907" lon="-4.819942">
        <ele>542</ele>
        <time>2026-08-18T18:49:43.682Z</time>
      </trkpt>
      <trkpt lat="37.9581881" lon="-4.8199339">
        <ele>541</ele>
        <time>2026-08-18T18:49:44.682Z</time>
      </trkpt>
      <trkpt lat="37.9581845" lon="-4.8199247">
        <ele>541</ele>
        <time>2026-08-18T18:49:45.682Z</time>
      </trkpt>
      <trkpt lat="37.9581809" lon="-4.8199155">
        <ele>541</ele>
        <time>2026-08-18T18:49:46.682Z</time>
      </trkpt>
      <trkpt lat="37.9581774" lon="-4.8199044">
        <ele>541</ele>
        <time>2026-08-18T18:49:47.682Z</time>
      </trkpt>
      <trkpt lat="37.9581739" lon="-4.8198933">
        <ele>540</ele>
        <time>2026-08-18T18:49:48.682Z</time>
      </trkpt>
      <trkpt lat="37.9581708" lon="-4.8198807">
        <ele>540</ele>
        <time>2026-08-18T18:49:49.682Z</time>
      </trkpt>
      <trkpt lat="37.9581678" lon="-4.8198681">
        <ele>540</ele>
        <time>2026-08-18T18:49:50.682Z</time>
      </trkpt>
      <trkpt lat="37.9581645" lon="-4.8198577">
        <ele>540</ele>
        <time>2026-08-18T18:49:51.682Z</time>
      </trkpt>
      <trkpt lat="37.9581613" lon="-4.8198473">
        <ele>540</ele>
        <time>2026-08-18T18:49:52.682Z</time>
      </trkpt>
      <trkpt lat="37.9581562" lon="-4.8198415">
        <ele>540</ele>
        <time>2026-08-18T18:49:53.682Z</time>
      </trkpt>
      <trkpt lat="37.9581511" lon="-4.8198357">
        <ele>540</ele>
        <time>2026-08-18T18:49:54.682Z</time>
      </trkpt>
      <trkpt lat="37.9581467" lon="-4.819829">
        <ele>540</ele>
        <time>2026-08-18T18:49:55.682Z</time>
      </trkpt>
      <trkpt lat="37.9581423" lon="-4.8198224">
        <ele>540</ele>
        <time>2026-08-18T18:49:56.682Z</time>
      </trkpt>
      <trkpt lat="37.9581396" lon="-4.819813">
        <ele>540</ele>
        <time>2026-08-18T18:49:57.682Z</time>
      </trkpt>
      <trkpt lat="37.958137" lon="-4.8198037">
        <ele>540</ele>
        <time>2026-08-18T18:49:58.682Z</time>
      </trkpt>
      <trkpt lat="37.9581336" lon="-4.8197932">
        <ele>540</ele>
        <time>2026-08-18T18:49:59.682Z</time>
      </trkpt>
      <trkpt lat="37.9581303" lon="-4.8197828">
        <ele>539</ele>
        <time>2026-08-18T18:50:00.682Z</time>
      </trkpt>
      <trkpt lat="37.9581252" lon="-4.8197728">
        <ele>539</ele>
        <time>2026-08-18T18:50:01.682Z</time>
      </trkpt>
      <trkpt lat="37.9581201" lon="-4.8197628">
        <ele>539</ele>
        <time>2026-08-18T18:50:02.682Z</time>
      </trkpt>
      <trkpt lat="37.9581154" lon="-4.819754">
        <ele>539</ele>
        <time>2026-08-18T18:50:03.682Z</time>
      </trkpt>
      <trkpt lat="37.9581108" lon="-4.8197452">
        <ele>538</ele>
        <time>2026-08-18T18:50:04.682Z</time>
      </trkpt>
      <trkpt lat="37.9581089" lon="-4.8197367">
        <ele>538</ele>
        <time>2026-08-18T18:50:05.682Z</time>
      </trkpt>
      <trkpt lat="37.958107" lon="-4.8197282">
        <ele>538</ele>
        <time>2026-08-18T18:50:06.682Z</time>
      </trkpt>
      <trkpt lat="37.9581079" lon="-4.8197175">
        <ele>538</ele>
        <time>2026-08-18T18:50:07.682Z</time>
      </trkpt>
      <trkpt lat="37.9581089" lon="-4.8197068">
        <ele>537</ele>
        <time>2026-08-18T18:50:08.682Z</time>
      </trkpt>
      <trkpt lat="37.9581085" lon="-4.8196969">
        <ele>537</ele>
        <time>2026-08-18T18:50:09.682Z</time>
      </trkpt>
      <trkpt lat="37.9581081" lon="-4.819687">
        <ele>537</ele>
        <time>2026-08-18T18:50:10.682Z</time>
      </trkpt>
      <trkpt lat="37.9581066" lon="-4.8196779">
        <ele>537</ele>
        <time>2026-08-18T18:50:11.682Z</time>
      </trkpt>
      <trkpt lat="37.9581052" lon="-4.8196689">
        <ele>536</ele>
        <time>2026-08-18T18:50:12.682Z</time>
      </trkpt>
      <trkpt lat="37.958101" lon="-4.8196597">
        <ele>536</ele>
        <time>2026-08-18T18:50:13.682Z</time>
      </trkpt>
      <trkpt lat="37.9580968" lon="-4.8196505">
        <ele>535</ele>
        <time>2026-08-18T18:50:14.682Z</time>
      </trkpt>
      <trkpt lat="37.9580896" lon="-4.8196432">
        <ele>535</ele>
        <time>2026-08-18T18:50:15.682Z</time>
      </trkpt>
      <trkpt lat="37.9580824" lon="-4.8196359">
        <ele>534</ele>
        <time>2026-08-18T18:50:16.682Z</time>
      </trkpt>
      <trkpt lat="37.9580764" lon="-4.819627">
        <ele>534</ele>
        <time>2026-08-18T18:50:17.682Z</time>
      </trkpt>
      <trkpt lat="37.9580704" lon="-4.8196182">
        <ele>534</ele>
        <time>2026-08-18T18:50:18.682Z</time>
      </trkpt>
      <trkpt lat="37.9580636" lon="-4.8196052">
        <ele>534</ele>
        <time>2026-08-18T18:50:19.682Z</time>
      </trkpt>
      <trkpt lat="37.9580568" lon="-4.8195923">
        <ele>533</ele>
        <time>2026-08-18T18:50:20.682Z</time>
      </trkpt>
      <trkpt lat="37.9580478" lon="-4.8195771">
        <ele>533</ele>
        <time>2026-08-18T18:50:21.682Z</time>
      </trkpt>
      <trkpt lat="37.9580388" lon="-4.8195619">
        <ele>533</ele>
        <time>2026-08-18T18:50:22.682Z</time>
      </trkpt>
      <trkpt lat="37.9580256" lon="-4.81955">
        <ele>533</ele>
        <time>2026-08-18T18:50:23.682Z</time>
      </trkpt>
      <trkpt lat="37.9580125" lon="-4.8195381">
        <ele>533</ele>
        <time>2026-08-18T18:50:24.682Z</time>
      </trkpt>
      <trkpt lat="37.9579983" lon="-4.8195305">
        <ele>533</ele>
        <time>2026-08-18T18:50:25.682Z</time>
      </trkpt>
      <trkpt lat="37.9579842" lon="-4.819523">
        <ele>533</ele>
        <time>2026-08-18T18:50:26.682Z</time>
      </trkpt>
      <trkpt lat="37.9579714" lon="-4.8195182">
        <ele>533</ele>
        <time>2026-08-18T18:50:27.682Z</time>
      </trkpt>
      <trkpt lat="37.9579587" lon="-4.8195134">
        <ele>533</ele>
        <time>2026-08-18T18:50:28.682Z</time>
      </trkpt>
      <trkpt lat="37.9579475" lon="-4.819509">
        <ele>533</ele>
        <time>2026-08-18T18:50:29.682Z</time>
      </trkpt>
      <trkpt lat="37.9579364" lon="-4.8195047">
        <ele>533</ele>
        <time>2026-08-18T18:50:30.682Z</time>
      </trkpt>
      <trkpt lat="37.957926" lon="-4.8195001">
        <ele>534</ele>
        <time>2026-08-18T18:50:31.682Z</time>
      </trkpt>
      <trkpt lat="37.9579157" lon="-4.8194955">
        <ele>534</ele>
        <time>2026-08-18T18:50:32.682Z</time>
      </trkpt>
      <trkpt lat="37.9579056" lon="-4.8194891">
        <ele>534</ele>
        <time>2026-08-18T18:50:33.682Z</time>
      </trkpt>
      <trkpt lat="37.9578956" lon="-4.8194828">
        <ele>534</ele>
        <time>2026-08-18T18:50:34.682Z</time>
      </trkpt>
      <trkpt lat="37.9578859" lon="-4.8194732">
        <ele>534</ele>
        <time>2026-08-18T18:50:35.682Z</time>
      </trkpt>
      <trkpt lat="37.9578763" lon="-4.8194636">
        <ele>534</ele>
        <time>2026-08-18T18:50:36.682Z</time>
      </trkpt>
      <trkpt lat="37.9578675" lon="-4.8194521">
        <ele>534</ele>
        <time>2026-08-18T18:50:37.682Z</time>
      </trkpt>
      <trkpt lat="37.9578587" lon="-4.8194406">
        <ele>534</ele>
        <time>2026-08-18T18:50:38.682Z</time>
      </trkpt>
      <trkpt lat="37.9578509" lon="-4.819429">
        <ele>534</ele>
        <time>2026-08-18T18:50:39.682Z</time>
      </trkpt>
      <trkpt lat="37.9578432" lon="-4.8194174">
        <ele>534</ele>
        <time>2026-08-18T18:50:40.682Z</time>
      </trkpt>
      <trkpt lat="37.9578356" lon="-4.8194069">
        <ele>534</ele>
        <time>2026-08-18T18:50:41.682Z</time>
      </trkpt>
      <trkpt lat="37.9578281" lon="-4.8193964">
        <ele>534</ele>
        <time>2026-08-18T18:50:42.682Z</time>
      </trkpt>
      <trkpt lat="37.9578196" lon="-4.8193857">
        <ele>534</ele>
        <time>2026-08-18T18:50:43.682Z</time>
      </trkpt>
      <trkpt lat="37.9578111" lon="-4.819375">
        <ele>533</ele>
        <time>2026-08-18T18:50:44.682Z</time>
      </trkpt>
      <trkpt lat="37.9578015" lon="-4.8193634">
        <ele>533</ele>
        <time>2026-08-18T18:50:45.682Z</time>
      </trkpt>
      <trkpt lat="37.957792" lon="-4.8193518">
        <ele>533</ele>
        <time>2026-08-18T18:50:46.682Z</time>
      </trkpt>
      <trkpt lat="37.9577824" lon="-4.819339">
        <ele>533</ele>
        <time>2026-08-18T18:50:47.682Z</time>
      </trkpt>
      <trkpt lat="37.9577729" lon="-4.8193262">
        <ele>533</ele>
        <time>2026-08-18T18:50:48.682Z</time>
      </trkpt>
      <trkpt lat="37.9577636" lon="-4.8193119">
        <ele>533</ele>
        <time>2026-08-18T18:50:49.682Z</time>
      </trkpt>
      <trkpt lat="37.9577544" lon="-4.8192976">
        <ele>533</ele>
        <time>2026-08-18T18:50:50.682Z</time>
      </trkpt>
      <trkpt lat="37.9577446" lon="-4.8192845">
        <ele>533</ele>
        <time>2026-08-18T18:50:51.682Z</time>
      </trkpt>
      <trkpt lat="37.9577349" lon="-4.8192715">
        <ele>533</ele>
        <time>2026-08-18T18:50:52.682Z</time>
      </trkpt>
      <trkpt lat="37.9577248" lon="-4.8192577">
        <ele>533</ele>
        <time>2026-08-18T18:50:53.682Z</time>
      </trkpt>
      <trkpt lat="37.9577148" lon="-4.819244">
        <ele>533</ele>
        <time>2026-08-18T18:50:54.682Z</time>
      </trkpt>
      <trkpt lat="37.957703" lon="-4.8192302">
        <ele>533</ele>
        <time>2026-08-18T18:50:55.682Z</time>
      </trkpt>
      <trkpt lat="37.9576912" lon="-4.8192164">
        <ele>533</ele>
        <time>2026-08-18T18:50:56.682Z</time>
      </trkpt>
      <trkpt lat="37.9576792" lon="-4.8192037">
        <ele>533</ele>
        <time>2026-08-18T18:50:57.682Z</time>
      </trkpt>
      <trkpt lat="37.9576673" lon="-4.8191911">
        <ele>533</ele>
        <time>2026-08-18T18:50:58.682Z</time>
      </trkpt>
      <trkpt lat="37.9576558" lon="-4.8191794">
        <ele>533</ele>
        <time>2026-08-18T18:50:59.682Z</time>
      </trkpt>
      <trkpt lat="37.9576444" lon="-4.8191678">
        <ele>533</ele>
        <time>2026-08-18T18:51:00.682Z</time>
      </trkpt>
      <trkpt lat="37.9576325" lon="-4.8191577">
        <ele>533</ele>
        <time>2026-08-18T18:51:01.682Z</time>
      </trkpt>
      <trkpt lat="37.9576207" lon="-4.8191476">
        <ele>533</ele>
        <time>2026-08-18T18:51:02.682Z</time>
      </trkpt>
      <trkpt lat="37.9576084" lon="-4.8191389">
        <ele>533</ele>
        <time>2026-08-18T18:51:03.682Z</time>
      </trkpt>
      <trkpt lat="37.9575962" lon="-4.8191303">
        <ele>533</ele>
        <time>2026-08-18T18:51:04.682Z</time>
      </trkpt>
      <trkpt lat="37.9575837" lon="-4.8191204">
        <ele>533</ele>
        <time>2026-08-18T18:51:05.682Z</time>
      </trkpt>
      <trkpt lat="37.9575712" lon="-4.8191106">
        <ele>533</ele>
        <time>2026-08-18T18:51:06.682Z</time>
      </trkpt>
      <trkpt lat="37.9575593" lon="-4.8191002">
        <ele>533</ele>
        <time>2026-08-18T18:51:07.682Z</time>
      </trkpt>
      <trkpt lat="37.9575475" lon="-4.8190898">
        <ele>533</ele>
        <time>2026-08-18T18:51:08.682Z</time>
      </trkpt>
      <trkpt lat="37.9575357" lon="-4.819079">
        <ele>533</ele>
        <time>2026-08-18T18:51:09.682Z</time>
      </trkpt>
      <trkpt lat="37.957524" lon="-4.8190683">
        <ele>533</ele>
        <time>2026-08-18T18:51:10.682Z</time>
      </trkpt>
      <trkpt lat="37.9575126" lon="-4.8190579">
        <ele>534</ele>
        <time>2026-08-18T18:51:11.682Z</time>
      </trkpt>
      <trkpt lat="37.9575013" lon="-4.8190476">
        <ele>534</ele>
        <time>2026-08-18T18:51:12.682Z</time>
      </trkpt>
      <trkpt lat="37.9574892" lon="-4.8190384">
        <ele>534</ele>
        <time>2026-08-18T18:51:13.682Z</time>
      </trkpt>
      <trkpt lat="37.9574771" lon="-4.8190293">
        <ele>534</ele>
        <time>2026-08-18T18:51:14.682Z</time>
      </trkpt>
      <trkpt lat="37.9574662" lon="-4.8190206">
        <ele>534</ele>
        <time>2026-08-18T18:51:15.682Z</time>
      </trkpt>
      <trkpt lat="37.9574553" lon="-4.819012">
        <ele>534</ele>
        <time>2026-08-18T18:51:16.682Z</time>
      </trkpt>
      <trkpt lat="37.9574462" lon="-4.8190031">
        <ele>534</ele>
        <time>2026-08-18T18:51:17.682Z</time>
      </trkpt>
      <trkpt lat="37.9574372" lon="-4.8189942">
        <ele>534</ele>
        <time>2026-08-18T18:51:18.682Z</time>
      </trkpt>
      <trkpt lat="37.9574278" lon="-4.8189843">
        <ele>534</ele>
        <time>2026-08-18T18:51:19.682Z</time>
      </trkpt>
      <trkpt lat="37.9574185" lon="-4.8189745">
        <ele>534</ele>
        <time>2026-08-18T18:51:20.682Z</time>
      </trkpt>
      <trkpt lat="37.9574089" lon="-4.818965">
        <ele>534</ele>
        <time>2026-08-18T18:51:21.682Z</time>
      </trkpt>
      <trkpt lat="37.9573994" lon="-4.8189555">
        <ele>534</ele>
        <time>2026-08-18T18:51:22.682Z</time>
      </trkpt>
      <trkpt lat="37.9573895" lon="-4.8189469">
        <ele>534</ele>
        <time>2026-08-18T18:51:23.682Z</time>
      </trkpt>
      <trkpt lat="37.9573797" lon="-4.8189383">
        <ele>534</ele>
        <time>2026-08-18T18:51:24.682Z</time>
      </trkpt>
      <trkpt lat="37.9573692" lon="-4.818929">
        <ele>534</ele>
        <time>2026-08-18T18:51:25.682Z</time>
      </trkpt>
      <trkpt lat="37.9573587" lon="-4.8189197">
        <ele>534</ele>
        <time>2026-08-18T18:51:26.682Z</time>
      </trkpt>
      <trkpt lat="37.9573475" lon="-4.818909">
        <ele>534</ele>
        <time>2026-08-18T18:51:27.682Z</time>
      </trkpt>
      <trkpt lat="37.9573363" lon="-4.8188983">
        <ele>534</ele>
        <time>2026-08-18T18:51:28.682Z</time>
      </trkpt>
      <trkpt lat="37.9573238" lon="-4.8188869">
        <ele>534</ele>
        <time>2026-08-18T18:51:29.682Z</time>
      </trkpt>
      <trkpt lat="37.9573113" lon="-4.8188755">
        <ele>534</ele>
        <time>2026-08-18T18:51:30.682Z</time>
      </trkpt>
      <trkpt lat="37.9572985" lon="-4.8188641">
        <ele>534</ele>
        <time>2026-08-18T18:51:31.682Z</time>
      </trkpt>
      <trkpt lat="37.9572857" lon="-4.8188528">
        <ele>534</ele>
        <time>2026-08-18T18:51:32.682Z</time>
      </trkpt>
      <trkpt lat="37.9572746" lon="-4.8188409">
        <ele>534</ele>
        <time>2026-08-18T18:51:33.682Z</time>
      </trkpt>
      <trkpt lat="37.9572636" lon="-4.818829">
        <ele>534</ele>
        <time>2026-08-18T18:51:34.682Z</time>
      </trkpt>
      <trkpt lat="37.9572537" lon="-4.8188165">
        <ele>534</ele>
        <time>2026-08-18T18:51:35.682Z</time>
      </trkpt>
      <trkpt lat="37.9572438" lon="-4.8188041">
        <ele>534</ele>
        <time>2026-08-18T18:51:36.682Z</time>
      </trkpt>
      <trkpt lat="37.9572339" lon="-4.818791">
        <ele>534</ele>
        <time>2026-08-18T18:51:37.682Z</time>
      </trkpt>
      <trkpt lat="37.9572241" lon="-4.818778">
        <ele>534</ele>
        <time>2026-08-18T18:51:38.682Z</time>
      </trkpt>
      <trkpt lat="37.9572132" lon="-4.8187648">
        <ele>534</ele>
        <time>2026-08-18T18:51:39.682Z</time>
      </trkpt>
      <trkpt lat="37.9572023" lon="-4.8187516">
        <ele>534</ele>
        <time>2026-08-18T18:51:40.682Z</time>
      </trkpt>
      <trkpt lat="37.9571917" lon="-4.8187384">
        <ele>534</ele>
        <time>2026-08-18T18:51:41.682Z</time>
      </trkpt>
      <trkpt lat="37.9571812" lon="-4.8187253">
        <ele>534</ele>
        <time>2026-08-18T18:51:42.682Z</time>
      </trkpt>
      <trkpt lat="37.9571718" lon="-4.8187133">
        <ele>534</ele>
        <time>2026-08-18T18:51:43.682Z</time>
      </trkpt>
      <trkpt lat="37.9571624" lon="-4.8187014">
        <ele>534</ele>
        <time>2026-08-18T18:51:44.682Z</time>
      </trkpt>
      <trkpt lat="37.957155" lon="-4.8186915">
        <ele>534</ele>
        <time>2026-08-18T18:51:45.682Z</time>
      </trkpt>
      <trkpt lat="37.9571476" lon="-4.8186816">
        <ele>534</ele>
        <time>2026-08-18T18:51:46.682Z</time>
      </trkpt>
      <trkpt lat="37.9571422" lon="-4.8186726">
        <ele>535</ele>
        <time>2026-08-18T18:51:47.682Z</time>
      </trkpt>
      <trkpt lat="37.9571369" lon="-4.8186636">
        <ele>535</ele>
        <time>2026-08-18T18:51:48.682Z</time>
      </trkpt>
      <trkpt lat="37.9571308" lon="-4.8186534">
        <ele>535</ele>
        <time>2026-08-18T18:51:49.682Z</time>
      </trkpt>
      <trkpt lat="37.9571248" lon="-4.8186432">
        <ele>535</ele>
        <time>2026-08-18T18:51:50.682Z</time>
      </trkpt>
      <trkpt lat="37.9571167" lon="-4.8186341">
        <ele>535</ele>
        <time>2026-08-18T18:51:51.682Z</time>
      </trkpt>
      <trkpt lat="37.9571087" lon="-4.8186251">
        <ele>535</ele>
        <time>2026-08-18T18:51:52.682Z</time>
      </trkpt>
      <trkpt lat="37.9570988" lon="-4.8186164">
        <ele>535</ele>
        <time>2026-08-18T18:51:53.682Z</time>
      </trkpt>
      <trkpt lat="37.957089" lon="-4.8186078">
        <ele>535</ele>
        <time>2026-08-18T18:51:54.682Z</time>
      </trkpt>
      <trkpt lat="37.9570796" lon="-4.8185985">
        <ele>535</ele>
        <time>2026-08-18T18:51:55.682Z</time>
      </trkpt>
      <trkpt lat="37.9570702" lon="-4.8185893">
        <ele>535</ele>
        <time>2026-08-18T18:51:56.682Z</time>
      </trkpt>
      <trkpt lat="37.957062" lon="-4.8185793">
        <ele>535</ele>
        <time>2026-08-18T18:51:57.682Z</time>
      </trkpt>
      <trkpt lat="37.9570539" lon="-4.8185693">
        <ele>535</ele>
        <time>2026-08-18T18:51:58.682Z</time>
      </trkpt>
      <trkpt lat="37.9570472" lon="-4.8185614">
        <ele>536</ele>
        <time>2026-08-18T18:51:59.682Z</time>
      </trkpt>
      <trkpt lat="37.9570406" lon="-4.8185535">
        <ele>536</ele>
        <time>2026-08-18T18:52:00.682Z</time>
      </trkpt>
      <trkpt lat="37.9570343" lon="-4.8185461">
        <ele>536</ele>
        <time>2026-08-18T18:52:01.682Z</time>
      </trkpt>
      <trkpt lat="37.9570281" lon="-4.8185388">
        <ele>536</ele>
        <time>2026-08-18T18:52:02.682Z</time>
      </trkpt>
      <trkpt lat="37.9570208" lon="-4.81853">
        <ele>536</ele>
        <time>2026-08-18T18:52:03.682Z</time>
      </trkpt>
      <trkpt lat="37.9570136" lon="-4.8185213">
        <ele>536</ele>
        <time>2026-08-18T18:52:04.682Z</time>
      </trkpt>
      <trkpt lat="37.9570071" lon="-4.8185107">
        <ele>536</ele>
        <time>2026-08-18T18:52:05.682Z</time>
      </trkpt>
      <trkpt lat="37.9570007" lon="-4.8185002">
        <ele>536</ele>
        <time>2026-08-18T18:52:06.682Z</time>
      </trkpt>
      <trkpt lat="37.9569944" lon="-4.8184902">
        <ele>537</ele>
        <time>2026-08-18T18:52:07.682Z</time>
      </trkpt>
      <trkpt lat="37.9569882" lon="-4.8184803">
        <ele>537</ele>
        <time>2026-08-18T18:52:08.682Z</time>
      </trkpt>
      <trkpt lat="37.9569814" lon="-4.8184712">
        <ele>537</ele>
        <time>2026-08-18T18:52:09.682Z</time>
      </trkpt>
      <trkpt lat="37.9569746" lon="-4.8184621">
        <ele>537</ele>
        <time>2026-08-18T18:52:10.682Z</time>
      </trkpt>
      <trkpt lat="37.9569674" lon="-4.8184534">
        <ele>537</ele>
        <time>2026-08-18T18:52:11.682Z</time>
      </trkpt>
      <trkpt lat="37.9569602" lon="-4.8184447">
        <ele>537</ele>
        <time>2026-08-18T18:52:12.682Z</time>
      </trkpt>
      <trkpt lat="37.9569512" lon="-4.8184364">
        <ele>537</ele>
        <time>2026-08-18T18:52:13.682Z</time>
      </trkpt>
      <trkpt lat="37.9569422" lon="-4.8184281">
        <ele>537</ele>
        <time>2026-08-18T18:52:14.682Z</time>
      </trkpt>
      <trkpt lat="37.9569322" lon="-4.8184185">
        <ele>537</ele>
        <time>2026-08-18T18:52:15.682Z</time>
      </trkpt>
      <trkpt lat="37.9569222" lon="-4.8184089">
        <ele>537</ele>
        <time>2026-08-18T18:52:16.682Z</time>
      </trkpt>
      <trkpt lat="37.9569127" lon="-4.8183988">
        <ele>537</ele>
        <time>2026-08-18T18:52:17.682Z</time>
      </trkpt>
      <trkpt lat="37.9569033" lon="-4.8183887">
        <ele>537</ele>
        <time>2026-08-18T18:52:18.682Z</time>
      </trkpt>
      <trkpt lat="37.956895" lon="-4.8183792">
        <ele>538</ele>
        <time>2026-08-18T18:52:19.682Z</time>
      </trkpt>
      <trkpt lat="37.9568868" lon="-4.8183697">
        <ele>538</ele>
        <time>2026-08-18T18:52:20.682Z</time>
      </trkpt>
      <trkpt lat="37.9568784" lon="-4.8183598">
        <ele>538</ele>
        <time>2026-08-18T18:52:21.682Z</time>
      </trkpt>
      <trkpt lat="37.95687" lon="-4.8183499">
        <ele>538</ele>
        <time>2026-08-18T18:52:22.682Z</time>
      </trkpt>
      <trkpt lat="37.9568616" lon="-4.8183379">
        <ele>538</ele>
        <time>2026-08-18T18:52:23.682Z</time>
      </trkpt>
      <trkpt lat="37.9568533" lon="-4.8183259">
        <ele>538</ele>
        <time>2026-08-18T18:52:24.682Z</time>
      </trkpt>
      <trkpt lat="37.9568447" lon="-4.8183132">
        <ele>538</ele>
        <time>2026-08-18T18:52:25.682Z</time>
      </trkpt>
      <trkpt lat="37.9568362" lon="-4.8183006">
        <ele>538</ele>
        <time>2026-08-18T18:52:26.682Z</time>
      </trkpt>
      <trkpt lat="37.9568276" lon="-4.8182899">
        <ele>538</ele>
        <time>2026-08-18T18:52:27.682Z</time>
      </trkpt>
      <trkpt lat="37.9568191" lon="-4.8182793">
        <ele>538</ele>
        <time>2026-08-18T18:52:28.682Z</time>
      </trkpt>
      <trkpt lat="37.956811" lon="-4.8182689">
        <ele>538</ele>
        <time>2026-08-18T18:52:29.682Z</time>
      </trkpt>
      <trkpt lat="37.9568029" lon="-4.8182586">
        <ele>538</ele>
        <time>2026-08-18T18:52:30.682Z</time>
      </trkpt>
      <trkpt lat="37.9567948" lon="-4.8182484">
        <ele>539</ele>
        <time>2026-08-18T18:52:31.682Z</time>
      </trkpt>
      <trkpt lat="37.9567868" lon="-4.8182382">
        <ele>539</ele>
        <time>2026-08-18T18:52:32.682Z</time>
      </trkpt>
      <trkpt lat="37.9567774" lon="-4.8182276">
        <ele>539</ele>
        <time>2026-08-18T18:52:33.682Z</time>
      </trkpt>
      <trkpt lat="37.9567681" lon="-4.818217">
        <ele>539</ele>
        <time>2026-08-18T18:52:34.682Z</time>
      </trkpt>
      <trkpt lat="37.9567577" lon="-4.8182071">
        <ele>539</ele>
        <time>2026-08-18T18:52:35.682Z</time>
      </trkpt>
      <trkpt lat="37.9567473" lon="-4.8181973">
        <ele>539</ele>
        <time>2026-08-18T18:52:36.682Z</time>
      </trkpt>
      <trkpt lat="37.9567377" lon="-4.8181865">
        <ele>539</ele>
        <time>2026-08-18T18:52:37.682Z</time>
      </trkpt>
      <trkpt lat="37.9567282" lon="-4.8181758">
        <ele>539</ele>
        <time>2026-08-18T18:52:38.682Z</time>
      </trkpt>
      <trkpt lat="37.9567195" lon="-4.8181642">
        <ele>539</ele>
        <time>2026-08-18T18:52:39.682Z</time>
      </trkpt>
      <trkpt lat="37.9567109" lon="-4.8181527">
        <ele>539</ele>
        <time>2026-08-18T18:52:40.682Z</time>
      </trkpt>
      <trkpt lat="37.9567031" lon="-4.8181411">
        <ele>539</ele>
        <time>2026-08-18T18:52:41.682Z</time>
      </trkpt>
      <trkpt lat="37.9566954" lon="-4.8181296">
        <ele>539</ele>
        <time>2026-08-18T18:52:42.682Z</time>
      </trkpt>
      <trkpt lat="37.9566878" lon="-4.8181199">
        <ele>540</ele>
        <time>2026-08-18T18:52:43.682Z</time>
      </trkpt>
      <trkpt lat="37.9566802" lon="-4.8181103">
        <ele>540</ele>
        <time>2026-08-18T18:52:44.682Z</time>
      </trkpt>
      <trkpt lat="37.9566718" lon="-4.8181008">
        <ele>540</ele>
        <time>2026-08-18T18:52:45.682Z</time>
      </trkpt>
      <trkpt lat="37.9566635" lon="-4.8180913">
        <ele>540</ele>
        <time>2026-08-18T18:52:46.682Z</time>
      </trkpt>
      <trkpt lat="37.9566539" lon="-4.81808">
        <ele>540</ele>
        <time>2026-08-18T18:52:47.682Z</time>
      </trkpt>
      <trkpt lat="37.9566443" lon="-4.8180688">
        <ele>540</ele>
        <time>2026-08-18T18:52:48.682Z</time>
      </trkpt>
      <trkpt lat="37.956634" lon="-4.8180568">
        <ele>540</ele>
        <time>2026-08-18T18:52:49.682Z</time>
      </trkpt>
      <trkpt lat="37.9566237" lon="-4.8180448">
        <ele>540</ele>
        <time>2026-08-18T18:52:50.682Z</time>
      </trkpt>
      <trkpt lat="37.9566143" lon="-4.818032">
        <ele>540</ele>
        <time>2026-08-18T18:52:51.682Z</time>
      </trkpt>
      <trkpt lat="37.956605" lon="-4.8180192">
        <ele>540</ele>
        <time>2026-08-18T18:52:52.682Z</time>
      </trkpt>
      <trkpt lat="37.9565976" lon="-4.8180073">
        <ele>540</ele>
        <time>2026-08-18T18:52:53.682Z</time>
      </trkpt>
      <trkpt lat="37.9565903" lon="-4.8179955">
        <ele>540</ele>
        <time>2026-08-18T18:52:54.682Z</time>
      </trkpt>
      <trkpt lat="37.9565842" lon="-4.8179837">
        <ele>540</ele>
        <time>2026-08-18T18:52:55.682Z</time>
      </trkpt>
      <trkpt lat="37.9565781" lon="-4.817972">
        <ele>540</ele>
        <time>2026-08-18T18:52:56.682Z</time>
      </trkpt>
      <trkpt lat="37.9565724" lon="-4.8179596">
        <ele>540</ele>
        <time>2026-08-18T18:52:57.682Z</time>
      </trkpt>
      <trkpt lat="37.9565667" lon="-4.8179472">
        <ele>540</ele>
        <time>2026-08-18T18:52:58.682Z</time>
      </trkpt>
      <trkpt lat="37.9565608" lon="-4.8179348">
        <ele>540</ele>
        <time>2026-08-18T18:52:59.682Z</time>
      </trkpt>
      <trkpt lat="37.9565549" lon="-4.8179224">
        <ele>540</ele>
        <time>2026-08-18T18:53:00.682Z</time>
      </trkpt>
      <trkpt lat="37.9565483" lon="-4.8179102">
        <ele>540</ele>
        <time>2026-08-18T18:53:01.682Z</time>
      </trkpt>
      <trkpt lat="37.9565418" lon="-4.817898">
        <ele>540</ele>
        <time>2026-08-18T18:53:02.682Z</time>
      </trkpt>
      <trkpt lat="37.9565344" lon="-4.8178858">
        <ele>540</ele>
        <time>2026-08-18T18:53:03.682Z</time>
      </trkpt>
      <trkpt lat="37.9565271" lon="-4.8178737">
        <ele>540</ele>
        <time>2026-08-18T18:53:04.682Z</time>
      </trkpt>
      <trkpt lat="37.9565241" lon="-4.8178676">
        <ele>540</ele>
        <time>2026-08-18T18:53:05.682Z</time>
      </trkpt>
      <trkpt lat="37.9565211" lon="-4.8178616">
        <ele>540</ele>
        <time>2026-08-18T18:53:06.682Z</time>
      </trkpt>
      <trkpt lat="37.9565167" lon="-4.8178526">
        <ele>540</ele>
        <time>2026-08-18T18:53:07.682Z</time>
      </trkpt>
      <trkpt lat="37.9565124" lon="-4.8178436">
        <ele>540</ele>
        <time>2026-08-18T18:53:08.682Z</time>
      </trkpt>
      <trkpt lat="37.9565078" lon="-4.8178337">
        <ele>540</ele>
        <time>2026-08-18T18:53:09.682Z</time>
      </trkpt>
      <trkpt lat="37.9565033" lon="-4.8178239">
        <ele>540</ele>
        <time>2026-08-18T18:53:10.682Z</time>
      </trkpt>
      <trkpt lat="37.956498" lon="-4.8178113">
        <ele>541</ele>
        <time>2026-08-18T18:53:11.682Z</time>
      </trkpt>
      <trkpt lat="37.9564928" lon="-4.8177988">
        <ele>541</ele>
        <time>2026-08-18T18:53:12.682Z</time>
      </trkpt>
      <trkpt lat="37.9564872" lon="-4.8177851">
        <ele>541</ele>
        <time>2026-08-18T18:53:13.682Z</time>
      </trkpt>
      <trkpt lat="37.9564816" lon="-4.8177714">
        <ele>541</ele>
        <time>2026-08-18T18:53:14.682Z</time>
      </trkpt>
      <trkpt lat="37.9564749" lon="-4.8177586">
        <ele>541</ele>
        <time>2026-08-18T18:53:15.682Z</time>
      </trkpt>
      <trkpt lat="37.9564683" lon="-4.8177458">
        <ele>541</ele>
        <time>2026-08-18T18:53:16.682Z</time>
      </trkpt>
      <trkpt lat="37.9564611" lon="-4.8177343">
        <ele>541</ele>
        <time>2026-08-18T18:53:17.682Z</time>
      </trkpt>
      <trkpt lat="37.956454" lon="-4.8177228">
        <ele>541</ele>
        <time>2026-08-18T18:53:18.682Z</time>
      </trkpt>
      <trkpt lat="37.9564468" lon="-4.8177104">
        <ele>541</ele>
        <time>2026-08-18T18:53:19.682Z</time>
      </trkpt>
      <trkpt lat="37.9564396" lon="-4.817698">
        <ele>541</ele>
        <time>2026-08-18T18:53:20.682Z</time>
      </trkpt>
      <trkpt lat="37.9564321" lon="-4.8176829">
        <ele>541</ele>
        <time>2026-08-18T18:53:21.682Z</time>
      </trkpt>
      <trkpt lat="37.9564247" lon="-4.8176678">
        <ele>541</ele>
        <time>2026-08-18T18:53:22.682Z</time>
      </trkpt>
      <trkpt lat="37.9564181" lon="-4.8176518">
        <ele>541</ele>
        <time>2026-08-18T18:53:23.682Z</time>
      </trkpt>
      <trkpt lat="37.9564116" lon="-4.8176358">
        <ele>541</ele>
        <time>2026-08-18T18:53:24.682Z</time>
      </trkpt>
      <trkpt lat="37.9564047" lon="-4.8176205">
        <ele>541</ele>
        <time>2026-08-18T18:53:25.682Z</time>
      </trkpt>
      <trkpt lat="37.9563978" lon="-4.8176053">
        <ele>541</ele>
        <time>2026-08-18T18:53:26.682Z</time>
      </trkpt>
      <trkpt lat="37.9563912" lon="-4.8175903">
        <ele>542</ele>
        <time>2026-08-18T18:53:27.682Z</time>
      </trkpt>
      <trkpt lat="37.9563847" lon="-4.8175753">
        <ele>542</ele>
        <time>2026-08-18T18:53:28.682Z</time>
      </trkpt>
      <trkpt lat="37.9563797" lon="-4.8175613">
        <ele>542</ele>
        <time>2026-08-18T18:53:29.682Z</time>
      </trkpt>
      <trkpt lat="37.9563748" lon="-4.8175473">
        <ele>542</ele>
        <time>2026-08-18T18:53:30.682Z</time>
      </trkpt>
      <trkpt lat="37.9563716" lon="-4.8175356">
        <ele>542</ele>
        <time>2026-08-18T18:53:31.682Z</time>
      </trkpt>
      <trkpt lat="37.9563685" lon="-4.8175239">
        <ele>542</ele>
        <time>2026-08-18T18:53:32.682Z</time>
      </trkpt>
      <trkpt lat="37.9563649" lon="-4.8175118">
        <ele>542</ele>
        <time>2026-08-18T18:53:33.682Z</time>
      </trkpt>
      <trkpt lat="37.9563614" lon="-4.8174997">
        <ele>542</ele>
        <time>2026-08-18T18:53:34.682Z</time>
      </trkpt>
      <trkpt lat="37.9563567" lon="-4.8174865">
        <ele>543</ele>
        <time>2026-08-18T18:53:35.682Z</time>
      </trkpt>
      <trkpt lat="37.956352" lon="-4.8174733">
        <ele>543</ele>
        <time>2026-08-18T18:53:36.682Z</time>
      </trkpt>
      <trkpt lat="37.9563471" lon="-4.8174596">
        <ele>543</ele>
        <time>2026-08-18T18:53:37.682Z</time>
      </trkpt>
      <trkpt lat="37.9563422" lon="-4.8174459">
        <ele>543</ele>
        <time>2026-08-18T18:53:38.682Z</time>
      </trkpt>
      <trkpt lat="37.9563385" lon="-4.8174326">
        <ele>544</ele>
        <time>2026-08-18T18:53:39.682Z</time>
      </trkpt>
      <trkpt lat="37.9563348" lon="-4.8174194">
        <ele>544</ele>
        <time>2026-08-18T18:53:40.682Z</time>
      </trkpt>
      <trkpt lat="37.9563316" lon="-4.817407">
        <ele>544</ele>
        <time>2026-08-18T18:53:41.682Z</time>
      </trkpt>
      <trkpt lat="37.9563285" lon="-4.8173947">
        <ele>544</ele>
        <time>2026-08-18T18:53:42.682Z</time>
      </trkpt>
      <trkpt lat="37.956325" lon="-4.8173815">
        <ele>544</ele>
        <time>2026-08-18T18:53:43.682Z</time>
      </trkpt>
      <trkpt lat="37.9563216" lon="-4.8173683">
        <ele>544</ele>
        <time>2026-08-18T18:53:44.682Z</time>
      </trkpt>
      <trkpt lat="37.9563177" lon="-4.8173536">
        <ele>544</ele>
        <time>2026-08-18T18:53:45.682Z</time>
      </trkpt>
      <trkpt lat="37.9563138" lon="-4.817339">
        <ele>544</ele>
        <time>2026-08-18T18:53:46.682Z</time>
      </trkpt>
      <trkpt lat="37.9563109" lon="-4.8173242">
        <ele>544</ele>
        <time>2026-08-18T18:53:47.682Z</time>
      </trkpt>
      <trkpt lat="37.956308" lon="-4.8173094">
        <ele>544</ele>
        <time>2026-08-18T18:53:48.682Z</time>
      </trkpt>
      <trkpt lat="37.9563065" lon="-4.8172936">
        <ele>544</ele>
        <time>2026-08-18T18:53:49.682Z</time>
      </trkpt>
      <trkpt lat="37.9563051" lon="-4.8172779">
        <ele>544</ele>
        <time>2026-08-18T18:53:50.682Z</time>
      </trkpt>
      <trkpt lat="37.9563028" lon="-4.8172619">
        <ele>545</ele>
        <time>2026-08-18T18:53:51.682Z</time>
      </trkpt>
      <trkpt lat="37.9563005" lon="-4.817246">
        <ele>545</ele>
        <time>2026-08-18T18:53:52.682Z</time>
      </trkpt>
      <trkpt lat="37.9562974" lon="-4.8172325">
        <ele>545</ele>
        <time>2026-08-18T18:53:53.682Z</time>
      </trkpt>
      <trkpt lat="37.9562943" lon="-4.817219">
        <ele>545</ele>
        <time>2026-08-18T18:53:54.682Z</time>
      </trkpt>
      <trkpt lat="37.9562922" lon="-4.8172063">
        <ele>545</ele>
        <time>2026-08-18T18:53:55.682Z</time>
      </trkpt>
      <trkpt lat="37.9562902" lon="-4.8171936">
        <ele>545</ele>
        <time>2026-08-18T18:53:56.682Z</time>
      </trkpt>
      <trkpt lat="37.9562898" lon="-4.8171776">
        <ele>545</ele>
        <time>2026-08-18T18:53:57.682Z</time>
      </trkpt>
      <trkpt lat="37.9562894" lon="-4.8171616">
        <ele>545</ele>
        <time>2026-08-18T18:53:58.682Z</time>
      </trkpt>
      <trkpt lat="37.9562884" lon="-4.8171447">
        <ele>545</ele>
        <time>2026-08-18T18:53:59.682Z</time>
      </trkpt>
      <trkpt lat="37.9562875" lon="-4.8171278">
        <ele>545</ele>
        <time>2026-08-18T18:54:00.682Z</time>
      </trkpt>
      <trkpt lat="37.9562858" lon="-4.8171123">
        <ele>545</ele>
        <time>2026-08-18T18:54:01.682Z</time>
      </trkpt>
      <trkpt lat="37.9562841" lon="-4.8170969">
        <ele>545</ele>
        <time>2026-08-18T18:54:02.682Z</time>
      </trkpt>
      <trkpt lat="37.9562825" lon="-4.817082">
        <ele>545</ele>
        <time>2026-08-18T18:54:03.682Z</time>
      </trkpt>
      <trkpt lat="37.9562809" lon="-4.8170671">
        <ele>545</ele>
        <time>2026-08-18T18:54:04.682Z</time>
      </trkpt>
      <trkpt lat="37.9562782" lon="-4.8170508">
        <ele>545</ele>
        <time>2026-08-18T18:54:05.682Z</time>
      </trkpt>
      <trkpt lat="37.9562756" lon="-4.8170346">
        <ele>545</ele>
        <time>2026-08-18T18:54:06.682Z</time>
      </trkpt>
      <trkpt lat="37.9562732" lon="-4.8170182">
        <ele>545</ele>
        <time>2026-08-18T18:54:07.682Z</time>
      </trkpt>
      <trkpt lat="37.9562709" lon="-4.8170018">
        <ele>545</ele>
        <time>2026-08-18T18:54:08.682Z</time>
      </trkpt>
      <trkpt lat="37.9562691" lon="-4.8169863">
        <ele>545</ele>
        <time>2026-08-18T18:54:09.682Z</time>
      </trkpt>
      <trkpt lat="37.9562673" lon="-4.8169708">
        <ele>545</ele>
        <time>2026-08-18T18:54:10.682Z</time>
      </trkpt>
      <trkpt lat="37.9562657" lon="-4.8169553">
        <ele>545</ele>
        <time>2026-08-18T18:54:11.682Z</time>
      </trkpt>
      <trkpt lat="37.9562641" lon="-4.8169399">
        <ele>545</ele>
        <time>2026-08-18T18:54:12.682Z</time>
      </trkpt>
      <trkpt lat="37.9562627" lon="-4.8169238">
        <ele>545</ele>
        <time>2026-08-18T18:54:13.682Z</time>
      </trkpt>
      <trkpt lat="37.9562613" lon="-4.8169077">
        <ele>545</ele>
        <time>2026-08-18T18:54:14.682Z</time>
      </trkpt>
      <trkpt lat="37.9562605" lon="-4.8168917">
        <ele>546</ele>
        <time>2026-08-18T18:54:15.682Z</time>
      </trkpt>
      <trkpt lat="37.9562597" lon="-4.8168758">
        <ele>546</ele>
        <time>2026-08-18T18:54:16.682Z</time>
      </trkpt>
      <trkpt lat="37.9562588" lon="-4.8168605">
        <ele>546</ele>
        <time>2026-08-18T18:54:17.682Z</time>
      </trkpt>
      <trkpt lat="37.9562579" lon="-4.8168452">
        <ele>546</ele>
        <time>2026-08-18T18:54:18.682Z</time>
      </trkpt>
      <trkpt lat="37.9562565" lon="-4.8168298">
        <ele>546</ele>
        <time>2026-08-18T18:54:19.682Z</time>
      </trkpt>
      <trkpt lat="37.9562551" lon="-4.8168145">
        <ele>546</ele>
        <time>2026-08-18T18:54:20.682Z</time>
      </trkpt>
      <trkpt lat="37.9562542" lon="-4.8167998">
        <ele>546</ele>
        <time>2026-08-18T18:54:21.682Z</time>
      </trkpt>
      <trkpt lat="37.9562534" lon="-4.8167852">
        <ele>546</ele>
        <time>2026-08-18T18:54:22.682Z</time>
      </trkpt>
      <trkpt lat="37.9562533" lon="-4.8167711">
        <ele>546</ele>
        <time>2026-08-18T18:54:23.682Z</time>
      </trkpt>
      <trkpt lat="37.9562532" lon="-4.816757">
        <ele>546</ele>
        <time>2026-08-18T18:54:24.682Z</time>
      </trkpt>
      <trkpt lat="37.9562539" lon="-4.8167428">
        <ele>546</ele>
        <time>2026-08-18T18:54:25.682Z</time>
      </trkpt>
      <trkpt lat="37.9562546" lon="-4.8167286">
        <ele>546</ele>
        <time>2026-08-18T18:54:26.682Z</time>
      </trkpt>
      <trkpt lat="37.9562569" lon="-4.8167137">
        <ele>547</ele>
        <time>2026-08-18T18:54:27.682Z</time>
      </trkpt>
      <trkpt lat="37.9562592" lon="-4.8166989">
        <ele>547</ele>
        <time>2026-08-18T18:54:28.682Z</time>
      </trkpt>
      <trkpt lat="37.9562619" lon="-4.8166839">
        <ele>547</ele>
        <time>2026-08-18T18:54:29.682Z</time>
      </trkpt>
      <trkpt lat="37.9562646" lon="-4.816669">
        <ele>547</ele>
        <time>2026-08-18T18:54:30.682Z</time>
      </trkpt>
      <trkpt lat="37.9562676" lon="-4.816653">
        <ele>547</ele>
        <time>2026-08-18T18:54:31.682Z</time>
      </trkpt>
      <trkpt lat="37.9562706" lon="-4.8166371">
        <ele>547</ele>
        <time>2026-08-18T18:54:32.682Z</time>
      </trkpt>
      <trkpt lat="37.9562749" lon="-4.8166223">
        <ele>547</ele>
        <time>2026-08-18T18:54:33.682Z</time>
      </trkpt>
      <trkpt lat="37.9562792" lon="-4.8166075">
        <ele>547</ele>
        <time>2026-08-18T18:54:34.682Z</time>
      </trkpt>
      <trkpt lat="37.9562849" lon="-4.8165949">
        <ele>547</ele>
        <time>2026-08-18T18:54:35.682Z</time>
      </trkpt>
      <trkpt lat="37.9562907" lon="-4.8165823">
        <ele>547</ele>
        <time>2026-08-18T18:54:36.682Z</time>
      </trkpt>
      <trkpt lat="37.9562973" lon="-4.8165717">
        <ele>547</ele>
        <time>2026-08-18T18:54:37.682Z</time>
      </trkpt>
      <trkpt lat="37.9563039" lon="-4.8165611">
        <ele>547</ele>
        <time>2026-08-18T18:54:38.682Z</time>
      </trkpt>
      <trkpt lat="37.956312" lon="-4.8165512">
        <ele>547</ele>
        <time>2026-08-18T18:54:39.682Z</time>
      </trkpt>
      <trkpt lat="37.9563202" lon="-4.8165413">
        <ele>547</ele>
        <time>2026-08-18T18:54:40.682Z</time>
      </trkpt>
      <trkpt lat="37.9563309" lon="-4.8165305">
        <ele>547</ele>
        <time>2026-08-18T18:54:41.682Z</time>
      </trkpt>
      <trkpt lat="37.9563416" lon="-4.8165198">
        <ele>547</ele>
        <time>2026-08-18T18:54:42.682Z</time>
      </trkpt>
      <trkpt lat="37.9563526" lon="-4.816509">
        <ele>547</ele>
        <time>2026-08-18T18:54:43.682Z</time>
      </trkpt>
      <trkpt lat="37.9563637" lon="-4.8164983">
        <ele>547</ele>
        <time>2026-08-18T18:54:44.682Z</time>
      </trkpt>
      <trkpt lat="37.9563732" lon="-4.8164872">
        <ele>547</ele>
        <time>2026-08-18T18:54:45.682Z</time>
      </trkpt>
      <trkpt lat="37.9563828" lon="-4.8164761">
        <ele>547</ele>
        <time>2026-08-18T18:54:46.682Z</time>
      </trkpt>
      <trkpt lat="37.956392" lon="-4.8164652">
        <ele>547</ele>
        <time>2026-08-18T18:54:47.682Z</time>
      </trkpt>
      <trkpt lat="37.9564013" lon="-4.8164544">
        <ele>547</ele>
        <time>2026-08-18T18:54:48.682Z</time>
      </trkpt>
      <trkpt lat="37.9564109" lon="-4.8164443">
        <ele>547</ele>
        <time>2026-08-18T18:54:49.682Z</time>
      </trkpt>
      <trkpt lat="37.9564205" lon="-4.8164343">
        <ele>547</ele>
        <time>2026-08-18T18:54:50.682Z</time>
      </trkpt>
      <trkpt lat="37.9564292" lon="-4.8164248">
        <ele>547</ele>
        <time>2026-08-18T18:54:51.682Z</time>
      </trkpt>
      <trkpt lat="37.956438" lon="-4.8164153">
        <ele>547</ele>
        <time>2026-08-18T18:54:52.682Z</time>
      </trkpt>
      <trkpt lat="37.9564458" lon="-4.8164071">
        <ele>547</ele>
        <time>2026-08-18T18:54:53.682Z</time>
      </trkpt>
      <trkpt lat="37.9564536" lon="-4.8163989">
        <ele>547</ele>
        <time>2026-08-18T18:54:54.682Z</time>
      </trkpt>
      <trkpt lat="37.9564618" lon="-4.8163912">
        <ele>548</ele>
        <time>2026-08-18T18:54:55.682Z</time>
      </trkpt>
      <trkpt lat="37.9564701" lon="-4.8163836">
        <ele>548</ele>
        <time>2026-08-18T18:54:56.682Z</time>
      </trkpt>
      <trkpt lat="37.9564797" lon="-4.8163755">
        <ele>548</ele>
        <time>2026-08-18T18:54:57.682Z</time>
      </trkpt>
      <trkpt lat="37.9564894" lon="-4.8163674">
        <ele>548</ele>
        <time>2026-08-18T18:54:58.682Z</time>
      </trkpt>
      <trkpt lat="37.9564987" lon="-4.8163574">
        <ele>549</ele>
        <time>2026-08-18T18:54:59.682Z</time>
      </trkpt>
      <trkpt lat="37.956508" lon="-4.8163475">
        <ele>549</ele>
        <time>2026-08-18T18:55:00.682Z</time>
      </trkpt>
      <trkpt lat="37.9565153" lon="-4.8163364">
        <ele>549</ele>
        <time>2026-08-18T18:55:01.682Z</time>
      </trkpt>
      <trkpt lat="37.9565226" lon="-4.8163254">
        <ele>549</ele>
        <time>2026-08-18T18:55:02.682Z</time>
      </trkpt>
      <trkpt lat="37.9565284" lon="-4.8163136">
        <ele>550</ele>
        <time>2026-08-18T18:55:03.682Z</time>
      </trkpt>
      <trkpt lat="37.9565342" lon="-4.8163018">
        <ele>550</ele>
        <time>2026-08-18T18:55:04.682Z</time>
      </trkpt>
      <trkpt lat="37.9565394" lon="-4.8162888">
        <ele>550</ele>
        <time>2026-08-18T18:55:05.682Z</time>
      </trkpt>
      <trkpt lat="37.9565447" lon="-4.8162759">
        <ele>550</ele>
        <time>2026-08-18T18:55:06.682Z</time>
      </trkpt>
      <trkpt lat="37.9565513" lon="-4.8162617">
        <ele>550</ele>
        <time>2026-08-18T18:55:07.682Z</time>
      </trkpt>
      <trkpt lat="37.956558" lon="-4.8162476">
        <ele>550</ele>
        <time>2026-08-18T18:55:08.682Z</time>
      </trkpt>
      <trkpt lat="37.9565659" lon="-4.8162334">
        <ele>550</ele>
        <time>2026-08-18T18:55:09.682Z</time>
      </trkpt>
      <trkpt lat="37.9565739" lon="-4.8162192">
        <ele>550</ele>
        <time>2026-08-18T18:55:10.682Z</time>
      </trkpt>
      <trkpt lat="37.9565819" lon="-4.8162054">
        <ele>550</ele>
        <time>2026-08-18T18:55:11.682Z</time>
      </trkpt>
      <trkpt lat="37.9565899" lon="-4.8161917">
        <ele>550</ele>
        <time>2026-08-18T18:55:12.682Z</time>
      </trkpt>
      <trkpt lat="37.9565968" lon="-4.8161777">
        <ele>550</ele>
        <time>2026-08-18T18:55:13.682Z</time>
      </trkpt>
      <trkpt lat="37.9566038" lon="-4.8161638">
        <ele>550</ele>
        <time>2026-08-18T18:55:14.682Z</time>
      </trkpt>
      <trkpt lat="37.9566111" lon="-4.8161518">
        <ele>550</ele>
        <time>2026-08-18T18:55:15.682Z</time>
      </trkpt>
      <trkpt lat="37.9566185" lon="-4.8161398">
        <ele>550</ele>
        <time>2026-08-18T18:55:16.682Z</time>
      </trkpt>
      <trkpt lat="37.9566268" lon="-4.8161325">
        <ele>550</ele>
        <time>2026-08-18T18:55:17.682Z</time>
      </trkpt>
      <trkpt lat="37.9566352" lon="-4.8161252">
        <ele>550</ele>
        <time>2026-08-18T18:55:18.682Z</time>
      </trkpt>
      <trkpt lat="37.9566442" lon="-4.8161201">
        <ele>550</ele>
        <time>2026-08-18T18:55:19.682Z</time>
      </trkpt>
      <trkpt lat="37.9566533" lon="-4.8161151">
        <ele>550</ele>
        <time>2026-08-18T18:55:20.682Z</time>
      </trkpt>
      <trkpt lat="37.9566624" lon="-4.8161111">
        <ele>550</ele>
        <time>2026-08-18T18:55:21.682Z</time>
      </trkpt>
      <trkpt lat="37.9566716" lon="-4.8161072">
        <ele>550</ele>
        <time>2026-08-18T18:55:22.682Z</time>
      </trkpt>
      <trkpt lat="37.956681" lon="-4.8161024">
        <ele>550</ele>
        <time>2026-08-18T18:55:23.682Z</time>
      </trkpt>
      <trkpt lat="37.9566904" lon="-4.8160976">
        <ele>550</ele>
        <time>2026-08-18T18:55:24.682Z</time>
      </trkpt>
      <trkpt lat="37.9567004" lon="-4.8160912">
        <ele>550</ele>
        <time>2026-08-18T18:55:25.682Z</time>
      </trkpt>
      <trkpt lat="37.9567104" lon="-4.8160849">
        <ele>550</ele>
        <time>2026-08-18T18:55:26.682Z</time>
      </trkpt>
      <trkpt lat="37.9567204" lon="-4.8160775">
        <ele>550</ele>
        <time>2026-08-18T18:55:27.682Z</time>
      </trkpt>
      <trkpt lat="37.9567305" lon="-4.8160701">
        <ele>550</ele>
        <time>2026-08-18T18:55:28.682Z</time>
      </trkpt>
      <trkpt lat="37.9567402" lon="-4.8160632">
        <ele>550</ele>
        <time>2026-08-18T18:55:29.682Z</time>
      </trkpt>
      <trkpt lat="37.95675" lon="-4.8160563">
        <ele>550</ele>
        <time>2026-08-18T18:55:30.682Z</time>
      </trkpt>
      <trkpt lat="37.9567594" lon="-4.8160495">
        <ele>550</ele>
        <time>2026-08-18T18:55:31.682Z</time>
      </trkpt>
      <trkpt lat="37.9567689" lon="-4.8160428">
        <ele>550</ele>
        <time>2026-08-18T18:55:32.682Z</time>
      </trkpt>
      <trkpt lat="37.9567788" lon="-4.8160381">
        <ele>550</ele>
        <time>2026-08-18T18:55:33.682Z</time>
      </trkpt>
      <trkpt lat="37.9567887" lon="-4.8160335">
        <ele>550</ele>
        <time>2026-08-18T18:55:34.682Z</time>
      </trkpt>
      <trkpt lat="37.9567986" lon="-4.8160296">
        <ele>550</ele>
        <time>2026-08-18T18:55:35.682Z</time>
      </trkpt>
      <trkpt lat="37.9568086" lon="-4.8160258">
        <ele>550</ele>
        <time>2026-08-18T18:55:36.682Z</time>
      </trkpt>
      <trkpt lat="37.9568177" lon="-4.8160225">
        <ele>550</ele>
        <time>2026-08-18T18:55:37.682Z</time>
      </trkpt>
      <trkpt lat="37.9568268" lon="-4.8160192">
        <ele>550</ele>
        <time>2026-08-18T18:55:38.682Z</time>
      </trkpt>
      <trkpt lat="37.9568323" lon="-4.8160173">
        <ele>551</ele>
        <time>2026-08-18T18:55:39.682Z</time>
      </trkpt>
      <trkpt lat="37.9568378" lon="-4.8160155">
        <ele>551</ele>
        <time>2026-08-18T18:55:40.682Z</time>
      </trkpt>
      <trkpt lat="37.9568434" lon="-4.8160137">
        <ele>551</ele>
        <time>2026-08-18T18:55:41.682Z</time>
      </trkpt>
      <trkpt lat="37.9568527" lon="-4.8160122">
        <ele>551</ele>
        <time>2026-08-18T18:55:42.682Z</time>
      </trkpt>
      <trkpt lat="37.9568621" lon="-4.8160108">
        <ele>551</ele>
        <time>2026-08-18T18:55:43.682Z</time>
      </trkpt>
      <trkpt lat="37.9568735" lon="-4.8160095">
        <ele>551</ele>
        <time>2026-08-18T18:55:44.682Z</time>
      </trkpt>
      <trkpt lat="37.9568849" lon="-4.8160082">
        <ele>551</ele>
        <time>2026-08-18T18:55:45.682Z</time>
      </trkpt>
      <trkpt lat="37.9568958" lon="-4.8160043">
        <ele>551</ele>
        <time>2026-08-18T18:55:46.682Z</time>
      </trkpt>
      <trkpt lat="37.9569068" lon="-4.8160005">
        <ele>552</ele>
        <time>2026-08-18T18:55:47.682Z</time>
      </trkpt>
      <trkpt lat="37.9569171" lon="-4.8159956">
        <ele>552</ele>
        <time>2026-08-18T18:55:48.682Z</time>
      </trkpt>
      <trkpt lat="37.9569275" lon="-4.8159908">
        <ele>552</ele>
        <time>2026-08-18T18:55:49.682Z</time>
      </trkpt>
      <trkpt lat="37.9569369" lon="-4.8159863">
        <ele>552</ele>
        <time>2026-08-18T18:55:50.682Z</time>
      </trkpt>
      <trkpt lat="37.9569463" lon="-4.8159819">
        <ele>553</ele>
        <time>2026-08-18T18:55:51.682Z</time>
      </trkpt>
      <trkpt lat="37.9569546" lon="-4.8159783">
        <ele>553</ele>
        <time>2026-08-18T18:55:52.682Z</time>
      </trkpt>
      <trkpt lat="37.9569629" lon="-4.8159748">
        <ele>553</ele>
        <time>2026-08-18T18:55:53.682Z</time>
      </trkpt>
      <trkpt lat="37.9569719" lon="-4.8159709">
        <ele>553</ele>
        <time>2026-08-18T18:55:54.682Z</time>
      </trkpt>
      <trkpt lat="37.9569809" lon="-4.8159671">
        <ele>554</ele>
        <time>2026-08-18T18:55:55.682Z</time>
      </trkpt>
      <trkpt lat="37.9569896" lon="-4.8159619">
        <ele>554</ele>
        <time>2026-08-18T18:55:56.682Z</time>
      </trkpt>
      <trkpt lat="37.9569983" lon="-4.8159568">
        <ele>554</ele>
        <time>2026-08-18T18:55:57.682Z</time>
      </trkpt>
      <trkpt lat="37.9570127" lon="-4.8159444">
        <ele>554</ele>
        <time>2026-08-18T18:56:05.682Z</time>
      </trkpt>
      <trkpt lat="37.9570184" lon="-4.8159418">
        <ele>554</ele>
        <time>2026-08-18T18:56:06.682Z</time>
      </trkpt>
      <trkpt lat="37.9570241" lon="-4.8159393">
        <ele>554</ele>
        <time>2026-08-18T18:56:07.682Z</time>
      </trkpt>
      <trkpt lat="37.9570316" lon="-4.8159406">
        <ele>554</ele>
        <time>2026-08-18T18:56:08.682Z</time>
      </trkpt>
      <trkpt lat="37.9570391" lon="-4.8159419">
        <ele>554</ele>
        <time>2026-08-18T18:56:09.682Z</time>
      </trkpt>
      <trkpt lat="37.9570609" lon="-4.8159569">
        <ele>556</ele>
        <time>2026-08-18T18:56:20.682Z</time>
      </trkpt>
      <trkpt lat="37.9570692" lon="-4.8159649">
        <ele>556</ele>
        <time>2026-08-18T18:56:21.682Z</time>
      </trkpt>
      <trkpt lat="37.9570775" lon="-4.8159729">
        <ele>556</ele>
        <time>2026-08-18T18:56:22.682Z</time>
      </trkpt>
      <trkpt lat="37.9570821" lon="-4.8159811">
        <ele>556</ele>
        <time>2026-08-18T18:56:23.682Z</time>
      </trkpt>
      <trkpt lat="37.9570868" lon="-4.8159894">
        <ele>556</ele>
        <time>2026-08-18T18:56:24.682Z</time>
      </trkpt>
      <trkpt lat="37.9570892" lon="-4.8159993">
        <ele>556</ele>
        <time>2026-08-18T18:56:25.682Z</time>
      </trkpt>
      <trkpt lat="37.9570916" lon="-4.8160093">
        <ele>556</ele>
        <time>2026-08-18T18:56:26.682Z</time>
      </trkpt>
      <trkpt lat="37.9570906" lon="-4.8160213">
        <ele>557</ele>
        <time>2026-08-18T18:56:27.682Z</time>
      </trkpt>
      <trkpt lat="37.9570897" lon="-4.8160334">
        <ele>557</ele>
        <time>2026-08-18T18:56:28.682Z</time>
      </trkpt>
      <trkpt lat="37.9570848" lon="-4.8160456">
        <ele>557</ele>
        <time>2026-08-18T18:56:29.682Z</time>
      </trkpt>
      <trkpt lat="37.95708" lon="-4.8160579">
        <ele>557</ele>
        <time>2026-08-18T18:56:30.682Z</time>
      </trkpt>
      <trkpt lat="37.9570748" lon="-4.8160689">
        <ele>557</ele>
        <time>2026-08-18T18:56:31.682Z</time>
      </trkpt>
      <trkpt lat="37.9570696" lon="-4.8160799">
        <ele>557</ele>
        <time>2026-08-18T18:56:32.682Z</time>
      </trkpt>
      <trkpt lat="37.9570651" lon="-4.8160897">
        <ele>557</ele>
        <time>2026-08-18T18:56:33.682Z</time>
      </trkpt>
      <trkpt lat="37.9570607" lon="-4.8160996">
        <ele>557</ele>
        <time>2026-08-18T18:56:34.682Z</time>
      </trkpt>
      <trkpt lat="37.9570567" lon="-4.8161118">
        <ele>558</ele>
        <time>2026-08-18T18:56:35.682Z</time>
      </trkpt>
      <trkpt lat="37.9570528" lon="-4.816124">
        <ele>558</ele>
        <time>2026-08-18T18:56:36.682Z</time>
      </trkpt>
      <trkpt lat="37.9570498" lon="-4.8161377">
        <ele>558</ele>
        <time>2026-08-18T18:56:37.682Z</time>
      </trkpt>
      <trkpt lat="37.9570468" lon="-4.8161514">
        <ele>558</ele>
        <time>2026-08-18T18:56:38.682Z</time>
      </trkpt>
      <trkpt lat="37.9570443" lon="-4.8161647">
        <ele>558</ele>
        <time>2026-08-18T18:56:39.682Z</time>
      </trkpt>
      <trkpt lat="37.9570419" lon="-4.816178">
        <ele>558</ele>
        <time>2026-08-18T18:56:40.682Z</time>
      </trkpt>
      <trkpt lat="37.9570389" lon="-4.8161902">
        <ele>558</ele>
        <time>2026-08-18T18:56:41.682Z</time>
      </trkpt>
      <trkpt lat="37.9570359" lon="-4.8162025">
        <ele>558</ele>
        <time>2026-08-18T18:56:42.682Z</time>
      </trkpt>
      <trkpt lat="37.9570325" lon="-4.8162139">
        <ele>559</ele>
        <time>2026-08-18T18:56:43.682Z</time>
      </trkpt>
      <trkpt lat="37.9570291" lon="-4.8162253">
        <ele>559</ele>
        <time>2026-08-18T18:56:44.682Z</time>
      </trkpt>
      <trkpt lat="37.9570257" lon="-4.8162378">
        <ele>559</ele>
        <time>2026-08-18T18:56:45.682Z</time>
      </trkpt>
      <trkpt lat="37.9570224" lon="-4.8162504">
        <ele>559</ele>
        <time>2026-08-18T18:56:46.682Z</time>
      </trkpt>
      <trkpt lat="37.9570198" lon="-4.8162633">
        <ele>560</ele>
        <time>2026-08-18T18:56:47.682Z</time>
      </trkpt>
      <trkpt lat="37.9570172" lon="-4.8162762">
        <ele>560</ele>
        <time>2026-08-18T18:56:48.682Z</time>
      </trkpt>
      <trkpt lat="37.9570141" lon="-4.8162874">
        <ele>560</ele>
        <time>2026-08-18T18:56:49.682Z</time>
      </trkpt>
      <trkpt lat="37.9570111" lon="-4.8162986">
        <ele>560</ele>
        <time>2026-08-18T18:56:50.682Z</time>
      </trkpt>
      <trkpt lat="37.9570081" lon="-4.8163077">
        <ele>560</ele>
        <time>2026-08-18T18:56:51.682Z</time>
      </trkpt>
      <trkpt lat="37.9570051" lon="-4.8163169">
        <ele>560</ele>
        <time>2026-08-18T18:56:52.682Z</time>
      </trkpt>
      <trkpt lat="37.9570023" lon="-4.8163245">
        <ele>560</ele>
        <time>2026-08-18T18:56:53.682Z</time>
      </trkpt>
      <trkpt lat="37.9569996" lon="-4.8163322">
        <ele>560</ele>
        <time>2026-08-18T18:56:54.682Z</time>
      </trkpt>
      <trkpt lat="37.9569901" lon="-4.8163522">
        <ele>560</ele>
        <time>2026-08-18T18:57:01.682Z</time>
      </trkpt>
      <trkpt lat="37.9569846" lon="-4.8163613">
        <ele>560</ele>
        <time>2026-08-18T18:57:02.682Z</time>
      </trkpt>
      <trkpt lat="37.9569791" lon="-4.8163705">
        <ele>560</ele>
        <time>2026-08-18T18:57:03.682Z</time>
      </trkpt>
      <trkpt lat="37.9569743" lon="-4.8163814">
        <ele>560</ele>
        <time>2026-08-18T18:57:04.682Z</time>
      </trkpt>
      <trkpt lat="37.9569696" lon="-4.8163924">
        <ele>560</ele>
        <time>2026-08-18T18:57:05.682Z</time>
      </trkpt>
      <trkpt lat="37.9569668" lon="-4.8164068">
        <ele>560</ele>
        <time>2026-08-18T18:57:06.682Z</time>
      </trkpt>
      <trkpt lat="37.9569641" lon="-4.8164212">
        <ele>560</ele>
        <time>2026-08-18T18:57:07.682Z</time>
      </trkpt>
      <trkpt lat="37.9569616" lon="-4.8164389">
        <ele>560</ele>
        <time>2026-08-18T18:57:08.682Z</time>
      </trkpt>
      <trkpt lat="37.9569592" lon="-4.8164567">
        <ele>560</ele>
        <time>2026-08-18T18:57:09.682Z</time>
      </trkpt>
      <trkpt lat="37.9569574" lon="-4.8164739">
        <ele>560</ele>
        <time>2026-08-18T18:57:10.682Z</time>
      </trkpt>
      <trkpt lat="37.9569557" lon="-4.8164911">
        <ele>561</ele>
        <time>2026-08-18T18:57:11.682Z</time>
      </trkpt>
      <trkpt lat="37.9569557" lon="-4.8165069">
        <ele>561</ele>
        <time>2026-08-18T18:57:12.682Z</time>
      </trkpt>
      <trkpt lat="37.9569558" lon="-4.8165227">
        <ele>561</ele>
        <time>2026-08-18T18:57:13.682Z</time>
      </trkpt>
      <trkpt lat="37.9569573" lon="-4.8165361">
        <ele>561</ele>
        <time>2026-08-18T18:57:14.682Z</time>
      </trkpt>
      <trkpt lat="37.9569589" lon="-4.8165495">
        <ele>562</ele>
        <time>2026-08-18T18:57:15.682Z</time>
      </trkpt>
      <trkpt lat="37.9569615" lon="-4.8165631">
        <ele>561</ele>
        <time>2026-08-18T18:57:16.682Z</time>
      </trkpt>
      <trkpt lat="37.9569641" lon="-4.8165768">
        <ele>561</ele>
        <time>2026-08-18T18:57:17.682Z</time>
      </trkpt>
      <trkpt lat="37.9569682" lon="-4.8165916">
        <ele>561</ele>
        <time>2026-08-18T18:57:18.682Z</time>
      </trkpt>
      <trkpt lat="37.9569724" lon="-4.8166065">
        <ele>561</ele>
        <time>2026-08-18T18:57:19.682Z</time>
      </trkpt>
      <trkpt lat="37.956978" lon="-4.8166198">
        <ele>561</ele>
        <time>2026-08-18T18:57:20.682Z</time>
      </trkpt>
      <trkpt lat="37.9569837" lon="-4.8166332">
        <ele>561</ele>
        <time>2026-08-18T18:57:21.682Z</time>
      </trkpt>
      <trkpt lat="37.9569846" lon="-4.8166354">
        <ele>561</ele>
        <time>2026-08-18T18:57:22.682Z</time>
      </trkpt>
      <trkpt lat="37.9569855" lon="-4.8166376">
        <ele>561</ele>
        <time>2026-08-18T18:57:23.682Z</time>
      </trkpt>
      <trkpt lat="37.9569865" lon="-4.8166398">
        <ele>560</ele>
        <time>2026-08-18T18:57:24.682Z</time>
      </trkpt>
      <trkpt lat="37.9569874" lon="-4.816642">
        <ele>560</ele>
        <time>2026-08-18T18:57:25.682Z</time>
      </trkpt>
      <trkpt lat="37.9569884" lon="-4.8166443">
        <ele>560</ele>
        <time>2026-08-18T18:57:26.682Z</time>
      </trkpt>
      <trkpt lat="37.9569929" lon="-4.8166513">
        <ele>560</ele>
        <time>2026-08-18T18:57:27.682Z</time>
      </trkpt>
      <trkpt lat="37.9569975" lon="-4.8166584">
        <ele>560</ele>
        <time>2026-08-18T18:57:28.682Z</time>
      </trkpt>
      <trkpt lat="37.9570045" lon="-4.8166647">
        <ele>560</ele>
        <time>2026-08-18T18:57:29.682Z</time>
      </trkpt>
      <trkpt lat="37.9570115" lon="-4.8166711">
        <ele>560</ele>
        <time>2026-08-18T18:57:30.682Z</time>
      </trkpt>
      <trkpt lat="37.9570203" lon="-4.8166801">
        <ele>560</ele>
        <time>2026-08-18T18:57:31.682Z</time>
      </trkpt>
      <trkpt lat="37.9570291" lon="-4.8166891">
        <ele>560</ele>
        <time>2026-08-18T18:57:32.682Z</time>
      </trkpt>
      <trkpt lat="37.9570389" lon="-4.8166985">
        <ele>560</ele>
        <time>2026-08-18T18:57:33.682Z</time>
      </trkpt>
      <trkpt lat="37.9570488" lon="-4.816708">
        <ele>560</ele>
        <time>2026-08-18T18:57:34.682Z</time>
      </trkpt>
      <trkpt lat="37.95706" lon="-4.8167151">
        <ele>561</ele>
        <time>2026-08-18T18:57:35.682Z</time>
      </trkpt>
      <trkpt lat="37.9570712" lon="-4.8167223">
        <ele>561</ele>
        <time>2026-08-18T18:57:36.682Z</time>
      </trkpt>
      <trkpt lat="37.9570821" lon="-4.8167281">
        <ele>561</ele>
        <time>2026-08-18T18:57:37.682Z</time>
      </trkpt>
      <trkpt lat="37.9570931" lon="-4.8167339">
        <ele>561</ele>
        <time>2026-08-18T18:57:38.682Z</time>
      </trkpt>
      <trkpt lat="37.9571024" lon="-4.81674">
        <ele>561</ele>
        <time>2026-08-18T18:57:39.682Z</time>
      </trkpt>
      <trkpt lat="37.9571117" lon="-4.8167461">
        <ele>561</ele>
        <time>2026-08-18T18:57:40.682Z</time>
      </trkpt>
      <trkpt lat="37.9571201" lon="-4.81675">
        <ele>561</ele>
        <time>2026-08-18T18:57:41.682Z</time>
      </trkpt>
      <trkpt lat="37.9571285" lon="-4.816754">
        <ele>561</ele>
        <time>2026-08-18T18:57:42.682Z</time>
      </trkpt>
      <trkpt lat="37.9571382" lon="-4.8167622">
        <ele>561</ele>
        <time>2026-08-18T18:57:49.682Z</time>
      </trkpt>
      <trkpt lat="37.9571445" lon="-4.8167688">
        <ele>561</ele>
        <time>2026-08-18T18:57:50.682Z</time>
      </trkpt>
      <trkpt lat="37.9571508" lon="-4.8167754">
        <ele>561</ele>
        <time>2026-08-18T18:57:51.682Z</time>
      </trkpt>
      <trkpt lat="37.9571566" lon="-4.8167826">
        <ele>561</ele>
        <time>2026-08-18T18:57:52.682Z</time>
      </trkpt>
      <trkpt lat="37.9571625" lon="-4.8167899">
        <ele>561</ele>
        <time>2026-08-18T18:57:53.682Z</time>
      </trkpt>
      <trkpt lat="37.9571691" lon="-4.8167991">
        <ele>561</ele>
        <time>2026-08-18T18:57:54.682Z</time>
      </trkpt>
      <trkpt lat="37.9571757" lon="-4.8168084">
        <ele>561</ele>
        <time>2026-08-18T18:57:55.682Z</time>
      </trkpt>
      <trkpt lat="37.9571847" lon="-4.8168178">
        <ele>561</ele>
        <time>2026-08-18T18:57:56.682Z</time>
      </trkpt>
      <trkpt lat="37.9571938" lon="-4.8168272">
        <ele>561</ele>
        <time>2026-08-18T18:57:57.682Z</time>
      </trkpt>
      <trkpt lat="37.9572058" lon="-4.8168353">
        <ele>561</ele>
        <time>2026-08-18T18:57:58.682Z</time>
      </trkpt>
      <trkpt lat="37.9572178" lon="-4.8168435">
        <ele>561</ele>
        <time>2026-08-18T18:57:59.682Z</time>
      </trkpt>
      <trkpt lat="37.9572308" lon="-4.8168501">
        <ele>561</ele>
        <time>2026-08-18T18:58:00.682Z</time>
      </trkpt>
      <trkpt lat="37.9572439" lon="-4.8168568">
        <ele>561</ele>
        <time>2026-08-18T18:58:01.682Z</time>
      </trkpt>
      <trkpt lat="37.9572574" lon="-4.8168583">
        <ele>561</ele>
        <time>2026-08-18T18:58:02.682Z</time>
      </trkpt>
      <trkpt lat="37.957271" lon="-4.8168598">
        <ele>561</ele>
        <time>2026-08-18T18:58:03.682Z</time>
      </trkpt>
      <trkpt lat="37.9572845" lon="-4.8168561">
        <ele>561</ele>
        <time>2026-08-18T18:58:04.682Z</time>
      </trkpt>
      <trkpt lat="37.9572981" lon="-4.8168524">
        <ele>561</ele>
        <time>2026-08-18T18:58:05.682Z</time>
      </trkpt>
      <trkpt lat="37.9573091" lon="-4.8168431">
        <ele>561</ele>
        <time>2026-08-18T18:58:06.682Z</time>
      </trkpt>
      <trkpt lat="37.9573202" lon="-4.8168339">
        <ele>561</ele>
        <time>2026-08-18T18:58:07.682Z</time>
      </trkpt>
      <trkpt lat="37.9573263" lon="-4.8168203">
        <ele>561</ele>
        <time>2026-08-18T18:58:08.682Z</time>
      </trkpt>
      <trkpt lat="37.9573324" lon="-4.8168067">
        <ele>561</ele>
        <time>2026-08-18T18:58:09.682Z</time>
      </trkpt>
      <trkpt lat="37.9573368" lon="-4.8167925">
        <ele>561</ele>
        <time>2026-08-18T18:58:10.682Z</time>
      </trkpt>
      <trkpt lat="37.9573412" lon="-4.8167783">
        <ele>562</ele>
        <time>2026-08-18T18:58:11.682Z</time>
      </trkpt>
      <trkpt lat="37.9573427" lon="-4.8167711">
        <ele>562</ele>
        <time>2026-08-18T18:58:12.682Z</time>
      </trkpt>
      <trkpt lat="37.9573443" lon="-4.816764">
        <ele>562</ele>
        <time>2026-08-18T18:58:13.682Z</time>
      </trkpt>
      <trkpt lat="37.9573465" lon="-4.816754">
        <ele>562</ele>
        <time>2026-08-18T18:58:14.682Z</time>
      </trkpt>
      <trkpt lat="37.9573488" lon="-4.8167441">
        <ele>562</ele>
        <time>2026-08-18T18:58:15.682Z</time>
      </trkpt>
      <trkpt lat="37.9573521" lon="-4.8167341">
        <ele>562</ele>
        <time>2026-08-18T18:58:16.682Z</time>
      </trkpt>
      <trkpt lat="37.9573555" lon="-4.8167241">
        <ele>562</ele>
        <time>2026-08-18T18:58:17.682Z</time>
      </trkpt>
      <trkpt lat="37.9573623" lon="-4.8167137">
        <ele>562</ele>
        <time>2026-08-18T18:58:18.682Z</time>
      </trkpt>
      <trkpt lat="37.9573691" lon="-4.8167034">
        <ele>562</ele>
        <time>2026-08-18T18:58:19.682Z</time>
      </trkpt>
      <trkpt lat="37.9573776" lon="-4.8166937">
        <ele>562</ele>
        <time>2026-08-18T18:58:20.682Z</time>
      </trkpt>
      <trkpt lat="37.9573861" lon="-4.816684">
        <ele>562</ele>
        <time>2026-08-18T18:58:21.682Z</time>
      </trkpt>
      <trkpt lat="37.9573954" lon="-4.8166745">
        <ele>562</ele>
        <time>2026-08-18T18:58:22.682Z</time>
      </trkpt>
      <trkpt lat="37.9574048" lon="-4.8166651">
        <ele>562</ele>
        <time>2026-08-18T18:58:23.682Z</time>
      </trkpt>
      <trkpt lat="37.9574146" lon="-4.816655">
        <ele>562</ele>
        <time>2026-08-18T18:58:24.682Z</time>
      </trkpt>
      <trkpt lat="37.9574244" lon="-4.8166449">
        <ele>562</ele>
        <time>2026-08-18T18:58:25.682Z</time>
      </trkpt>
      <trkpt lat="37.9574331" lon="-4.8166343">
        <ele>562</ele>
        <time>2026-08-18T18:58:26.682Z</time>
      </trkpt>
      <trkpt lat="37.9574419" lon="-4.8166237">
        <ele>563</ele>
        <time>2026-08-18T18:58:27.682Z</time>
      </trkpt>
      <trkpt lat="37.9574493" lon="-4.8166142">
        <ele>563</ele>
        <time>2026-08-18T18:58:28.682Z</time>
      </trkpt>
      <trkpt lat="37.9574567" lon="-4.8166047">
        <ele>563</ele>
        <time>2026-08-18T18:58:29.682Z</time>
      </trkpt>
      <trkpt lat="37.9574661" lon="-4.8165944">
        <ele>563</ele>
        <time>2026-08-18T18:58:30.682Z</time>
      </trkpt>
      <trkpt lat="37.9574756" lon="-4.8165841">
        <ele>563</ele>
        <time>2026-08-18T18:58:31.682Z</time>
      </trkpt>
      <trkpt lat="37.957485" lon="-4.8165731">
        <ele>563</ele>
        <time>2026-08-18T18:58:32.682Z</time>
      </trkpt>
      <trkpt lat="37.9574945" lon="-4.8165622">
        <ele>563</ele>
        <time>2026-08-18T18:58:33.682Z</time>
      </trkpt>
      <trkpt lat="37.9575045" lon="-4.8165528">
        <ele>563</ele>
        <time>2026-08-18T18:58:34.682Z</time>
      </trkpt>
      <trkpt lat="37.9575146" lon="-4.8165435">
        <ele>564</ele>
        <time>2026-08-18T18:58:35.682Z</time>
      </trkpt>
      <trkpt lat="37.9575239" lon="-4.8165342">
        <ele>564</ele>
        <time>2026-08-18T18:58:36.682Z</time>
      </trkpt>
      <trkpt lat="37.9575333" lon="-4.8165249">
        <ele>564</ele>
        <time>2026-08-18T18:58:37.682Z</time>
      </trkpt>
      <trkpt lat="37.9575406" lon="-4.816514">
        <ele>564</ele>
        <time>2026-08-18T18:58:38.682Z</time>
      </trkpt>
      <trkpt lat="37.9575479" lon="-4.8165032">
        <ele>564</ele>
        <time>2026-08-18T18:58:39.682Z</time>
      </trkpt>
      <trkpt lat="37.9575539" lon="-4.816491">
        <ele>564</ele>
        <time>2026-08-18T18:58:40.682Z</time>
      </trkpt>
      <trkpt lat="37.9575599" lon="-4.8164789">
        <ele>564</ele>
        <time>2026-08-18T18:58:41.682Z</time>
      </trkpt>
      <trkpt lat="37.957566" lon="-4.8164644">
        <ele>564</ele>
        <time>2026-08-18T18:58:42.682Z</time>
      </trkpt>
      <trkpt lat="37.9575722" lon="-4.8164499">
        <ele>564</ele>
        <time>2026-08-18T18:58:43.682Z</time>
      </trkpt>
      <trkpt lat="37.9575785" lon="-4.8164364">
        <ele>563</ele>
        <time>2026-08-18T18:58:44.682Z</time>
      </trkpt>
      <trkpt lat="37.9575848" lon="-4.8164229">
        <ele>563</ele>
        <time>2026-08-18T18:58:45.682Z</time>
      </trkpt>
      <trkpt lat="37.9575903" lon="-4.8164102">
        <ele>563</ele>
        <time>2026-08-18T18:58:46.682Z</time>
      </trkpt>
      <trkpt lat="37.9575958" lon="-4.8163976">
        <ele>563</ele>
        <time>2026-08-18T18:58:47.682Z</time>
      </trkpt>
      <trkpt lat="37.9576005" lon="-4.8163838">
        <ele>563</ele>
        <time>2026-08-18T18:58:48.682Z</time>
      </trkpt>
      <trkpt lat="37.9576052" lon="-4.8163701">
        <ele>563</ele>
        <time>2026-08-18T18:58:49.682Z</time>
      </trkpt>
      <trkpt lat="37.9576102" lon="-4.8163553">
        <ele>563</ele>
        <time>2026-08-18T18:58:50.682Z</time>
      </trkpt>
      <trkpt lat="37.9576153" lon="-4.8163406">
        <ele>563</ele>
        <time>2026-08-18T18:58:51.682Z</time>
      </trkpt>
      <trkpt lat="37.9576192" lon="-4.816326">
        <ele>563</ele>
        <time>2026-08-18T18:58:52.682Z</time>
      </trkpt>
      <trkpt lat="37.9576232" lon="-4.8163114">
        <ele>563</ele>
        <time>2026-08-18T18:58:53.682Z</time>
      </trkpt>
      <trkpt lat="37.9576241" lon="-4.816297">
        <ele>563</ele>
        <time>2026-08-18T18:58:54.682Z</time>
      </trkpt>
      <trkpt lat="37.957625" lon="-4.8162827">
        <ele>564</ele>
        <time>2026-08-18T18:58:55.682Z</time>
      </trkpt>
      <trkpt lat="37.9576246" lon="-4.8162802">
        <ele>564</ele>
        <time>2026-08-18T18:58:56.682Z</time>
      </trkpt>
      <trkpt lat="37.9576242" lon="-4.8162778">
        <ele>564</ele>
        <time>2026-08-18T18:58:57.682Z</time>
      </trkpt>
      <trkpt lat="37.9576238" lon="-4.8162754">
        <ele>564</ele>
        <time>2026-08-18T18:58:58.682Z</time>
      </trkpt>
      <trkpt lat="37.9576234" lon="-4.816273">
        <ele>564</ele>
        <time>2026-08-18T18:58:59.682Z</time>
      </trkpt>
      <trkpt lat="37.957623" lon="-4.8162706">
        <ele>563</ele>
        <time>2026-08-18T18:59:00.682Z</time>
      </trkpt>
      <trkpt lat="37.9576225" lon="-4.816264">
        <ele>563</ele>
        <time>2026-08-18T18:59:01.682Z</time>
      </trkpt>
      <trkpt lat="37.9576221" lon="-4.8162574">
        <ele>563</ele>
        <time>2026-08-18T18:59:02.682Z</time>
      </trkpt>
      <trkpt lat="37.9576236" lon="-4.8162509">
        <ele>563</ele>
        <time>2026-08-18T18:59:03.682Z</time>
      </trkpt>
      <trkpt lat="37.9576252" lon="-4.8162445">
        <ele>563</ele>
        <time>2026-08-18T18:59:04.682Z</time>
      </trkpt>
      <trkpt lat="37.9576295" lon="-4.8162359">
        <ele>563</ele>
        <time>2026-08-18T18:59:05.682Z</time>
      </trkpt>
      <trkpt lat="37.9576338" lon="-4.8162274">
        <ele>563</ele>
        <time>2026-08-18T18:59:06.682Z</time>
      </trkpt>
      <trkpt lat="37.9576398" lon="-4.8162163">
        <ele>564</ele>
        <time>2026-08-18T18:59:07.682Z</time>
      </trkpt>
      <trkpt lat="37.9576458" lon="-4.8162053">
        <ele>564</ele>
        <time>2026-08-18T18:59:08.682Z</time>
      </trkpt>
      <trkpt lat="37.9576529" lon="-4.8161915">
        <ele>564</ele>
        <time>2026-08-18T18:59:09.682Z</time>
      </trkpt>
      <trkpt lat="37.95766" lon="-4.8161777">
        <ele>564</ele>
        <time>2026-08-18T18:59:10.682Z</time>
      </trkpt>
      <trkpt lat="37.9576739" lon="-4.8161536">
        <ele>564</ele>
        <time>2026-08-18T18:59:27.682Z</time>
      </trkpt>
      <trkpt lat="37.9576779" lon="-4.8161462">
        <ele>564</ele>
        <time>2026-08-18T18:59:28.682Z</time>
      </trkpt>
      <trkpt lat="37.9576819" lon="-4.8161388">
        <ele>564</ele>
        <time>2026-08-18T18:59:29.682Z</time>
      </trkpt>
      <trkpt lat="37.9576862" lon="-4.8161294">
        <ele>564</ele>
        <time>2026-08-18T18:59:30.682Z</time>
      </trkpt>
      <trkpt lat="37.9576905" lon="-4.81612">
        <ele>564</ele>
        <time>2026-08-18T18:59:31.682Z</time>
      </trkpt>
      <trkpt lat="37.9576982" lon="-4.8161081">
        <ele>564</ele>
        <time>2026-08-18T18:59:32.682Z</time>
      </trkpt>
      <trkpt lat="37.957706" lon="-4.8160963">
        <ele>564</ele>
        <time>2026-08-18T18:59:33.682Z</time>
      </trkpt>
      <trkpt lat="37.9577167" lon="-4.8160838">
        <ele>564</ele>
        <time>2026-08-18T18:59:34.682Z</time>
      </trkpt>
      <trkpt lat="37.9577274" lon="-4.8160714">
        <ele>565</ele>
        <time>2026-08-18T18:59:35.682Z</time>
      </trkpt>
      <trkpt lat="37.9577389" lon="-4.8160591">
        <ele>565</ele>
        <time>2026-08-18T18:59:36.682Z</time>
      </trkpt>
      <trkpt lat="37.9577505" lon="-4.8160468">
        <ele>565</ele>
        <time>2026-08-18T18:59:37.682Z</time>
      </trkpt>
      <trkpt lat="37.9577616" lon="-4.8160348">
        <ele>565</ele>
        <time>2026-08-18T18:59:38.682Z</time>
      </trkpt>
      <trkpt lat="37.9577727" lon="-4.8160228">
        <ele>565</ele>
        <time>2026-08-18T18:59:39.682Z</time>
      </trkpt>
      <trkpt lat="37.9577828" lon="-4.8160106">
        <ele>565</ele>
        <time>2026-08-18T18:59:40.682Z</time>
      </trkpt>
      <trkpt lat="37.957793" lon="-4.8159985">
        <ele>565</ele>
        <time>2026-08-18T18:59:41.682Z</time>
      </trkpt>
      <trkpt lat="37.9578031" lon="-4.8159872">
        <ele>565</ele>
        <time>2026-08-18T18:59:42.682Z</time>
      </trkpt>
      <trkpt lat="37.9578132" lon="-4.8159759">
        <ele>566</ele>
        <time>2026-08-18T18:59:43.682Z</time>
      </trkpt>
      <trkpt lat="37.9578229" lon="-4.8159674">
        <ele>566</ele>
        <time>2026-08-18T18:59:44.682Z</time>
      </trkpt>
      <trkpt lat="37.9578326" lon="-4.815959">
        <ele>566</ele>
        <time>2026-08-18T18:59:45.682Z</time>
      </trkpt>
      <trkpt lat="37.9578419" lon="-4.8159541">
        <ele>566</ele>
        <time>2026-08-18T18:59:46.682Z</time>
      </trkpt>
      <trkpt lat="37.9578513" lon="-4.8159493">
        <ele>566</ele>
        <time>2026-08-18T18:59:47.682Z</time>
      </trkpt>
      <trkpt lat="37.9578614" lon="-4.8159493">
        <ele>566</ele>
        <time>2026-08-18T18:59:48.682Z</time>
      </trkpt>
      <trkpt lat="37.9578716" lon="-4.8159493">
        <ele>566</ele>
        <time>2026-08-18T18:59:49.682Z</time>
      </trkpt>
      <trkpt lat="37.9578842" lon="-4.8159532">
        <ele>566</ele>
        <time>2026-08-18T18:59:50.682Z</time>
      </trkpt>
      <trkpt lat="37.9578969" lon="-4.8159572">
        <ele>567</ele>
        <time>2026-08-18T18:59:51.682Z</time>
      </trkpt>
      <trkpt lat="37.9579113" lon="-4.8159623">
        <ele>567</ele>
        <time>2026-08-18T18:59:52.682Z</time>
      </trkpt>
      <trkpt lat="37.9579257" lon="-4.8159674">
        <ele>567</ele>
        <time>2026-08-18T18:59:53.682Z</time>
      </trkpt>
      <trkpt lat="37.957939" lon="-4.8159723">
        <ele>567</ele>
        <time>2026-08-18T18:59:54.682Z</time>
      </trkpt>
      <trkpt lat="37.9579524" lon="-4.8159772">
        <ele>567</ele>
        <time>2026-08-18T18:59:55.682Z</time>
      </trkpt>
      <trkpt lat="37.9579637" lon="-4.8159818">
        <ele>567</ele>
        <time>2026-08-18T18:59:56.682Z</time>
      </trkpt>
      <trkpt lat="37.9579751" lon="-4.8159864">
        <ele>567</ele>
        <time>2026-08-18T18:59:57.682Z</time>
      </trkpt>
      <trkpt lat="37.9579863" lon="-4.8159925">
        <ele>567</ele>
        <time>2026-08-18T18:59:58.682Z</time>
      </trkpt>
      <trkpt lat="37.9579976" lon="-4.8159986">
        <ele>568</ele>
        <time>2026-08-18T18:59:59.682Z</time>
      </trkpt>
      <trkpt lat="37.9580085" lon="-4.8160043">
        <ele>568</ele>
        <time>2026-08-18T19:00:00.682Z</time>
      </trkpt>
      <trkpt lat="37.9580195" lon="-4.81601">
        <ele>568</ele>
        <time>2026-08-18T19:00:01.682Z</time>
      </trkpt>
      <trkpt lat="37.9580298" lon="-4.8160155">
        <ele>568</ele>
        <time>2026-08-18T19:00:02.682Z</time>
      </trkpt>
      <trkpt lat="37.9580402" lon="-4.8160211">
        <ele>569</ele>
        <time>2026-08-18T19:00:03.682Z</time>
      </trkpt>
      <trkpt lat="37.9580518" lon="-4.8160278">
        <ele>569</ele>
        <time>2026-08-18T19:00:04.682Z</time>
      </trkpt>
      <trkpt lat="37.9580635" lon="-4.8160345">
        <ele>569</ele>
        <time>2026-08-18T19:00:05.682Z</time>
      </trkpt>
      <trkpt lat="37.9580767" lon="-4.8160414">
        <ele>569</ele>
        <time>2026-08-18T19:00:06.682Z</time>
      </trkpt>
      <trkpt lat="37.95809" lon="-4.8160484">
        <ele>569</ele>
        <time>2026-08-18T19:00:07.682Z</time>
      </trkpt>
      <trkpt lat="37.9581026" lon="-4.8160535">
        <ele>569</ele>
        <time>2026-08-18T19:00:08.682Z</time>
      </trkpt>
      <trkpt lat="37.9581152" lon="-4.8160587">
        <ele>569</ele>
        <time>2026-08-18T19:00:09.682Z</time>
      </trkpt>
      <trkpt lat="37.9581271" lon="-4.8160612">
        <ele>569</ele>
        <time>2026-08-18T19:00:10.682Z</time>
      </trkpt>
      <trkpt lat="37.9581391" lon="-4.8160637">
        <ele>570</ele>
        <time>2026-08-18T19:00:11.682Z</time>
      </trkpt>
      <trkpt lat="37.9581501" lon="-4.816063">
        <ele>570</ele>
        <time>2026-08-18T19:00:12.682Z</time>
      </trkpt>
      <trkpt lat="37.9581612" lon="-4.8160623">
        <ele>570</ele>
        <time>2026-08-18T19:00:13.682Z</time>
      </trkpt>
      <trkpt lat="37.9581717" lon="-4.816057">
        <ele>570</ele>
        <time>2026-08-18T19:00:14.682Z</time>
      </trkpt>
      <trkpt lat="37.9581823" lon="-4.8160518">
        <ele>570</ele>
        <time>2026-08-18T19:00:15.682Z</time>
      </trkpt>
      <trkpt lat="37.9581909" lon="-4.8160435">
        <ele>570</ele>
        <time>2026-08-18T19:00:16.682Z</time>
      </trkpt>
      <trkpt lat="37.9581996" lon="-4.8160352">
        <ele>570</ele>
        <time>2026-08-18T19:00:17.682Z</time>
      </trkpt>
      <trkpt lat="37.9582056" lon="-4.8160259">
        <ele>570</ele>
        <time>2026-08-18T19:00:18.682Z</time>
      </trkpt>
      <trkpt lat="37.9582117" lon="-4.8160166">
        <ele>570</ele>
        <time>2026-08-18T19:00:19.682Z</time>
      </trkpt>
      <trkpt lat="37.9582173" lon="-4.8160058">
        <ele>570</ele>
        <time>2026-08-18T19:00:20.682Z</time>
      </trkpt>
      <trkpt lat="37.958223" lon="-4.815995">
        <ele>570</ele>
        <time>2026-08-18T19:00:21.682Z</time>
      </trkpt>
      <trkpt lat="37.9582282" lon="-4.8159819">
        <ele>570</ele>
        <time>2026-08-18T19:00:22.682Z</time>
      </trkpt>
      <trkpt lat="37.9582334" lon="-4.8159689">
        <ele>571</ele>
        <time>2026-08-18T19:00:23.682Z</time>
      </trkpt>
      <trkpt lat="37.9582366" lon="-4.8159564">
        <ele>571</ele>
        <time>2026-08-18T19:00:24.682Z</time>
      </trkpt>
      <trkpt lat="37.9582399" lon="-4.8159439">
        <ele>571</ele>
        <time>2026-08-18T19:00:25.682Z</time>
      </trkpt>
      <trkpt lat="37.9582427" lon="-4.8159328">
        <ele>571</ele>
        <time>2026-08-18T19:00:26.682Z</time>
      </trkpt>
      <trkpt lat="37.9582456" lon="-4.8159217">
        <ele>571</ele>
        <time>2026-08-18T19:00:27.682Z</time>
      </trkpt>
      <trkpt lat="37.9582495" lon="-4.8159108">
        <ele>571</ele>
        <time>2026-08-18T19:00:28.682Z</time>
      </trkpt>
      <trkpt lat="37.9582535" lon="-4.8158999">
        <ele>571</ele>
        <time>2026-08-18T19:00:29.682Z</time>
      </trkpt>
      <trkpt lat="37.9582591" lon="-4.8158903">
        <ele>571</ele>
        <time>2026-08-18T19:00:30.682Z</time>
      </trkpt>
      <trkpt lat="37.9582648" lon="-4.8158807">
        <ele>571</ele>
        <time>2026-08-18T19:00:31.682Z</time>
      </trkpt>
      <trkpt lat="37.9582707" lon="-4.8158708">
        <ele>571</ele>
        <time>2026-08-18T19:00:32.682Z</time>
      </trkpt>
      <trkpt lat="37.9582767" lon="-4.815861">
        <ele>571</ele>
        <time>2026-08-18T19:00:33.682Z</time>
      </trkpt>
      <trkpt lat="37.958284" lon="-4.8158501">
        <ele>571</ele>
        <time>2026-08-18T19:00:34.682Z</time>
      </trkpt>
      <trkpt lat="37.9582914" lon="-4.8158393">
        <ele>571</ele>
        <time>2026-08-18T19:00:35.682Z</time>
      </trkpt>
      <trkpt lat="37.958298" lon="-4.8158269">
        <ele>571</ele>
        <time>2026-08-18T19:00:36.682Z</time>
      </trkpt>
      <trkpt lat="37.9583046" lon="-4.8158146">
        <ele>571</ele>
        <time>2026-08-18T19:00:37.682Z</time>
      </trkpt>
      <trkpt lat="37.9583095" lon="-4.8158019">
        <ele>571</ele>
        <time>2026-08-18T19:00:38.682Z</time>
      </trkpt>
      <trkpt lat="37.9583145" lon="-4.8157892">
        <ele>572</ele>
        <time>2026-08-18T19:00:39.682Z</time>
      </trkpt>
      <trkpt lat="37.9583181" lon="-4.8157783">
        <ele>572</ele>
        <time>2026-08-18T19:00:40.682Z</time>
      </trkpt>
      <trkpt lat="37.9583218" lon="-4.8157674">
        <ele>572</ele>
        <time>2026-08-18T19:00:41.682Z</time>
      </trkpt>
      <trkpt lat="37.9583227" lon="-4.8157631">
        <ele>572</ele>
        <time>2026-08-18T19:00:42.682Z</time>
      </trkpt>
      <trkpt lat="37.9583236" lon="-4.8157588">
        <ele>572</ele>
        <time>2026-08-18T19:00:43.682Z</time>
      </trkpt>
      <trkpt lat="37.9583236" lon="-4.8157522">
        <ele>572</ele>
        <time>2026-08-18T19:00:44.682Z</time>
      </trkpt>
      <trkpt lat="37.9583237" lon="-4.8157457">
        <ele>572</ele>
        <time>2026-08-18T19:00:45.682Z</time>
      </trkpt>
      <trkpt lat="37.9583258" lon="-4.8157366">
        <ele>572</ele>
        <time>2026-08-18T19:00:46.682Z</time>
      </trkpt>
      <trkpt lat="37.9583279" lon="-4.8157275">
        <ele>572</ele>
        <time>2026-08-18T19:00:47.682Z</time>
      </trkpt>
      <trkpt lat="37.9583322" lon="-4.815714">
        <ele>572</ele>
        <time>2026-08-18T19:00:48.682Z</time>
      </trkpt>
      <trkpt lat="37.9583366" lon="-4.8157005">
        <ele>572</ele>
        <time>2026-08-18T19:00:49.682Z</time>
      </trkpt>
      <trkpt lat="37.9583431" lon="-4.8156888">
        <ele>572</ele>
        <time>2026-08-18T19:00:50.682Z</time>
      </trkpt>
      <trkpt lat="37.9583496" lon="-4.8156772">
        <ele>573</ele>
        <time>2026-08-18T19:00:51.682Z</time>
      </trkpt>
      <trkpt lat="37.9583587" lon="-4.8156725">
        <ele>573</ele>
        <time>2026-08-18T19:00:52.682Z</time>
      </trkpt>
      <trkpt lat="37.9583679" lon="-4.8156678">
        <ele>573</ele>
        <time>2026-08-18T19:00:53.682Z</time>
      </trkpt>
      <trkpt lat="37.9583779" lon="-4.8156698">
        <ele>573</ele>
        <time>2026-08-18T19:00:54.682Z</time>
      </trkpt>
      <trkpt lat="37.9583879" lon="-4.8156719">
        <ele>574</ele>
        <time>2026-08-18T19:00:55.682Z</time>
      </trkpt>
      <trkpt lat="37.9583986" lon="-4.815678">
        <ele>574</ele>
        <time>2026-08-18T19:00:56.682Z</time>
      </trkpt>
      <trkpt lat="37.9584094" lon="-4.8156841">
        <ele>574</ele>
        <time>2026-08-18T19:00:57.682Z</time>
      </trkpt>
      <trkpt lat="37.9584198" lon="-4.8156913">
        <ele>574</ele>
        <time>2026-08-18T19:00:58.682Z</time>
      </trkpt>
      <trkpt lat="37.9584303" lon="-4.8156985">
        <ele>574</ele>
        <time>2026-08-18T19:00:59.682Z</time>
      </trkpt>
      <trkpt lat="37.9584407" lon="-4.8157057">
        <ele>574</ele>
        <time>2026-08-18T19:01:00.682Z</time>
      </trkpt>
      <trkpt lat="37.9584511" lon="-4.8157129">
        <ele>574</ele>
        <time>2026-08-18T19:01:01.682Z</time>
      </trkpt>
      <trkpt lat="37.9584616" lon="-4.8157213">
        <ele>574</ele>
        <time>2026-08-18T19:01:02.682Z</time>
      </trkpt>
      <trkpt lat="37.9584721" lon="-4.8157298">
        <ele>575</ele>
        <time>2026-08-18T19:01:03.682Z</time>
      </trkpt>
      <trkpt lat="37.9584823" lon="-4.8157385">
        <ele>575</ele>
        <time>2026-08-18T19:01:04.682Z</time>
      </trkpt>
      <trkpt lat="37.9584925" lon="-4.8157473">
        <ele>575</ele>
        <time>2026-08-18T19:01:05.682Z</time>
      </trkpt>
      <trkpt lat="37.9585041" lon="-4.815754">
        <ele>575</ele>
        <time>2026-08-18T19:01:06.682Z</time>
      </trkpt>
      <trkpt lat="37.9585157" lon="-4.8157607">
        <ele>576</ele>
        <time>2026-08-18T19:01:07.682Z</time>
      </trkpt>
      <trkpt lat="37.9585279" lon="-4.8157665">
        <ele>576</ele>
        <time>2026-08-18T19:01:08.682Z</time>
      </trkpt>
      <trkpt lat="37.9585402" lon="-4.8157723">
        <ele>577</ele>
        <time>2026-08-18T19:01:09.682Z</time>
      </trkpt>
      <trkpt lat="37.9585528" lon="-4.8157774">
        <ele>577</ele>
        <time>2026-08-18T19:01:10.682Z</time>
      </trkpt>
      <trkpt lat="37.9585655" lon="-4.8157826">
        <ele>578</ele>
        <time>2026-08-18T19:01:11.682Z</time>
      </trkpt>
      <trkpt lat="37.9585782" lon="-4.8157846">
        <ele>577</ele>
        <time>2026-08-18T19:01:12.682Z</time>
      </trkpt>
      <trkpt lat="37.958591" lon="-4.8157866">
        <ele>577</ele>
        <time>2026-08-18T19:01:13.682Z</time>
      </trkpt>
      <trkpt lat="37.9586034" lon="-4.8157829">
        <ele>577</ele>
        <time>2026-08-18T19:01:14.682Z</time>
      </trkpt>
      <trkpt lat="37.9586158" lon="-4.8157793">
        <ele>577</ele>
        <time>2026-08-18T19:01:15.682Z</time>
      </trkpt>
      <trkpt lat="37.9586278" lon="-4.8157718">
        <ele>576</ele>
        <time>2026-08-18T19:01:16.682Z</time>
      </trkpt>
      <trkpt lat="37.9586398" lon="-4.8157644">
        <ele>576</ele>
        <time>2026-08-18T19:01:17.682Z</time>
      </trkpt>
      <trkpt lat="37.9586525" lon="-4.8157553">
        <ele>576</ele>
        <time>2026-08-18T19:01:18.682Z</time>
      </trkpt>
      <trkpt lat="37.9586653" lon="-4.8157462">
        <ele>576</ele>
        <time>2026-08-18T19:01:19.682Z</time>
      </trkpt>
      <trkpt lat="37.9586783" lon="-4.8157366">
        <ele>576</ele>
        <time>2026-08-18T19:01:20.682Z</time>
      </trkpt>
      <trkpt lat="37.9586914" lon="-4.815727">
        <ele>576</ele>
        <time>2026-08-18T19:01:21.682Z</time>
      </trkpt>
      <trkpt lat="37.9587032" lon="-4.8157179">
        <ele>576</ele>
        <time>2026-08-18T19:01:22.682Z</time>
      </trkpt>
      <trkpt lat="37.9587151" lon="-4.8157089">
        <ele>576</ele>
        <time>2026-08-18T19:01:23.682Z</time>
      </trkpt>
      <trkpt lat="37.9587251" lon="-4.8156988">
        <ele>576</ele>
        <time>2026-08-18T19:01:24.682Z</time>
      </trkpt>
      <trkpt lat="37.9587352" lon="-4.8156888">
        <ele>576</ele>
        <time>2026-08-18T19:01:25.682Z</time>
      </trkpt>
      <trkpt lat="37.9587447" lon="-4.8156775">
        <ele>576</ele>
        <time>2026-08-18T19:01:26.682Z</time>
      </trkpt>
      <trkpt lat="37.9587543" lon="-4.8156663">
        <ele>576</ele>
        <time>2026-08-18T19:01:27.682Z</time>
      </trkpt>
      <trkpt lat="37.9587642" lon="-4.8156554">
        <ele>576</ele>
        <time>2026-08-18T19:01:28.682Z</time>
      </trkpt>
      <trkpt lat="37.9587741" lon="-4.8156445">
        <ele>576</ele>
        <time>2026-08-18T19:01:29.682Z</time>
      </trkpt>
      <trkpt lat="37.9587842" lon="-4.8156331">
        <ele>576</ele>
        <time>2026-08-18T19:01:30.682Z</time>
      </trkpt>
      <trkpt lat="37.9587944" lon="-4.8156217">
        <ele>576</ele>
        <time>2026-08-18T19:01:31.682Z</time>
      </trkpt>
      <trkpt lat="37.9588036" lon="-4.8156093">
        <ele>575</ele>
        <time>2026-08-18T19:01:32.682Z</time>
      </trkpt>
      <trkpt lat="37.9588129" lon="-4.815597">
        <ele>575</ele>
        <time>2026-08-18T19:01:33.682Z</time>
      </trkpt>
      <trkpt lat="37.9588186" lon="-4.8155823">
        <ele>575</ele>
        <time>2026-08-18T19:01:34.682Z</time>
      </trkpt>
      <trkpt lat="37.9588243" lon="-4.8155677">
        <ele>575</ele>
        <time>2026-08-18T19:01:35.682Z</time>
      </trkpt>
      <trkpt lat="37.9588272" lon="-4.8155515">
        <ele>575</ele>
        <time>2026-08-18T19:01:36.682Z</time>
      </trkpt>
      <trkpt lat="37.9588301" lon="-4.8155354">
        <ele>575</ele>
        <time>2026-08-18T19:01:37.682Z</time>
      </trkpt>
      <trkpt lat="37.9588315" lon="-4.8155178">
        <ele>575</ele>
        <time>2026-08-18T19:01:38.682Z</time>
      </trkpt>
      <trkpt lat="37.958833" lon="-4.8155003">
        <ele>575</ele>
        <time>2026-08-18T19:01:39.682Z</time>
      </trkpt>
      <trkpt lat="37.958835" lon="-4.8154828">
        <ele>575</ele>
        <time>2026-08-18T19:01:40.682Z</time>
      </trkpt>
      <trkpt lat="37.9588371" lon="-4.8154654">
        <ele>575</ele>
        <time>2026-08-18T19:01:41.682Z</time>
      </trkpt>
      <trkpt lat="37.9588391" lon="-4.8154483">
        <ele>575</ele>
        <time>2026-08-18T19:01:42.682Z</time>
      </trkpt>
      <trkpt lat="37.9588411" lon="-4.8154312">
        <ele>575</ele>
        <time>2026-08-18T19:01:43.682Z</time>
      </trkpt>
      <trkpt lat="37.9588437" lon="-4.8154154">
        <ele>575</ele>
        <time>2026-08-18T19:01:44.682Z</time>
      </trkpt>
      <trkpt lat="37.9588463" lon="-4.8153997">
        <ele>575</ele>
        <time>2026-08-18T19:01:45.682Z</time>
      </trkpt>
      <trkpt lat="37.9588521" lon="-4.8153867">
        <ele>575</ele>
        <time>2026-08-18T19:01:46.682Z</time>
      </trkpt>
      <trkpt lat="37.9588579" lon="-4.8153737">
        <ele>575</ele>
        <time>2026-08-18T19:01:47.682Z</time>
      </trkpt>
      <trkpt lat="37.9588666" lon="-4.8153637">
        <ele>575</ele>
        <time>2026-08-18T19:01:48.682Z</time>
      </trkpt>
      <trkpt lat="37.9588754" lon="-4.8153538">
        <ele>575</ele>
        <time>2026-08-18T19:01:49.682Z</time>
      </trkpt>
      <trkpt lat="37.9588864" lon="-4.8153445">
        <ele>575</ele>
        <time>2026-08-18T19:01:50.682Z</time>
      </trkpt>
      <trkpt lat="37.9588974" lon="-4.8153352">
        <ele>575</ele>
        <time>2026-08-18T19:01:51.682Z</time>
      </trkpt>
      <trkpt lat="37.9589073" lon="-4.8153239">
        <ele>575</ele>
        <time>2026-08-18T19:01:52.682Z</time>
      </trkpt>
      <trkpt lat="37.9589173" lon="-4.8153126">
        <ele>575</ele>
        <time>2026-08-18T19:01:53.682Z</time>
      </trkpt>
      <trkpt lat="37.9589256" lon="-4.8153003">
        <ele>575</ele>
        <time>2026-08-18T19:01:54.682Z</time>
      </trkpt>
      <trkpt lat="37.958934" lon="-4.815288">
        <ele>575</ele>
        <time>2026-08-18T19:01:55.682Z</time>
      </trkpt>
      <trkpt lat="37.9589415" lon="-4.8152763">
        <ele>574</ele>
        <time>2026-08-18T19:01:56.682Z</time>
      </trkpt>
      <trkpt lat="37.958949" lon="-4.8152647">
        <ele>574</ele>
        <time>2026-08-18T19:01:57.682Z</time>
      </trkpt>
      <trkpt lat="37.9589513" lon="-4.81526">
        <ele>574</ele>
        <time>2026-08-18T19:01:58.682Z</time>
      </trkpt>
      <trkpt lat="37.9589537" lon="-4.8152554">
        <ele>574</ele>
        <time>2026-08-18T19:01:59.682Z</time>
      </trkpt>
      <trkpt lat="37.9589564" lon="-4.8152484">
        <ele>573</ele>
        <time>2026-08-18T19:02:00.682Z</time>
      </trkpt>
      <trkpt lat="37.9589591" lon="-4.8152414">
        <ele>573</ele>
        <time>2026-08-18T19:02:01.682Z</time>
      </trkpt>
      <trkpt lat="37.9589624" lon="-4.8152334">
        <ele>573</ele>
        <time>2026-08-18T19:02:02.682Z</time>
      </trkpt>
      <trkpt lat="37.9589658" lon="-4.8152255">
        <ele>573</ele>
        <time>2026-08-18T19:02:03.682Z</time>
      </trkpt>
      <trkpt lat="37.9589716" lon="-4.8152125">
        <ele>572</ele>
        <time>2026-08-18T19:02:04.682Z</time>
      </trkpt>
      <trkpt lat="37.9589774" lon="-4.8151995">
        <ele>572</ele>
        <time>2026-08-18T19:02:05.682Z</time>
      </trkpt>
      <trkpt lat="37.9589827" lon="-4.8151819">
        <ele>572</ele>
        <time>2026-08-18T19:02:06.682Z</time>
      </trkpt>
      <trkpt lat="37.9589881" lon="-4.8151644">
        <ele>572</ele>
        <time>2026-08-18T19:02:07.682Z</time>
      </trkpt>
      <trkpt lat="37.9589919" lon="-4.8151446">
        <ele>572</ele>
        <time>2026-08-18T19:02:08.682Z</time>
      </trkpt>
      <trkpt lat="37.9589958" lon="-4.8151249">
        <ele>572</ele>
        <time>2026-08-18T19:02:09.682Z</time>
      </trkpt>
      <trkpt lat="37.9589989" lon="-4.8151076">
        <ele>572</ele>
        <time>2026-08-18T19:02:10.682Z</time>
      </trkpt>
      <trkpt lat="37.959002" lon="-4.8150903">
        <ele>573</ele>
        <time>2026-08-18T19:02:11.682Z</time>
      </trkpt>
      <trkpt lat="37.9590037" lon="-4.815075">
        <ele>573</ele>
        <time>2026-08-18T19:02:12.682Z</time>
      </trkpt>
      <trkpt lat="37.9590055" lon="-4.8150597">
        <ele>573</ele>
        <time>2026-08-18T19:02:13.682Z</time>
      </trkpt>
      <trkpt lat="37.959007" lon="-4.8150451">
        <ele>573</ele>
        <time>2026-08-18T19:02:14.682Z</time>
      </trkpt>
      <trkpt lat="37.9590085" lon="-4.8150306">
        <ele>573</ele>
        <time>2026-08-18T19:02:15.682Z</time>
      </trkpt>
      <trkpt lat="37.9590127" lon="-4.8150177">
        <ele>573</ele>
        <time>2026-08-18T19:02:16.682Z</time>
      </trkpt>
      <trkpt lat="37.9590169" lon="-4.8150049">
        <ele>573</ele>
        <time>2026-08-18T19:02:17.682Z</time>
      </trkpt>
      <trkpt lat="37.9590235" lon="-4.8149957">
        <ele>573</ele>
        <time>2026-08-18T19:02:18.682Z</time>
      </trkpt>
      <trkpt lat="37.9590302" lon="-4.8149865">
        <ele>573</ele>
        <time>2026-08-18T19:02:19.682Z</time>
      </trkpt>
      <trkpt lat="37.9590395" lon="-4.8149822">
        <ele>573</ele>
        <time>2026-08-18T19:02:20.682Z</time>
      </trkpt>
      <trkpt lat="37.9590488" lon="-4.814978">
        <ele>573</ele>
        <time>2026-08-18T19:02:21.682Z</time>
      </trkpt>
      <trkpt lat="37.9590605" lon="-4.8149787">
        <ele>573</ele>
        <time>2026-08-18T19:02:22.682Z</time>
      </trkpt>
      <trkpt lat="37.9590723" lon="-4.8149795">
        <ele>573</ele>
        <time>2026-08-18T19:02:23.682Z</time>
      </trkpt>
      <trkpt lat="37.9590862" lon="-4.8149782">
        <ele>572</ele>
        <time>2026-08-18T19:02:24.682Z</time>
      </trkpt>
      <trkpt lat="37.9591002" lon="-4.814977">
        <ele>572</ele>
        <time>2026-08-18T19:02:25.682Z</time>
      </trkpt>
      <trkpt lat="37.9591134" lon="-4.8149719">
        <ele>572</ele>
        <time>2026-08-18T19:02:26.682Z</time>
      </trkpt>
      <trkpt lat="37.9591266" lon="-4.8149669">
        <ele>572</ele>
        <time>2026-08-18T19:02:27.682Z</time>
      </trkpt>
      <trkpt lat="37.9591398" lon="-4.8149613">
        <ele>572</ele>
        <time>2026-08-18T19:02:28.682Z</time>
      </trkpt>
      <trkpt lat="37.959153" lon="-4.8149557">
        <ele>572</ele>
        <time>2026-08-18T19:02:29.682Z</time>
      </trkpt>
      <trkpt lat="37.9591658" lon="-4.8149528">
        <ele>572</ele>
        <time>2026-08-18T19:02:30.682Z</time>
      </trkpt>
      <trkpt lat="37.9591786" lon="-4.8149499">
        <ele>572</ele>
        <time>2026-08-18T19:02:31.682Z</time>
      </trkpt>
      <trkpt lat="37.9591892" lon="-4.8149518">
        <ele>571</ele>
        <time>2026-08-18T19:02:32.682Z</time>
      </trkpt>
      <trkpt lat="37.9591999" lon="-4.8149538">
        <ele>571</ele>
        <time>2026-08-18T19:02:33.682Z</time>
      </trkpt>
      <trkpt lat="37.9592012" lon="-4.8149546">
        <ele>571</ele>
        <time>2026-08-18T19:02:34.682Z</time>
      </trkpt>
      <trkpt lat="37.9592026" lon="-4.8149554">
        <ele>571</ele>
        <time>2026-08-18T19:02:35.682Z</time>
      </trkpt>
      <trkpt lat="37.9592039" lon="-4.8149563">
        <ele>571</ele>
        <time>2026-08-18T19:02:36.682Z</time>
      </trkpt>
      <trkpt lat="37.9592053" lon="-4.8149571">
        <ele>571</ele>
        <time>2026-08-18T19:02:37.682Z</time>
      </trkpt>
      <trkpt lat="37.9592067" lon="-4.814958">
        <ele>571</ele>
        <time>2026-08-18T19:02:38.682Z</time>
      </trkpt>
      <trkpt lat="37.9592106" lon="-4.8149626">
        <ele>571</ele>
        <time>2026-08-18T19:02:39.682Z</time>
      </trkpt>
      <trkpt lat="37.9592146" lon="-4.8149673">
        <ele>571</ele>
        <time>2026-08-18T19:02:40.682Z</time>
      </trkpt>
      <trkpt lat="37.959222" lon="-4.8149714">
        <ele>571</ele>
        <time>2026-08-18T19:02:41.682Z</time>
      </trkpt>
      <trkpt lat="37.9592295" lon="-4.8149756">
        <ele>571</ele>
        <time>2026-08-18T19:02:42.682Z</time>
      </trkpt>
      <trkpt lat="37.9592405" lon="-4.8149791">
        <ele>571</ele>
        <time>2026-08-18T19:02:43.682Z</time>
      </trkpt>
      <trkpt lat="37.9592516" lon="-4.8149827">
        <ele>571</ele>
        <time>2026-08-18T19:02:44.682Z</time>
      </trkpt>
      <trkpt lat="37.9592643" lon="-4.8149852">
        <ele>571</ele>
        <time>2026-08-18T19:02:45.682Z</time>
      </trkpt>
      <trkpt lat="37.9592771" lon="-4.8149878">
        <ele>571</ele>
        <time>2026-08-18T19:02:46.682Z</time>
      </trkpt>
      <trkpt lat="37.9592909" lon="-4.8149907">
        <ele>571</ele>
        <time>2026-08-18T19:02:47.682Z</time>
      </trkpt>
      <trkpt lat="37.9593048" lon="-4.8149937">
        <ele>571</ele>
        <time>2026-08-18T19:02:48.682Z</time>
      </trkpt>
      <trkpt lat="37.9593168" lon="-4.8149971">
        <ele>571</ele>
        <time>2026-08-18T19:02:49.682Z</time>
      </trkpt>
      <trkpt lat="37.9593288" lon="-4.8150006">
        <ele>571</ele>
        <time>2026-08-18T19:02:50.682Z</time>
      </trkpt>
      <trkpt lat="37.9593381" lon="-4.8150071">
        <ele>571</ele>
        <time>2026-08-18T19:02:51.682Z</time>
      </trkpt>
      <trkpt lat="37.9593474" lon="-4.8150137">
        <ele>571</ele>
        <time>2026-08-18T19:02:52.682Z</time>
      </trkpt>
      <trkpt lat="37.9593566" lon="-4.815023">
        <ele>571</ele>
        <time>2026-08-18T19:02:53.682Z</time>
      </trkpt>
      <trkpt lat="37.9593659" lon="-4.8150324">
        <ele>571</ele>
        <time>2026-08-18T19:02:54.682Z</time>
      </trkpt>
      <trkpt lat="37.9593769" lon="-4.8150405">
        <ele>571</ele>
        <time>2026-08-18T19:02:55.682Z</time>
      </trkpt>
      <trkpt lat="37.9593879" lon="-4.8150486">
        <ele>571</ele>
        <time>2026-08-18T19:02:56.682Z</time>
      </trkpt>
      <trkpt lat="37.9594003" lon="-4.8150525">
        <ele>571</ele>
        <time>2026-08-18T19:02:57.682Z</time>
      </trkpt>
      <trkpt lat="37.9594127" lon="-4.8150564">
        <ele>571</ele>
        <time>2026-08-18T19:02:58.682Z</time>
      </trkpt>
      <trkpt lat="37.9594273" lon="-4.8150564">
        <ele>571</ele>
        <time>2026-08-18T19:02:59.682Z</time>
      </trkpt>
      <trkpt lat="37.9594419" lon="-4.8150564">
        <ele>570</ele>
        <time>2026-08-18T19:03:00.682Z</time>
      </trkpt>
      <trkpt lat="37.9594558" lon="-4.8150558">
        <ele>570</ele>
        <time>2026-08-18T19:03:01.682Z</time>
      </trkpt>
      <trkpt lat="37.9594697" lon="-4.8150553">
        <ele>570</ele>
        <time>2026-08-18T19:03:02.682Z</time>
      </trkpt>
      <trkpt lat="37.9594814" lon="-4.8150568">
        <ele>570</ele>
        <time>2026-08-18T19:03:03.682Z</time>
      </trkpt>
      <trkpt lat="37.9594932" lon="-4.8150584">
        <ele>569</ele>
        <time>2026-08-18T19:03:04.682Z</time>
      </trkpt>
      <trkpt lat="37.9595037" lon="-4.8150637">
        <ele>569</ele>
        <time>2026-08-18T19:03:05.682Z</time>
      </trkpt>
      <trkpt lat="37.9595142" lon="-4.815069">
        <ele>569</ele>
        <time>2026-08-18T19:03:06.682Z</time>
      </trkpt>
      <trkpt lat="37.9595237" lon="-4.8150765">
        <ele>569</ele>
        <time>2026-08-18T19:03:07.682Z</time>
      </trkpt>
      <trkpt lat="37.9595332" lon="-4.815084">
        <ele>568</ele>
        <time>2026-08-18T19:03:08.682Z</time>
      </trkpt>
      <trkpt lat="37.9595423" lon="-4.8150922">
        <ele>568</ele>
        <time>2026-08-18T19:03:09.682Z</time>
      </trkpt>
      <trkpt lat="37.9595514" lon="-4.8151005">
        <ele>568</ele>
        <time>2026-08-18T19:03:10.682Z</time>
      </trkpt>
      <trkpt lat="37.9595609" lon="-4.8151115">
        <ele>568</ele>
        <time>2026-08-18T19:03:11.682Z</time>
      </trkpt>
      <trkpt lat="37.9595705" lon="-4.8151226">
        <ele>568</ele>
        <time>2026-08-18T19:03:12.682Z</time>
      </trkpt>
      <trkpt lat="37.9595789" lon="-4.8151366">
        <ele>568</ele>
        <time>2026-08-18T19:03:13.682Z</time>
      </trkpt>
      <trkpt lat="37.9595873" lon="-4.8151506">
        <ele>568</ele>
        <time>2026-08-18T19:03:14.682Z</time>
      </trkpt>
      <trkpt lat="37.9595926" lon="-4.8151667">
        <ele>568</ele>
        <time>2026-08-18T19:03:15.682Z</time>
      </trkpt>
      <trkpt lat="37.9595979" lon="-4.8151829">
        <ele>568</ele>
        <time>2026-08-18T19:03:16.682Z</time>
      </trkpt>
      <trkpt lat="37.9596013" lon="-4.8152003">
        <ele>568</ele>
        <time>2026-08-18T19:03:17.682Z</time>
      </trkpt>
      <trkpt lat="37.9596047" lon="-4.8152178">
        <ele>568</ele>
        <time>2026-08-18T19:03:18.682Z</time>
      </trkpt>
      <trkpt lat="37.9596081" lon="-4.8152331">
        <ele>568</ele>
        <time>2026-08-18T19:03:19.682Z</time>
      </trkpt>
      <trkpt lat="37.9596115" lon="-4.8152485">
        <ele>567</ele>
        <time>2026-08-18T19:03:20.682Z</time>
      </trkpt>
      <trkpt lat="37.9596147" lon="-4.815262">
        <ele>567</ele>
        <time>2026-08-18T19:03:21.682Z</time>
      </trkpt>
      <trkpt lat="37.959618" lon="-4.8152756">
        <ele>567</ele>
        <time>2026-08-18T19:03:22.682Z</time>
      </trkpt>
      <trkpt lat="37.9596204" lon="-4.81529">
        <ele>567</ele>
        <time>2026-08-18T19:03:23.682Z</time>
      </trkpt>
      <trkpt lat="37.9596228" lon="-4.8153045">
        <ele>567</ele>
        <time>2026-08-18T19:03:24.682Z</time>
      </trkpt>
      <trkpt lat="37.9596256" lon="-4.8153199">
        <ele>567</ele>
        <time>2026-08-18T19:03:25.682Z</time>
      </trkpt>
      <trkpt lat="37.9596284" lon="-4.8153354">
        <ele>567</ele>
        <time>2026-08-18T19:03:26.682Z</time>
      </trkpt>
      <trkpt lat="37.9596309" lon="-4.8153509">
        <ele>567</ele>
        <time>2026-08-18T19:03:27.682Z</time>
      </trkpt>
      <trkpt lat="37.9596334" lon="-4.8153664">
        <ele>566</ele>
        <time>2026-08-18T19:03:28.682Z</time>
      </trkpt>
      <trkpt lat="37.959637" lon="-4.815381">
        <ele>566</ele>
        <time>2026-08-18T19:03:29.682Z</time>
      </trkpt>
      <trkpt lat="37.9596407" lon="-4.8153956">
        <ele>566</ele>
        <time>2026-08-18T19:03:30.682Z</time>
      </trkpt>
      <trkpt lat="37.9596466" lon="-4.8154075">
        <ele>566</ele>
        <time>2026-08-18T19:03:31.682Z</time>
      </trkpt>
      <trkpt lat="37.9596526" lon="-4.8154195">
        <ele>566</ele>
        <time>2026-08-18T19:03:32.682Z</time>
      </trkpt>
      <trkpt lat="37.9596555" lon="-4.8154238">
        <ele>566</ele>
        <time>2026-08-18T19:03:33.682Z</time>
      </trkpt>
      <trkpt lat="37.9596585" lon="-4.8154282">
        <ele>566</ele>
        <time>2026-08-18T19:03:34.682Z</time>
      </trkpt>
      <trkpt lat="37.9596642" lon="-4.8154324">
        <ele>566</ele>
        <time>2026-08-18T19:03:35.682Z</time>
      </trkpt>
      <trkpt lat="37.95967" lon="-4.8154367">
        <ele>565</ele>
        <time>2026-08-18T19:03:36.682Z</time>
      </trkpt>
      <trkpt lat="37.9596793" lon="-4.815437">
        <ele>565</ele>
        <time>2026-08-18T19:03:37.682Z</time>
      </trkpt>
      <trkpt lat="37.9596887" lon="-4.8154373">
        <ele>565</ele>
        <time>2026-08-18T19:03:38.682Z</time>
      </trkpt>
      <trkpt lat="37.9596999" lon="-4.8154374">
        <ele>565</ele>
        <time>2026-08-18T19:03:39.682Z</time>
      </trkpt>
      <trkpt lat="37.9597111" lon="-4.8154376">
        <ele>565</ele>
        <time>2026-08-18T19:03:40.682Z</time>
      </trkpt>
      <trkpt lat="37.959724" lon="-4.8154379">
        <ele>565</ele>
        <time>2026-08-18T19:03:41.682Z</time>
      </trkpt>
      <trkpt lat="37.9597369" lon="-4.8154382">
        <ele>565</ele>
        <time>2026-08-18T19:03:42.682Z</time>
      </trkpt>
      <trkpt lat="37.9597507" lon="-4.8154413">
        <ele>565</ele>
        <time>2026-08-18T19:03:43.682Z</time>
      </trkpt>
      <trkpt lat="37.9597646" lon="-4.8154445">
        <ele>565</ele>
        <time>2026-08-18T19:03:44.682Z</time>
      </trkpt>
      <trkpt lat="37.9597792" lon="-4.8154504">
        <ele>565</ele>
        <time>2026-08-18T19:03:45.682Z</time>
      </trkpt>
      <trkpt lat="37.9597938" lon="-4.8154564">
        <ele>565</ele>
        <time>2026-08-18T19:03:46.682Z</time>
      </trkpt>
      <trkpt lat="37.9598071" lon="-4.8154625">
        <ele>565</ele>
        <time>2026-08-18T19:03:47.682Z</time>
      </trkpt>
      <trkpt lat="37.9598204" lon="-4.8154686">
        <ele>565</ele>
        <time>2026-08-18T19:03:48.682Z</time>
      </trkpt>
      <trkpt lat="37.9598333" lon="-4.8154724">
        <ele>565</ele>
        <time>2026-08-18T19:03:49.682Z</time>
      </trkpt>
      <trkpt lat="37.9598463" lon="-4.8154762">
        <ele>565</ele>
        <time>2026-08-18T19:03:50.682Z</time>
      </trkpt>
      <trkpt lat="37.9598603" lon="-4.8154782">
        <ele>565</ele>
        <time>2026-08-18T19:03:51.682Z</time>
      </trkpt>
      <trkpt lat="37.9598743" lon="-4.8154802">
        <ele>565</ele>
        <time>2026-08-18T19:03:52.682Z</time>
      </trkpt>
      <trkpt lat="37.9598884" lon="-4.8154813">
        <ele>565</ele>
        <time>2026-08-18T19:03:53.682Z</time>
      </trkpt>
      <trkpt lat="37.9599026" lon="-4.8154824">
        <ele>565</ele>
        <time>2026-08-18T19:03:54.682Z</time>
      </trkpt>
      <trkpt lat="37.9599151" lon="-4.8154838">
        <ele>565</ele>
        <time>2026-08-18T19:03:55.682Z</time>
      </trkpt>
      <trkpt lat="37.9599277" lon="-4.8154852">
        <ele>565</ele>
        <time>2026-08-18T19:03:56.682Z</time>
      </trkpt>
      <trkpt lat="37.9599392" lon="-4.8154867">
        <ele>565</ele>
        <time>2026-08-18T19:03:57.682Z</time>
      </trkpt>
      <trkpt lat="37.9599507" lon="-4.8154882">
        <ele>565</ele>
        <time>2026-08-18T19:03:58.682Z</time>
      </trkpt>
      <trkpt lat="37.959962" lon="-4.8154888">
        <ele>566</ele>
        <time>2026-08-18T19:03:59.682Z</time>
      </trkpt>
      <trkpt lat="37.9599733" lon="-4.8154895">
        <ele>566</ele>
        <time>2026-08-18T19:04:00.682Z</time>
      </trkpt>
      <trkpt lat="37.9599801" lon="-4.8154903">
        <ele>566</ele>
        <time>2026-08-18T19:04:01.682Z</time>
      </trkpt>
      <trkpt lat="37.9599869" lon="-4.8154912">
        <ele>566</ele>
        <time>2026-08-18T19:04:02.682Z</time>
      </trkpt>
      <trkpt lat="37.9599986" lon="-4.8154926">
        <ele>567</ele>
        <time>2026-08-18T19:04:03.682Z</time>
      </trkpt>
      <trkpt lat="37.9600103" lon="-4.815494">
        <ele>567</ele>
        <time>2026-08-18T19:04:04.682Z</time>
      </trkpt>
      <trkpt lat="37.9600228" lon="-4.8154946">
        <ele>567</ele>
        <time>2026-08-18T19:04:05.682Z</time>
      </trkpt>
      <trkpt lat="37.9600353" lon="-4.8154952">
        <ele>567</ele>
        <time>2026-08-18T19:04:06.682Z</time>
      </trkpt>
      <trkpt lat="37.9600485" lon="-4.8154949">
        <ele>567</ele>
        <time>2026-08-18T19:04:07.682Z</time>
      </trkpt>
      <trkpt lat="37.9600618" lon="-4.8154946">
        <ele>567</ele>
        <time>2026-08-18T19:04:08.682Z</time>
      </trkpt>
      <trkpt lat="37.9600732" lon="-4.8154925">
        <ele>567</ele>
        <time>2026-08-18T19:04:09.682Z</time>
      </trkpt>
      <trkpt lat="37.9600847" lon="-4.8154904">
        <ele>567</ele>
        <time>2026-08-18T19:04:10.682Z</time>
      </trkpt>
      <trkpt lat="37.9600894" lon="-4.815488">
        <ele>567</ele>
        <time>2026-08-18T19:04:11.682Z</time>
      </trkpt>
      <trkpt lat="37.9600941" lon="-4.8154856">
        <ele>567</ele>
        <time>2026-08-18T19:04:12.682Z</time>
      </trkpt>
      <trkpt lat="37.9600988" lon="-4.8154816">
        <ele>567</ele>
        <time>2026-08-18T19:04:13.682Z</time>
      </trkpt>
      <trkpt lat="37.9601036" lon="-4.8154777">
        <ele>567</ele>
        <time>2026-08-18T19:04:14.682Z</time>
      </trkpt>
      <trkpt lat="37.9601072" lon="-4.815479">
        <ele>567</ele>
        <time>2026-08-18T19:04:15.682Z</time>
      </trkpt>
      <trkpt lat="37.9601109" lon="-4.8154803">
        <ele>567</ele>
        <time>2026-08-18T19:04:16.682Z</time>
      </trkpt>
      <trkpt lat="37.9601183" lon="-4.8154856">
        <ele>567</ele>
        <time>2026-08-18T19:04:17.682Z</time>
      </trkpt>
      <trkpt lat="37.9601257" lon="-4.815491">
        <ele>567</ele>
        <time>2026-08-18T19:04:18.682Z</time>
      </trkpt>
      <trkpt lat="37.9601382" lon="-4.8154969">
        <ele>568</ele>
        <time>2026-08-18T19:04:19.682Z</time>
      </trkpt>
      <trkpt lat="37.9601507" lon="-4.8155028">
        <ele>568</ele>
        <time>2026-08-18T19:04:20.682Z</time>
      </trkpt>
      <trkpt lat="37.960166" lon="-4.8155067">
        <ele>568</ele>
        <time>2026-08-18T19:04:21.682Z</time>
      </trkpt>
      <trkpt lat="37.9601814" lon="-4.8155107">
        <ele>568</ele>
        <time>2026-08-18T19:04:22.682Z</time>
      </trkpt>
      <trkpt lat="37.9601961" lon="-4.8155139">
        <ele>568</ele>
        <time>2026-08-18T19:04:23.682Z</time>
      </trkpt>
      <trkpt lat="37.9602109" lon="-4.8155172">
        <ele>568</ele>
        <time>2026-08-18T19:04:24.682Z</time>
      </trkpt>
      <trkpt lat="37.9602239" lon="-4.8155207">
        <ele>568</ele>
        <time>2026-08-18T19:04:25.682Z</time>
      </trkpt>
      <trkpt lat="37.9602369" lon="-4.8155242">
        <ele>568</ele>
        <time>2026-08-18T19:04:26.682Z</time>
      </trkpt>
      <trkpt lat="37.9602492" lon="-4.8155285">
        <ele>568</ele>
        <time>2026-08-18T19:04:27.682Z</time>
      </trkpt>
      <trkpt lat="37.9602615" lon="-4.8155328">
        <ele>568</ele>
        <time>2026-08-18T19:04:28.682Z</time>
      </trkpt>
      <trkpt lat="37.9602737" lon="-4.8155366">
        <ele>568</ele>
        <time>2026-08-18T19:04:29.682Z</time>
      </trkpt>
      <trkpt lat="37.960286" lon="-4.8155404">
        <ele>568</ele>
        <time>2026-08-18T19:04:30.682Z</time>
      </trkpt>
      <trkpt lat="37.9602986" lon="-4.8155428">
        <ele>569</ele>
        <time>2026-08-18T19:04:31.682Z</time>
      </trkpt>
      <trkpt lat="37.9603112" lon="-4.8155452">
        <ele>569</ele>
        <time>2026-08-18T19:04:32.682Z</time>
      </trkpt>
      <trkpt lat="37.9603242" lon="-4.8155467">
        <ele>569</ele>
        <time>2026-08-18T19:04:33.682Z</time>
      </trkpt>
      <trkpt lat="37.9603373" lon="-4.8155483">
        <ele>569</ele>
        <time>2026-08-18T19:04:34.682Z</time>
      </trkpt>
      <trkpt lat="37.9603503" lon="-4.8155481">
        <ele>569</ele>
        <time>2026-08-18T19:04:35.682Z</time>
      </trkpt>
      <trkpt lat="37.9603634" lon="-4.8155479">
        <ele>569</ele>
        <time>2026-08-18T19:04:36.682Z</time>
      </trkpt>
      <trkpt lat="37.9603761" lon="-4.8155462">
        <ele>569</ele>
        <time>2026-08-18T19:04:37.682Z</time>
      </trkpt>
      <trkpt lat="37.9603888" lon="-4.8155446">
        <ele>569</ele>
        <time>2026-08-18T19:04:38.682Z</time>
      </trkpt>
      <trkpt lat="37.9604013" lon="-4.8155426">
        <ele>570</ele>
        <time>2026-08-18T19:04:39.682Z</time>
      </trkpt>
      <trkpt lat="37.9604138" lon="-4.8155407">
        <ele>570</ele>
        <time>2026-08-18T19:04:40.682Z</time>
      </trkpt>
      <trkpt lat="37.960426" lon="-4.8155384">
        <ele>570</ele>
        <time>2026-08-18T19:04:41.682Z</time>
      </trkpt>
      <trkpt lat="37.9604382" lon="-4.8155361">
        <ele>570</ele>
        <time>2026-08-18T19:04:42.682Z</time>
      </trkpt>
      <trkpt lat="37.960449" lon="-4.8155348">
        <ele>570</ele>
        <time>2026-08-18T19:04:43.682Z</time>
      </trkpt>
      <trkpt lat="37.9604598" lon="-4.8155335">
        <ele>569</ele>
        <time>2026-08-18T19:04:44.682Z</time>
      </trkpt>
      <trkpt lat="37.96047" lon="-4.8155357">
        <ele>569</ele>
        <time>2026-08-18T19:04:45.682Z</time>
      </trkpt>
      <trkpt lat="37.9604802" lon="-4.815538">
        <ele>569</ele>
        <time>2026-08-18T19:04:46.682Z</time>
      </trkpt>
      <trkpt lat="37.9604887" lon="-4.815546">
        <ele>569</ele>
        <time>2026-08-18T19:04:47.682Z</time>
      </trkpt>
      <trkpt lat="37.9604973" lon="-4.8155541">
        <ele>569</ele>
        <time>2026-08-18T19:04:48.682Z</time>
      </trkpt>
      <trkpt lat="37.9605028" lon="-4.8155666">
        <ele>569</ele>
        <time>2026-08-18T19:04:49.682Z</time>
      </trkpt>
      <trkpt lat="37.9605083" lon="-4.8155792">
        <ele>569</ele>
        <time>2026-08-18T19:04:50.682Z</time>
      </trkpt>
      <trkpt lat="37.960511" lon="-4.8155945">
        <ele>569</ele>
        <time>2026-08-18T19:04:51.682Z</time>
      </trkpt>
      <trkpt lat="37.9605137" lon="-4.8156099">
        <ele>569</ele>
        <time>2026-08-18T19:04:52.682Z</time>
      </trkpt>
      <trkpt lat="37.9605139" lon="-4.8156264">
        <ele>569</ele>
        <time>2026-08-18T19:04:53.682Z</time>
      </trkpt>
      <trkpt lat="37.9605141" lon="-4.815643">
        <ele>569</ele>
        <time>2026-08-18T19:04:54.682Z</time>
      </trkpt>
      <trkpt lat="37.9605138" lon="-4.8156609">
        <ele>569</ele>
        <time>2026-08-18T19:04:55.682Z</time>
      </trkpt>
      <trkpt lat="37.9605135" lon="-4.8156788">
        <ele>569</ele>
        <time>2026-08-18T19:04:56.682Z</time>
      </trkpt>
      <trkpt lat="37.9605137" lon="-4.8156966">
        <ele>569</ele>
        <time>2026-08-18T19:04:57.682Z</time>
      </trkpt>
      <trkpt lat="37.9605139" lon="-4.8157144">
        <ele>569</ele>
        <time>2026-08-18T19:04:58.682Z</time>
      </trkpt>
      <trkpt lat="37.960515" lon="-4.8157319">
        <ele>569</ele>
        <time>2026-08-18T19:04:59.682Z</time>
      </trkpt>
      <trkpt lat="37.9605162" lon="-4.8157494">
        <ele>569</ele>
        <time>2026-08-18T19:05:00.682Z</time>
      </trkpt>
      <trkpt lat="37.9605174" lon="-4.8157662">
        <ele>569</ele>
        <time>2026-08-18T19:05:01.682Z</time>
      </trkpt>
      <trkpt lat="37.9605186" lon="-4.8157831">
        <ele>569</ele>
        <time>2026-08-18T19:05:02.682Z</time>
      </trkpt>
      <trkpt lat="37.9605191" lon="-4.8157992">
        <ele>570</ele>
        <time>2026-08-18T19:05:03.682Z</time>
      </trkpt>
      <trkpt lat="37.9605196" lon="-4.8158153">
        <ele>569</ele>
        <time>2026-08-18T19:05:04.682Z</time>
      </trkpt>
      <trkpt lat="37.96052" lon="-4.8158314">
        <ele>569</ele>
        <time>2026-08-18T19:05:05.682Z</time>
      </trkpt>
      <trkpt lat="37.9605205" lon="-4.8158476">
        <ele>569</ele>
        <time>2026-08-18T19:05:06.682Z</time>
      </trkpt>
      <trkpt lat="37.9605218" lon="-4.8158622">
        <ele>569</ele>
        <time>2026-08-18T19:05:07.682Z</time>
      </trkpt>
      <trkpt lat="37.9605231" lon="-4.8158769">
        <ele>569</ele>
        <time>2026-08-18T19:05:08.682Z</time>
      </trkpt>
      <trkpt lat="37.9605257" lon="-4.8158918">
        <ele>569</ele>
        <time>2026-08-18T19:05:09.682Z</time>
      </trkpt>
      <trkpt lat="37.9605283" lon="-4.8159068">
        <ele>569</ele>
        <time>2026-08-18T19:05:10.682Z</time>
      </trkpt>
      <trkpt lat="37.9605312" lon="-4.8159224">
        <ele>569</ele>
        <time>2026-08-18T19:05:11.682Z</time>
      </trkpt>
      <trkpt lat="37.9605342" lon="-4.8159381">
        <ele>569</ele>
        <time>2026-08-18T19:05:12.682Z</time>
      </trkpt>
      <trkpt lat="37.9605365" lon="-4.8159541">
        <ele>569</ele>
        <time>2026-08-18T19:05:13.682Z</time>
      </trkpt>
      <trkpt lat="37.9605389" lon="-4.8159702">
        <ele>569</ele>
        <time>2026-08-18T19:05:14.682Z</time>
      </trkpt>
      <trkpt lat="37.9605395" lon="-4.8159859">
        <ele>569</ele>
        <time>2026-08-18T19:05:15.682Z</time>
      </trkpt>
      <trkpt lat="37.9605401" lon="-4.8160017">
        <ele>569</ele>
        <time>2026-08-18T19:05:16.682Z</time>
      </trkpt>
      <trkpt lat="37.9605382" lon="-4.8160172">
        <ele>569</ele>
        <time>2026-08-18T19:05:17.682Z</time>
      </trkpt>
      <trkpt lat="37.9605363" lon="-4.8160327">
        <ele>569</ele>
        <time>2026-08-18T19:05:18.682Z</time>
      </trkpt>
      <trkpt lat="37.9605338" lon="-4.816048">
        <ele>569</ele>
        <time>2026-08-18T19:05:19.682Z</time>
      </trkpt>
      <trkpt lat="37.9605314" lon="-4.8160634">
        <ele>569</ele>
        <time>2026-08-18T19:05:20.682Z</time>
      </trkpt>
      <trkpt lat="37.9605297" lon="-4.8160793">
        <ele>569</ele>
        <time>2026-08-18T19:05:21.682Z</time>
      </trkpt>
      <trkpt lat="37.960528" lon="-4.8160952">
        <ele>569</ele>
        <time>2026-08-18T19:05:22.682Z</time>
      </trkpt>
      <trkpt lat="37.9605282" lon="-4.8161089">
        <ele>569</ele>
        <time>2026-08-18T19:05:23.682Z</time>
      </trkpt>
      <trkpt lat="37.9605284" lon="-4.8161226">
        <ele>568</ele>
        <time>2026-08-18T19:05:24.682Z</time>
      </trkpt>
      <trkpt lat="37.9605281" lon="-4.8161314">
        <ele>568</ele>
        <time>2026-08-18T19:05:25.682Z</time>
      </trkpt>
      <trkpt lat="37.9605278" lon="-4.8161403">
        <ele>568</ele>
        <time>2026-08-18T19:05:26.682Z</time>
      </trkpt>
      <trkpt lat="37.9605272" lon="-4.8161518">
        <ele>568</ele>
        <time>2026-08-18T19:05:27.682Z</time>
      </trkpt>
      <trkpt lat="37.9605267" lon="-4.8161633">
        <ele>568</ele>
        <time>2026-08-18T19:05:28.682Z</time>
      </trkpt>
      <trkpt lat="37.9605291" lon="-4.8161795">
        <ele>568</ele>
        <time>2026-08-18T19:05:29.682Z</time>
      </trkpt>
      <trkpt lat="37.9605316" lon="-4.8161957">
        <ele>568</ele>
        <time>2026-08-18T19:05:30.682Z</time>
      </trkpt>
      <trkpt lat="37.9605372" lon="-4.8162106">
        <ele>569</ele>
        <time>2026-08-18T19:05:31.682Z</time>
      </trkpt>
      <trkpt lat="37.9605428" lon="-4.8162256">
        <ele>569</ele>
        <time>2026-08-18T19:05:32.682Z</time>
      </trkpt>
      <trkpt lat="37.9605499" lon="-4.8162382">
        <ele>569</ele>
        <time>2026-08-18T19:05:33.682Z</time>
      </trkpt>
      <trkpt lat="37.9605571" lon="-4.8162508">
        <ele>569</ele>
        <time>2026-08-18T19:05:34.682Z</time>
      </trkpt>
      <trkpt lat="37.9605633" lon="-4.8162648">
        <ele>570</ele>
        <time>2026-08-18T19:05:35.682Z</time>
      </trkpt>
      <trkpt lat="37.9605696" lon="-4.8162788">
        <ele>570</ele>
        <time>2026-08-18T19:05:36.682Z</time>
      </trkpt>
      <trkpt lat="37.9605751" lon="-4.816294">
        <ele>570</ele>
        <time>2026-08-18T19:05:37.682Z</time>
      </trkpt>
      <trkpt lat="37.9605806" lon="-4.8163093">
        <ele>570</ele>
        <time>2026-08-18T19:05:38.682Z</time>
      </trkpt>
      <trkpt lat="37.9605846" lon="-4.8163244">
        <ele>570</ele>
        <time>2026-08-18T19:05:39.682Z</time>
      </trkpt>
      <trkpt lat="37.9605887" lon="-4.8163396">
        <ele>570</ele>
        <time>2026-08-18T19:05:40.682Z</time>
      </trkpt>
      <trkpt lat="37.9605909" lon="-4.8163554">
        <ele>570</ele>
        <time>2026-08-18T19:05:41.682Z</time>
      </trkpt>
      <trkpt lat="37.9605931" lon="-4.8163713">
        <ele>570</ele>
        <time>2026-08-18T19:05:42.682Z</time>
      </trkpt>
      <trkpt lat="37.9605911" lon="-4.8163872">
        <ele>570</ele>
        <time>2026-08-18T19:05:43.682Z</time>
      </trkpt>
      <trkpt lat="37.9605892" lon="-4.8164032">
        <ele>570</ele>
        <time>2026-08-18T19:05:44.682Z</time>
      </trkpt>
      <trkpt lat="37.9605835" lon="-4.8164171">
        <ele>570</ele>
        <time>2026-08-18T19:05:45.682Z</time>
      </trkpt>
      <trkpt lat="37.9605778" lon="-4.8164311">
        <ele>570</ele>
        <time>2026-08-18T19:05:46.682Z</time>
      </trkpt>
      <trkpt lat="37.9605704" lon="-4.8164443">
        <ele>570</ele>
        <time>2026-08-18T19:05:47.682Z</time>
      </trkpt>
      <trkpt lat="37.9605631" lon="-4.8164575">
        <ele>570</ele>
        <time>2026-08-18T19:05:48.682Z</time>
      </trkpt>
      <trkpt lat="37.9605565" lon="-4.8164702">
        <ele>570</ele>
        <time>2026-08-18T19:05:49.682Z</time>
      </trkpt>
      <trkpt lat="37.9605499" lon="-4.816483">
        <ele>570</ele>
        <time>2026-08-18T19:05:50.682Z</time>
      </trkpt>
      <trkpt lat="37.960542" lon="-4.8164927">
        <ele>570</ele>
        <time>2026-08-18T19:05:51.682Z</time>
      </trkpt>
      <trkpt lat="37.9605342" lon="-4.8165025">
        <ele>570</ele>
        <time>2026-08-18T19:05:52.682Z</time>
      </trkpt>
      <trkpt lat="37.9605232" lon="-4.8165081">
        <ele>570</ele>
        <time>2026-08-18T19:05:53.682Z</time>
      </trkpt>
      <trkpt lat="37.9605123" lon="-4.8165137">
        <ele>570</ele>
        <time>2026-08-18T19:05:54.682Z</time>
      </trkpt>
      <trkpt lat="37.9605003" lon="-4.816518">
        <ele>571</ele>
        <time>2026-08-18T19:05:55.682Z</time>
      </trkpt>
      <trkpt lat="37.9604884" lon="-4.8165224">
        <ele>571</ele>
        <time>2026-08-18T19:05:56.682Z</time>
      </trkpt>
      <trkpt lat="37.9604765" lon="-4.8165271">
        <ele>571</ele>
        <time>2026-08-18T19:05:57.682Z</time>
      </trkpt>
      <trkpt lat="37.9604646" lon="-4.8165318">
        <ele>571</ele>
        <time>2026-08-18T19:05:58.682Z</time>
      </trkpt>
      <trkpt lat="37.9604529" lon="-4.8165374">
        <ele>571</ele>
        <time>2026-08-18T19:05:59.682Z</time>
      </trkpt>
      <trkpt lat="37.9604413" lon="-4.816543">
        <ele>571</ele>
        <time>2026-08-18T19:06:00.682Z</time>
      </trkpt>
      <trkpt lat="37.9604312" lon="-4.8165513">
        <ele>571</ele>
        <time>2026-08-18T19:06:01.682Z</time>
      </trkpt>
      <trkpt lat="37.9604211" lon="-4.8165596">
        <ele>571</ele>
        <time>2026-08-18T19:06:02.682Z</time>
      </trkpt>
      <trkpt lat="37.9604129" lon="-4.816569">
        <ele>572</ele>
        <time>2026-08-18T19:06:03.682Z</time>
      </trkpt>
      <trkpt lat="37.9604048" lon="-4.8165785">
        <ele>572</ele>
        <time>2026-08-18T19:06:04.682Z</time>
      </trkpt>
      <trkpt lat="37.9603972" lon="-4.8165888">
        <ele>572</ele>
        <time>2026-08-18T19:06:05.682Z</time>
      </trkpt>
      <trkpt lat="37.9603897" lon="-4.8165991">
        <ele>572</ele>
        <time>2026-08-18T19:06:06.682Z</time>
      </trkpt>
      <trkpt lat="37.9603826" lon="-4.8166093">
        <ele>572</ele>
        <time>2026-08-18T19:06:07.682Z</time>
      </trkpt>
      <trkpt lat="37.9603756" lon="-4.8166195">
        <ele>572</ele>
        <time>2026-08-18T19:06:08.682Z</time>
      </trkpt>
      <trkpt lat="37.9603686" lon="-4.8166302">
        <ele>572</ele>
        <time>2026-08-18T19:06:09.682Z</time>
      </trkpt>
      <trkpt lat="37.9603616" lon="-4.8166409">
        <ele>572</ele>
        <time>2026-08-18T19:06:10.682Z</time>
      </trkpt>
      <trkpt lat="37.9603539" lon="-4.8166539">
        <ele>572</ele>
        <time>2026-08-18T19:06:11.682Z</time>
      </trkpt>
      <trkpt lat="37.9603463" lon="-4.816667">
        <ele>572</ele>
        <time>2026-08-18T19:06:12.682Z</time>
      </trkpt>
      <trkpt lat="37.9603382" lon="-4.8166809">
        <ele>572</ele>
        <time>2026-08-18T19:06:13.682Z</time>
      </trkpt>
      <trkpt lat="37.9603302" lon="-4.8166949">
        <ele>572</ele>
        <time>2026-08-18T19:06:14.682Z</time>
      </trkpt>
      <trkpt lat="37.9603217" lon="-4.8167084">
        <ele>572</ele>
        <time>2026-08-18T19:06:15.682Z</time>
      </trkpt>
      <trkpt lat="37.9603133" lon="-4.8167219">
        <ele>572</ele>
        <time>2026-08-18T19:06:16.682Z</time>
      </trkpt>
      <trkpt lat="37.9603043" lon="-4.8167356">
        <ele>572</ele>
        <time>2026-08-18T19:06:17.682Z</time>
      </trkpt>
      <trkpt lat="37.9602954" lon="-4.8167494">
        <ele>572</ele>
        <time>2026-08-18T19:06:18.682Z</time>
      </trkpt>
      <trkpt lat="37.9602867" lon="-4.8167624">
        <ele>572</ele>
        <time>2026-08-18T19:06:19.682Z</time>
      </trkpt>
      <trkpt lat="37.9602781" lon="-4.8167754">
        <ele>572</ele>
        <time>2026-08-18T19:06:20.682Z</time>
      </trkpt>
      <trkpt lat="37.9602695" lon="-4.8167856">
        <ele>572</ele>
        <time>2026-08-18T19:06:21.682Z</time>
      </trkpt>
      <trkpt lat="37.960261" lon="-4.8167958">
        <ele>572</ele>
        <time>2026-08-18T19:06:22.682Z</time>
      </trkpt>
      <trkpt lat="37.9602532" lon="-4.816805">
        <ele>572</ele>
        <time>2026-08-18T19:06:23.682Z</time>
      </trkpt>
      <trkpt lat="37.9602454" lon="-4.8168143">
        <ele>571</ele>
        <time>2026-08-18T19:06:24.682Z</time>
      </trkpt>
      <trkpt lat="37.9602374" lon="-4.8168248">
        <ele>571</ele>
        <time>2026-08-18T19:06:25.682Z</time>
      </trkpt>
      <trkpt lat="37.9602294" lon="-4.8168354">
        <ele>571</ele>
        <time>2026-08-18T19:06:26.682Z</time>
      </trkpt>
      <trkpt lat="37.9602207" lon="-4.8168462">
        <ele>571</ele>
        <time>2026-08-18T19:06:27.682Z</time>
      </trkpt>
      <trkpt lat="37.9602121" lon="-4.816857">
        <ele>571</ele>
        <time>2026-08-18T19:06:28.682Z</time>
      </trkpt>
      <trkpt lat="37.9602042" lon="-4.8168665">
        <ele>571</ele>
        <time>2026-08-18T19:06:29.682Z</time>
      </trkpt>
      <trkpt lat="37.9601964" lon="-4.8168761">
        <ele>571</ele>
        <time>2026-08-18T19:06:30.682Z</time>
      </trkpt>
      <trkpt lat="37.9601928" lon="-4.8168813">
        <ele>571</ele>
        <time>2026-08-18T19:06:31.682Z</time>
      </trkpt>
      <trkpt lat="37.9601892" lon="-4.8168865">
        <ele>571</ele>
        <time>2026-08-18T19:06:32.682Z</time>
      </trkpt>
      <trkpt lat="37.960184" lon="-4.8168956">
        <ele>571</ele>
        <time>2026-08-18T19:06:33.682Z</time>
      </trkpt>
      <trkpt lat="37.9601789" lon="-4.8169048">
        <ele>571</ele>
        <time>2026-08-18T19:06:34.682Z</time>
      </trkpt>
      <trkpt lat="37.9601731" lon="-4.8169161">
        <ele>571</ele>
        <time>2026-08-18T19:06:35.682Z</time>
      </trkpt>
      <trkpt lat="37.9601673" lon="-4.8169275">
        <ele>571</ele>
        <time>2026-08-18T19:06:36.682Z</time>
      </trkpt>
      <trkpt lat="37.9601605" lon="-4.8169406">
        <ele>571</ele>
        <time>2026-08-18T19:06:37.682Z</time>
      </trkpt>
      <trkpt lat="37.9601537" lon="-4.8169538">
        <ele>571</ele>
        <time>2026-08-18T19:06:38.682Z</time>
      </trkpt>
      <trkpt lat="37.9601525" lon="-4.8169558">
        <ele>571</ele>
        <time>2026-08-18T19:06:39.682Z</time>
      </trkpt>
      <trkpt lat="37.9601513" lon="-4.8169578">
        <ele>571</ele>
        <time>2026-08-18T19:06:40.682Z</time>
      </trkpt>
      <trkpt lat="37.9601501" lon="-4.8169599">
        <ele>571</ele>
        <time>2026-08-18T19:06:41.682Z</time>
      </trkpt>
      <trkpt lat="37.9601489" lon="-4.8169619">
        <ele>571</ele>
        <time>2026-08-18T19:06:42.682Z</time>
      </trkpt>
      <trkpt lat="37.9601477" lon="-4.816964">
        <ele>571</ele>
        <time>2026-08-18T19:06:43.682Z</time>
      </trkpt>
      <trkpt lat="37.9601432" lon="-4.8169682">
        <ele>570</ele>
        <time>2026-08-18T19:06:44.682Z</time>
      </trkpt>
      <trkpt lat="37.9601387" lon="-4.8169725">
        <ele>570</ele>
        <time>2026-08-18T19:06:45.682Z</time>
      </trkpt>
      <trkpt lat="37.9601349" lon="-4.816978">
        <ele>570</ele>
        <time>2026-08-18T19:06:46.682Z</time>
      </trkpt>
      <trkpt lat="37.9601311" lon="-4.8169835">
        <ele>570</ele>
        <time>2026-08-18T19:06:47.682Z</time>
      </trkpt>
      <trkpt lat="37.9601259" lon="-4.8169918">
        <ele>570</ele>
        <time>2026-08-18T19:06:48.682Z</time>
      </trkpt>
      <trkpt lat="37.9601208" lon="-4.8170002">
        <ele>570</ele>
        <time>2026-08-18T19:06:49.682Z</time>
      </trkpt>
      <trkpt lat="37.9601122" lon="-4.8170101">
        <ele>570</ele>
        <time>2026-08-18T19:06:50.682Z</time>
      </trkpt>
      <trkpt lat="37.9601037" lon="-4.8170201">
        <ele>571</ele>
        <time>2026-08-18T19:06:51.682Z</time>
      </trkpt>
      <trkpt lat="37.9600938" lon="-4.8170327">
        <ele>570</ele>
        <time>2026-08-18T19:06:52.682Z</time>
      </trkpt>
      <trkpt lat="37.9600839" lon="-4.8170453">
        <ele>570</ele>
        <time>2026-08-18T19:06:53.682Z</time>
      </trkpt>
      <trkpt lat="37.9600751" lon="-4.8170612">
        <ele>570</ele>
        <time>2026-08-18T19:06:54.682Z</time>
      </trkpt>
      <trkpt lat="37.9600663" lon="-4.8170772">
        <ele>570</ele>
        <time>2026-08-18T19:06:55.682Z</time>
      </trkpt>
      <trkpt lat="37.9600597" lon="-4.8170926">
        <ele>570</ele>
        <time>2026-08-18T19:06:56.682Z</time>
      </trkpt>
      <trkpt lat="37.9600532" lon="-4.8171081">
        <ele>570</ele>
        <time>2026-08-18T19:06:57.682Z</time>
      </trkpt>
      <trkpt lat="37.9600471" lon="-4.8171219">
        <ele>570</ele>
        <time>2026-08-18T19:06:58.682Z</time>
      </trkpt>
      <trkpt lat="37.960041" lon="-4.8171358">
        <ele>571</ele>
        <time>2026-08-18T19:06:59.682Z</time>
      </trkpt>
      <trkpt lat="37.960034" lon="-4.817147">
        <ele>570</ele>
        <time>2026-08-18T19:07:00.682Z</time>
      </trkpt>
      <trkpt lat="37.960027" lon="-4.8171583">
        <ele>570</ele>
        <time>2026-08-18T19:07:01.682Z</time>
      </trkpt>
      <trkpt lat="37.9600187" lon="-4.8171672">
        <ele>570</ele>
        <time>2026-08-18T19:07:02.682Z</time>
      </trkpt>
      <trkpt lat="37.9600105" lon="-4.8171762">
        <ele>570</ele>
        <time>2026-08-18T19:07:03.682Z</time>
      </trkpt>
      <trkpt lat="37.9600019" lon="-4.817187">
        <ele>569</ele>
        <time>2026-08-18T19:07:04.682Z</time>
      </trkpt>
      <trkpt lat="37.9599933" lon="-4.8171978">
        <ele>569</ele>
        <time>2026-08-18T19:07:05.682Z</time>
      </trkpt>
      <trkpt lat="37.9599855" lon="-4.8172114">
        <ele>569</ele>
        <time>2026-08-18T19:07:06.682Z</time>
      </trkpt>
      <trkpt lat="37.9599777" lon="-4.8172251">
        <ele>569</ele>
        <time>2026-08-18T19:07:07.682Z</time>
      </trkpt>
      <trkpt lat="37.9599703" lon="-4.8172388">
        <ele>568</ele>
        <time>2026-08-18T19:07:08.682Z</time>
      </trkpt>
      <trkpt lat="37.959963" lon="-4.8172526">
        <ele>568</ele>
        <time>2026-08-18T19:07:09.682Z</time>
      </trkpt>
      <trkpt lat="37.9599607" lon="-4.8172664">
        <ele>568</ele>
        <time>2026-08-18T19:07:19.682Z</time>
      </trkpt>
      <trkpt lat="37.9599622" lon="-4.8172692">
        <ele>567</ele>
        <time>2026-08-18T19:07:20.682Z</time>
      </trkpt>
      <trkpt lat="37.9599638" lon="-4.817272">
        <ele>567</ele>
        <time>2026-08-18T19:07:21.682Z</time>
      </trkpt>
      <trkpt lat="37.9599613" lon="-4.8172761">
        <ele>567</ele>
        <time>2026-08-18T19:07:22.682Z</time>
      </trkpt>
      <trkpt lat="37.9599588" lon="-4.8172803">
        <ele>567</ele>
        <time>2026-08-18T19:07:23.682Z</time>
      </trkpt>
      <trkpt lat="37.959952" lon="-4.8172866">
        <ele>567</ele>
        <time>2026-08-18T19:07:24.682Z</time>
      </trkpt>
      <trkpt lat="37.9599453" lon="-4.8172929">
        <ele>567</ele>
        <time>2026-08-18T19:07:25.682Z</time>
      </trkpt>
      <trkpt lat="37.959936" lon="-4.817301">
        <ele>567</ele>
        <time>2026-08-18T19:07:26.682Z</time>
      </trkpt>
      <trkpt lat="37.9599268" lon="-4.8173092">
        <ele>567</ele>
        <time>2026-08-18T19:07:27.682Z</time>
      </trkpt>
      <trkpt lat="37.9599185" lon="-4.8173163">
        <ele>567</ele>
        <time>2026-08-18T19:07:28.682Z</time>
      </trkpt>
      <trkpt lat="37.9599102" lon="-4.8173234">
        <ele>567</ele>
        <time>2026-08-18T19:07:29.682Z</time>
      </trkpt>
      <trkpt lat="37.9599019" lon="-4.8173306">
        <ele>567</ele>
        <time>2026-08-18T19:07:30.682Z</time>
      </trkpt>
      <trkpt lat="37.9598936" lon="-4.8173378">
        <ele>567</ele>
        <time>2026-08-18T19:07:31.682Z</time>
      </trkpt>
      <trkpt lat="37.9598843" lon="-4.817344">
        <ele>567</ele>
        <time>2026-08-18T19:07:32.682Z</time>
      </trkpt>
      <trkpt lat="37.9598751" lon="-4.8173503">
        <ele>567</ele>
        <time>2026-08-18T19:07:33.682Z</time>
      </trkpt>
      <trkpt lat="37.9598653" lon="-4.817357">
        <ele>567</ele>
        <time>2026-08-18T19:07:34.682Z</time>
      </trkpt>
      <trkpt lat="37.9598555" lon="-4.8173638">
        <ele>567</ele>
        <time>2026-08-18T19:07:35.682Z</time>
      </trkpt>
      <trkpt lat="37.9598479" lon="-4.8173741">
        <ele>567</ele>
        <time>2026-08-18T19:07:36.682Z</time>
      </trkpt>
      <trkpt lat="37.9598403" lon="-4.8173844">
        <ele>567</ele>
        <time>2026-08-18T19:07:37.682Z</time>
      </trkpt>
      <trkpt lat="37.9598342" lon="-4.8173982">
        <ele>567</ele>
        <time>2026-08-18T19:07:38.682Z</time>
      </trkpt>
      <trkpt lat="37.9598281" lon="-4.817412">
        <ele>567</ele>
        <time>2026-08-18T19:07:39.682Z</time>
      </trkpt>
      <trkpt lat="37.9598259" lon="-4.8174169">
        <ele>566</ele>
        <time>2026-08-18T19:07:40.682Z</time>
      </trkpt>
      <trkpt lat="37.9598238" lon="-4.8174219">
        <ele>566</ele>
        <time>2026-08-18T19:07:41.682Z</time>
      </trkpt>
      <trkpt lat="37.9598196" lon="-4.8174289">
        <ele>566</ele>
        <time>2026-08-18T19:07:42.682Z</time>
      </trkpt>
      <trkpt lat="37.9598155" lon="-4.8174359">
        <ele>566</ele>
        <time>2026-08-18T19:07:43.682Z</time>
      </trkpt>
      <trkpt lat="37.9598094" lon="-4.8174435">
        <ele>566</ele>
        <time>2026-08-18T19:07:44.682Z</time>
      </trkpt>
      <trkpt lat="37.9598033" lon="-4.8174511">
        <ele>566</ele>
        <time>2026-08-18T19:07:45.682Z</time>
      </trkpt>
      <trkpt lat="37.9597958" lon="-4.8174613">
        <ele>566</ele>
        <time>2026-08-18T19:07:46.682Z</time>
      </trkpt>
      <trkpt lat="37.9597884" lon="-4.8174715">
        <ele>566</ele>
        <time>2026-08-18T19:07:47.682Z</time>
      </trkpt>
      <trkpt lat="37.9597826" lon="-4.8174857">
        <ele>566</ele>
        <time>2026-08-18T19:07:48.682Z</time>
      </trkpt>
      <trkpt lat="37.9597768" lon="-4.8174999">
        <ele>566</ele>
        <time>2026-08-18T19:07:49.682Z</time>
      </trkpt>
      <trkpt lat="37.9597717" lon="-4.8175157">
        <ele>566</ele>
        <time>2026-08-18T19:07:50.682Z</time>
      </trkpt>
      <trkpt lat="37.9597666" lon="-4.8175316">
        <ele>566</ele>
        <time>2026-08-18T19:07:51.682Z</time>
      </trkpt>
      <trkpt lat="37.9597611" lon="-4.8175478">
        <ele>566</ele>
        <time>2026-08-18T19:07:52.682Z</time>
      </trkpt>
      <trkpt lat="37.9597557" lon="-4.817564">
        <ele>566</ele>
        <time>2026-08-18T19:07:53.682Z</time>
      </trkpt>
      <trkpt lat="37.9597504" lon="-4.8175787">
        <ele>566</ele>
        <time>2026-08-18T19:07:54.682Z</time>
      </trkpt>
      <trkpt lat="37.9597451" lon="-4.8175934">
        <ele>567</ele>
        <time>2026-08-18T19:07:55.682Z</time>
      </trkpt>
      <trkpt lat="37.9597393" lon="-4.8176063">
        <ele>567</ele>
        <time>2026-08-18T19:07:56.682Z</time>
      </trkpt>
      <trkpt lat="37.9597336" lon="-4.8176192">
        <ele>567</ele>
        <time>2026-08-18T19:07:57.682Z</time>
      </trkpt>
      <trkpt lat="37.9597273" lon="-4.8176324">
        <ele>567</ele>
        <time>2026-08-18T19:07:58.682Z</time>
      </trkpt>
      <trkpt lat="37.9597211" lon="-4.8176457">
        <ele>567</ele>
        <time>2026-08-18T19:07:59.682Z</time>
      </trkpt>
      <trkpt lat="37.9597137" lon="-4.8176579">
        <ele>567</ele>
        <time>2026-08-18T19:08:00.682Z</time>
      </trkpt>
      <trkpt lat="37.9597064" lon="-4.8176702">
        <ele>567</ele>
        <time>2026-08-18T19:08:01.682Z</time>
      </trkpt>
      <trkpt lat="37.9596978" lon="-4.8176813">
        <ele>567</ele>
        <time>2026-08-18T19:08:02.682Z</time>
      </trkpt>
      <trkpt lat="37.9596893" lon="-4.8176925">
        <ele>567</ele>
        <time>2026-08-18T19:08:03.682Z</time>
      </trkpt>
      <trkpt lat="37.95968" lon="-4.8177023">
        <ele>567</ele>
        <time>2026-08-18T19:08:04.682Z</time>
      </trkpt>
      <trkpt lat="37.9596707" lon="-4.8177122">
        <ele>567</ele>
        <time>2026-08-18T19:08:05.682Z</time>
      </trkpt>
      <trkpt lat="37.9596607" lon="-4.8177216">
        <ele>567</ele>
        <time>2026-08-18T19:08:06.682Z</time>
      </trkpt>
      <trkpt lat="37.9596508" lon="-4.817731">
        <ele>567</ele>
        <time>2026-08-18T19:08:07.682Z</time>
      </trkpt>
      <trkpt lat="37.9596409" lon="-4.8177406">
        <ele>567</ele>
        <time>2026-08-18T19:08:08.682Z</time>
      </trkpt>
      <trkpt lat="37.959631" lon="-4.8177502">
        <ele>567</ele>
        <time>2026-08-18T19:08:09.682Z</time>
      </trkpt>
      <trkpt lat="37.9596211" lon="-4.8177592">
        <ele>567</ele>
        <time>2026-08-18T19:08:10.682Z</time>
      </trkpt>
      <trkpt lat="37.9596112" lon="-4.8177682">
        <ele>568</ele>
        <time>2026-08-18T19:08:11.682Z</time>
      </trkpt>
      <trkpt lat="37.9596001" lon="-4.8177754">
        <ele>568</ele>
        <time>2026-08-18T19:08:12.682Z</time>
      </trkpt>
      <trkpt lat="37.9595891" lon="-4.8177827">
        <ele>568</ele>
        <time>2026-08-18T19:08:13.682Z</time>
      </trkpt>
      <trkpt lat="37.9595782" lon="-4.817789">
        <ele>568</ele>
        <time>2026-08-18T19:08:14.682Z</time>
      </trkpt>
      <trkpt lat="37.9595673" lon="-4.8177953">
        <ele>568</ele>
        <time>2026-08-18T19:08:15.682Z</time>
      </trkpt>
      <trkpt lat="37.9595571" lon="-4.8178012">
        <ele>568</ele>
        <time>2026-08-18T19:08:16.682Z</time>
      </trkpt>
      <trkpt lat="37.9595469" lon="-4.8178072">
        <ele>568</ele>
        <time>2026-08-18T19:08:17.682Z</time>
      </trkpt>
      <trkpt lat="37.9595364" lon="-4.8178173">
        <ele>568</ele>
        <time>2026-08-18T19:08:18.682Z</time>
      </trkpt>
      <trkpt lat="37.959526" lon="-4.8178274">
        <ele>568</ele>
        <time>2026-08-18T19:08:19.682Z</time>
      </trkpt>
      <trkpt lat="37.9595185" lon="-4.8178419">
        <ele>568</ele>
        <time>2026-08-18T19:08:20.682Z</time>
      </trkpt>
      <trkpt lat="37.9595111" lon="-4.8178565">
        <ele>568</ele>
        <time>2026-08-18T19:08:21.682Z</time>
      </trkpt>
      <trkpt lat="37.9595092" lon="-4.817874">
        <ele>568</ele>
        <time>2026-08-18T19:08:22.682Z</time>
      </trkpt>
      <trkpt lat="37.9595074" lon="-4.8178915">
        <ele>568</ele>
        <time>2026-08-18T19:08:23.682Z</time>
      </trkpt>
      <trkpt lat="37.9595091" lon="-4.8179083">
        <ele>567</ele>
        <time>2026-08-18T19:08:24.682Z</time>
      </trkpt>
      <trkpt lat="37.9595109" lon="-4.8179251">
        <ele>567</ele>
        <time>2026-08-18T19:08:25.682Z</time>
      </trkpt>
      <trkpt lat="37.9595114" lon="-4.81794">
        <ele>567</ele>
        <time>2026-08-18T19:08:26.682Z</time>
      </trkpt>
      <trkpt lat="37.9595119" lon="-4.8179549">
        <ele>567</ele>
        <time>2026-08-18T19:08:27.682Z</time>
      </trkpt>
      <trkpt lat="37.9595115" lon="-4.8179683">
        <ele>566</ele>
        <time>2026-08-18T19:08:28.682Z</time>
      </trkpt>
      <trkpt lat="37.9595111" lon="-4.8179817">
        <ele>566</ele>
        <time>2026-08-18T19:08:29.682Z</time>
      </trkpt>
      <trkpt lat="37.9595113" lon="-4.8179966">
        <ele>566</ele>
        <time>2026-08-18T19:08:30.682Z</time>
      </trkpt>
      <trkpt lat="37.9595115" lon="-4.8180116">
        <ele>566</ele>
        <time>2026-08-18T19:08:31.682Z</time>
      </trkpt>
      <trkpt lat="37.9595132" lon="-4.8180262">
        <ele>565</ele>
        <time>2026-08-18T19:08:32.682Z</time>
      </trkpt>
      <trkpt lat="37.9595149" lon="-4.8180408">
        <ele>565</ele>
        <time>2026-08-18T19:08:33.682Z</time>
      </trkpt>
      <trkpt lat="37.959517" lon="-4.8180525">
        <ele>565</ele>
        <time>2026-08-18T19:08:34.682Z</time>
      </trkpt>
      <trkpt lat="37.9595192" lon="-4.8180643">
        <ele>565</ele>
        <time>2026-08-18T19:08:35.682Z</time>
      </trkpt>
      <trkpt lat="37.95952" lon="-4.8180747">
        <ele>564</ele>
        <time>2026-08-18T19:08:36.682Z</time>
      </trkpt>
      <trkpt lat="37.9595209" lon="-4.8180851">
        <ele>564</ele>
        <time>2026-08-18T19:08:37.682Z</time>
      </trkpt>
      <trkpt lat="37.9595194" lon="-4.8180952">
        <ele>564</ele>
        <time>2026-08-18T19:08:38.682Z</time>
      </trkpt>
      <trkpt lat="37.959518" lon="-4.8181053">
        <ele>564</ele>
        <time>2026-08-18T19:08:39.682Z</time>
      </trkpt>
      <trkpt lat="37.9595146" lon="-4.8181166">
        <ele>563</ele>
        <time>2026-08-18T19:08:40.682Z</time>
      </trkpt>
      <trkpt lat="37.9595112" lon="-4.8181279">
        <ele>563</ele>
        <time>2026-08-18T19:08:41.682Z</time>
      </trkpt>
      <trkpt lat="37.9595075" lon="-4.8181402">
        <ele>563</ele>
        <time>2026-08-18T19:08:42.682Z</time>
      </trkpt>
      <trkpt lat="37.9595039" lon="-4.8181525">
        <ele>563</ele>
        <time>2026-08-18T19:08:43.682Z</time>
      </trkpt>
      <trkpt lat="37.9594999" lon="-4.8181658">
        <ele>562</ele>
        <time>2026-08-18T19:08:44.682Z</time>
      </trkpt>
      <trkpt lat="37.959496" lon="-4.8181791">
        <ele>562</ele>
        <time>2026-08-18T19:08:45.682Z</time>
      </trkpt>
      <trkpt lat="37.9594916" lon="-4.8181929">
        <ele>562</ele>
        <time>2026-08-18T19:08:46.682Z</time>
      </trkpt>
      <trkpt lat="37.9594872" lon="-4.8182067">
        <ele>562</ele>
        <time>2026-08-18T19:08:47.682Z</time>
      </trkpt>
      <trkpt lat="37.9594821" lon="-4.8182211">
        <ele>562</ele>
        <time>2026-08-18T19:08:48.682Z</time>
      </trkpt>
      <trkpt lat="37.9594771" lon="-4.8182356">
        <ele>562</ele>
        <time>2026-08-18T19:08:49.682Z</time>
      </trkpt>
      <trkpt lat="37.959473" lon="-4.818251">
        <ele>562</ele>
        <time>2026-08-18T19:08:50.682Z</time>
      </trkpt>
      <trkpt lat="37.9594689" lon="-4.8182665">
        <ele>562</ele>
        <time>2026-08-18T19:08:51.682Z</time>
      </trkpt>
      <trkpt lat="37.959466" lon="-4.8182812">
        <ele>561</ele>
        <time>2026-08-18T19:08:52.682Z</time>
      </trkpt>
      <trkpt lat="37.9594632" lon="-4.818296">
        <ele>561</ele>
        <time>2026-08-18T19:08:53.682Z</time>
      </trkpt>
      <trkpt lat="37.9594604" lon="-4.8183097">
        <ele>561</ele>
        <time>2026-08-18T19:08:54.682Z</time>
      </trkpt>
      <trkpt lat="37.9594576" lon="-4.8183235">
        <ele>561</ele>
        <time>2026-08-18T19:08:55.682Z</time>
      </trkpt>
      <trkpt lat="37.9594563" lon="-4.8183303">
        <ele>560</ele>
        <time>2026-08-18T19:08:56.682Z</time>
      </trkpt>
      <trkpt lat="37.9594551" lon="-4.8183371">
        <ele>560</ele>
        <time>2026-08-18T19:08:57.682Z</time>
      </trkpt>
      <trkpt lat="37.9594538" lon="-4.8183439">
        <ele>560</ele>
        <time>2026-08-18T19:08:58.682Z</time>
      </trkpt>
      <trkpt lat="37.9594526" lon="-4.8183507">
        <ele>560</ele>
        <time>2026-08-18T19:08:59.682Z</time>
      </trkpt>
      <trkpt lat="37.9594501" lon="-4.8183629">
        <ele>559</ele>
        <time>2026-08-18T19:09:00.682Z</time>
      </trkpt>
      <trkpt lat="37.9594477" lon="-4.8183752">
        <ele>559</ele>
        <time>2026-08-18T19:09:01.682Z</time>
      </trkpt>
      <trkpt lat="37.959446" lon="-4.8183848">
        <ele>559</ele>
        <time>2026-08-18T19:09:02.682Z</time>
      </trkpt>
      <trkpt lat="37.9594443" lon="-4.8183944">
        <ele>559</ele>
        <time>2026-08-18T19:09:03.682Z</time>
      </trkpt>
      <trkpt lat="37.9594425" lon="-4.818406">
        <ele>558</ele>
        <time>2026-08-18T19:09:04.682Z</time>
      </trkpt>
      <trkpt lat="37.9594407" lon="-4.8184177">
        <ele>558</ele>
        <time>2026-08-18T19:09:05.682Z</time>
      </trkpt>
      <trkpt lat="37.9594401" lon="-4.8184322">
        <ele>558</ele>
        <time>2026-08-18T19:09:06.682Z</time>
      </trkpt>
      <trkpt lat="37.9594396" lon="-4.8184467">
        <ele>558</ele>
        <time>2026-08-18T19:09:07.682Z</time>
      </trkpt>
      <trkpt lat="37.9594418" lon="-4.8184626">
        <ele>558</ele>
        <time>2026-08-18T19:09:08.682Z</time>
      </trkpt>
      <trkpt lat="37.9594441" lon="-4.8184785">
        <ele>558</ele>
        <time>2026-08-18T19:09:09.682Z</time>
      </trkpt>
      <trkpt lat="37.9594478" lon="-4.8184849">
        <ele>558</ele>
        <time>2026-08-18T19:09:10.682Z</time>
      </trkpt>
      <trkpt lat="37.9594516" lon="-4.8184914">
        <ele>559</ele>
        <time>2026-08-18T19:09:11.682Z</time>
      </trkpt>
      <trkpt lat="37.9594553" lon="-4.8184979">
        <ele>559</ele>
        <time>2026-08-18T19:09:12.682Z</time>
      </trkpt>
      <trkpt lat="37.9594591" lon="-4.8185044">
        <ele>559</ele>
        <time>2026-08-18T19:09:13.682Z</time>
      </trkpt>
      <trkpt lat="37.959471" lon="-4.8185113">
        <ele>559</ele>
        <time>2026-08-18T19:09:14.682Z</time>
      </trkpt>
      <trkpt lat="37.959483" lon="-4.8185183">
        <ele>559</ele>
        <time>2026-08-18T19:09:15.682Z</time>
      </trkpt>
      <trkpt lat="37.9594954" lon="-4.8185213">
        <ele>559</ele>
        <time>2026-08-18T19:09:16.682Z</time>
      </trkpt>
      <trkpt lat="37.9595079" lon="-4.8185244">
        <ele>559</ele>
        <time>2026-08-18T19:09:17.682Z</time>
      </trkpt>
      <trkpt lat="37.9595198" lon="-4.818526">
        <ele>559</ele>
        <time>2026-08-18T19:09:18.682Z</time>
      </trkpt>
      <trkpt lat="37.9595317" lon="-4.8185276">
        <ele>559</ele>
        <time>2026-08-18T19:09:19.682Z</time>
      </trkpt>
      <trkpt lat="37.9595425" lon="-4.8185287">
        <ele>559</ele>
        <time>2026-08-18T19:09:20.682Z</time>
      </trkpt>
      <trkpt lat="37.9595533" lon="-4.8185298">
        <ele>559</ele>
        <time>2026-08-18T19:09:21.682Z</time>
      </trkpt>
      <trkpt lat="37.9595617" lon="-4.8185313">
        <ele>559</ele>
        <time>2026-08-18T19:09:22.682Z</time>
      </trkpt>
      <trkpt lat="37.9595701" lon="-4.8185329">
        <ele>560</ele>
        <time>2026-08-18T19:09:23.682Z</time>
      </trkpt>
      <trkpt lat="37.9595792" lon="-4.8185341">
        <ele>560</ele>
        <time>2026-08-18T19:09:24.682Z</time>
      </trkpt>
      <trkpt lat="37.9595883" lon="-4.8185354">
        <ele>560</ele>
        <time>2026-08-18T19:09:25.682Z</time>
      </trkpt>
      <trkpt lat="37.9595983" lon="-4.8185366">
        <ele>560</ele>
        <time>2026-08-18T19:09:26.682Z</time>
      </trkpt>
      <trkpt lat="37.9596083" lon="-4.8185379">
        <ele>560</ele>
        <time>2026-08-18T19:09:27.682Z</time>
      </trkpt>
      <trkpt lat="37.9596197" lon="-4.8185373">
        <ele>560</ele>
        <time>2026-08-18T19:09:28.682Z</time>
      </trkpt>
      <trkpt lat="37.9596312" lon="-4.8185368">
        <ele>560</ele>
        <time>2026-08-18T19:09:29.682Z</time>
      </trkpt>
      <trkpt lat="37.9596424" lon="-4.8185317">
        <ele>560</ele>
        <time>2026-08-18T19:09:30.682Z</time>
      </trkpt>
      <trkpt lat="37.9596536" lon="-4.8185267">
        <ele>560</ele>
        <time>2026-08-18T19:09:31.682Z</time>
      </trkpt>
      <trkpt lat="37.9596625" lon="-4.8185167">
        <ele>560</ele>
        <time>2026-08-18T19:09:32.682Z</time>
      </trkpt>
      <trkpt lat="37.9596714" lon="-4.8185067">
        <ele>560</ele>
        <time>2026-08-18T19:09:33.682Z</time>
      </trkpt>
      <trkpt lat="37.9596796" lon="-4.818494">
        <ele>560</ele>
        <time>2026-08-18T19:09:34.682Z</time>
      </trkpt>
      <trkpt lat="37.9596878" lon="-4.8184813">
        <ele>561</ele>
        <time>2026-08-18T19:09:35.682Z</time>
      </trkpt>
      <trkpt lat="37.9596969" lon="-4.8184695">
        <ele>561</ele>
        <time>2026-08-18T19:09:36.682Z</time>
      </trkpt>
      <trkpt lat="37.959706" lon="-4.8184578">
        <ele>561</ele>
        <time>2026-08-18T19:09:37.682Z</time>
      </trkpt>
      <trkpt lat="37.9597155" lon="-4.818446">
        <ele>561</ele>
        <time>2026-08-18T19:09:38.682Z</time>
      </trkpt>
      <trkpt lat="37.9597251" lon="-4.8184342">
        <ele>561</ele>
        <time>2026-08-18T19:09:39.682Z</time>
      </trkpt>
      <trkpt lat="37.9597341" lon="-4.8184229">
        <ele>561</ele>
        <time>2026-08-18T19:09:40.682Z</time>
      </trkpt>
      <trkpt lat="37.9597432" lon="-4.8184116">
        <ele>561</ele>
        <time>2026-08-18T19:09:41.682Z</time>
      </trkpt>
      <trkpt lat="37.9597523" lon="-4.8184024">
        <ele>561</ele>
        <time>2026-08-18T19:09:42.682Z</time>
      </trkpt>
      <trkpt lat="37.9597614" lon="-4.8183933">
        <ele>561</ele>
        <time>2026-08-18T19:09:43.682Z</time>
      </trkpt>
      <trkpt lat="37.9597711" lon="-4.8183864">
        <ele>561</ele>
        <time>2026-08-18T19:09:44.682Z</time>
      </trkpt>
      <trkpt lat="37.9597809" lon="-4.8183795">
        <ele>561</ele>
        <time>2026-08-18T19:09:45.682Z</time>
      </trkpt>
      <trkpt lat="37.959791" lon="-4.818375">
        <ele>561</ele>
        <time>2026-08-18T19:09:46.682Z</time>
      </trkpt>
      <trkpt lat="37.9598011" lon="-4.8183706">
        <ele>561</ele>
        <time>2026-08-18T19:09:47.682Z</time>
      </trkpt>
      <trkpt lat="37.9598131" lon="-4.8183686">
        <ele>560</ele>
        <time>2026-08-18T19:09:48.682Z</time>
      </trkpt>
      <trkpt lat="37.9598251" lon="-4.8183666">
        <ele>560</ele>
        <time>2026-08-18T19:09:49.682Z</time>
      </trkpt>
      <trkpt lat="37.9598366" lon="-4.8183652">
        <ele>560</ele>
        <time>2026-08-18T19:09:50.682Z</time>
      </trkpt>
      <trkpt lat="37.9598482" lon="-4.8183638">
        <ele>560</ele>
        <time>2026-08-18T19:09:51.682Z</time>
      </trkpt>
      <trkpt lat="37.9598595" lon="-4.818364">
        <ele>560</ele>
        <time>2026-08-18T19:09:52.682Z</time>
      </trkpt>
      <trkpt lat="37.9598708" lon="-4.8183642">
        <ele>560</ele>
        <time>2026-08-18T19:09:53.682Z</time>
      </trkpt>
      <trkpt lat="37.959883" lon="-4.8183603">
        <ele>560</ele>
        <time>2026-08-18T19:09:54.682Z</time>
      </trkpt>
      <trkpt lat="37.9598953" lon="-4.8183565">
        <ele>560</ele>
        <time>2026-08-18T19:09:55.682Z</time>
      </trkpt>
      <trkpt lat="37.959907" lon="-4.8183451">
        <ele>559</ele>
        <time>2026-08-18T19:09:56.682Z</time>
      </trkpt>
      <trkpt lat="37.9599187" lon="-4.8183338">
        <ele>559</ele>
        <time>2026-08-18T19:09:57.682Z</time>
      </trkpt>
      <trkpt lat="37.9599262" lon="-4.8183175">
        <ele>559</ele>
        <time>2026-08-18T19:09:58.682Z</time>
      </trkpt>
      <trkpt lat="37.9599337" lon="-4.8183013">
        <ele>559</ele>
        <time>2026-08-18T19:09:59.682Z</time>
      </trkpt>
      <trkpt lat="37.9599377" lon="-4.8182845">
        <ele>558</ele>
        <time>2026-08-18T19:10:00.682Z</time>
      </trkpt>
      <trkpt lat="37.9599417" lon="-4.8182678">
        <ele>558</ele>
        <time>2026-08-18T19:10:01.682Z</time>
      </trkpt>
      <trkpt lat="37.9599453" lon="-4.8182523">
        <ele>558</ele>
        <time>2026-08-18T19:10:02.682Z</time>
      </trkpt>
      <trkpt lat="37.9599489" lon="-4.8182368">
        <ele>558</ele>
        <time>2026-08-18T19:10:03.682Z</time>
      </trkpt>
      <trkpt lat="37.9599536" lon="-4.8182241">
        <ele>558</ele>
        <time>2026-08-18T19:10:04.682Z</time>
      </trkpt>
      <trkpt lat="37.9599584" lon="-4.8182114">
        <ele>558</ele>
        <time>2026-08-18T19:10:05.682Z</time>
      </trkpt>
      <trkpt lat="37.9599656" lon="-4.8181992">
        <ele>558</ele>
        <time>2026-08-18T19:10:06.682Z</time>
      </trkpt>
      <trkpt lat="37.9599729" lon="-4.818187">
        <ele>558</ele>
        <time>2026-08-18T19:10:07.682Z</time>
      </trkpt>
      <trkpt lat="37.9599807" lon="-4.8181779">
        <ele>558</ele>
        <time>2026-08-18T19:10:08.682Z</time>
      </trkpt>
      <trkpt lat="37.9599886" lon="-4.8181689">
        <ele>558</ele>
        <time>2026-08-18T19:10:09.682Z</time>
      </trkpt>
      <trkpt lat="37.9599972" lon="-4.8181622">
        <ele>558</ele>
        <time>2026-08-18T19:10:10.682Z</time>
      </trkpt>
      <trkpt lat="37.9600059" lon="-4.8181556">
        <ele>558</ele>
        <time>2026-08-18T19:10:11.682Z</time>
      </trkpt>
      <trkpt lat="37.9600153" lon="-4.8181494">
        <ele>557</ele>
        <time>2026-08-18T19:10:12.682Z</time>
      </trkpt>
      <trkpt lat="37.9600247" lon="-4.8181433">
        <ele>557</ele>
        <time>2026-08-18T19:10:13.682Z</time>
      </trkpt>
      <trkpt lat="37.9600335" lon="-4.8181369">
        <ele>557</ele>
        <time>2026-08-18T19:10:14.682Z</time>
      </trkpt>
      <trkpt lat="37.9600424" lon="-4.8181306">
        <ele>557</ele>
        <time>2026-08-18T19:10:15.682Z</time>
      </trkpt>
      <trkpt lat="37.960048" lon="-4.8181271">
        <ele>556</ele>
        <time>2026-08-18T19:10:16.682Z</time>
      </trkpt>
      <trkpt lat="37.9600537" lon="-4.8181236">
        <ele>556</ele>
        <time>2026-08-18T19:10:17.682Z</time>
      </trkpt>
      <trkpt lat="37.9600595" lon="-4.8181217">
        <ele>556</ele>
        <time>2026-08-18T19:10:18.682Z</time>
      </trkpt>
      <trkpt lat="37.9600653" lon="-4.8181199">
        <ele>556</ele>
        <time>2026-08-18T19:10:19.682Z</time>
      </trkpt>
      <trkpt lat="37.960075" lon="-4.8181174">
        <ele>556</ele>
        <time>2026-08-18T19:10:20.682Z</time>
      </trkpt>
      <trkpt lat="37.9600847" lon="-4.8181149">
        <ele>556</ele>
        <time>2026-08-18T19:10:21.682Z</time>
      </trkpt>
      <trkpt lat="37.9600957" lon="-4.81811">
        <ele>556</ele>
        <time>2026-08-18T19:10:22.682Z</time>
      </trkpt>
      <trkpt lat="37.9601068" lon="-4.8181051">
        <ele>556</ele>
        <time>2026-08-18T19:10:23.682Z</time>
      </trkpt>
      <trkpt lat="37.9601189" lon="-4.8180991">
        <ele>555</ele>
        <time>2026-08-18T19:10:24.682Z</time>
      </trkpt>
      <trkpt lat="37.9601311" lon="-4.8180932">
        <ele>555</ele>
        <time>2026-08-18T19:10:25.682Z</time>
      </trkpt>
      <trkpt lat="37.9601433" lon="-4.818087">
        <ele>555</ele>
        <time>2026-08-18T19:10:26.682Z</time>
      </trkpt>
      <trkpt lat="37.9601555" lon="-4.8180809">
        <ele>555</ele>
        <time>2026-08-18T19:10:27.682Z</time>
      </trkpt>
      <trkpt lat="37.9601676" lon="-4.8180745">
        <ele>555</ele>
        <time>2026-08-18T19:10:28.682Z</time>
      </trkpt>
      <trkpt lat="37.9601798" lon="-4.8180681">
        <ele>555</ele>
        <time>2026-08-18T19:10:29.682Z</time>
      </trkpt>
      <trkpt lat="37.960192" lon="-4.8180608">
        <ele>555</ele>
        <time>2026-08-18T19:10:30.682Z</time>
      </trkpt>
      <trkpt lat="37.9602043" lon="-4.8180535">
        <ele>555</ele>
        <time>2026-08-18T19:10:31.682Z</time>
      </trkpt>
      <trkpt lat="37.960216" lon="-4.8180437">
        <ele>555</ele>
        <time>2026-08-18T19:10:32.682Z</time>
      </trkpt>
      <trkpt lat="37.9602277" lon="-4.818034">
        <ele>555</ele>
        <time>2026-08-18T19:10:33.682Z</time>
      </trkpt>
      <trkpt lat="37.9602368" lon="-4.8180203">
        <ele>555</ele>
        <time>2026-08-18T19:10:34.682Z</time>
      </trkpt>
      <trkpt lat="37.960246" lon="-4.8180066">
        <ele>555</ele>
        <time>2026-08-18T19:10:35.682Z</time>
      </trkpt>
      <trkpt lat="37.9602526" lon="-4.8179908">
        <ele>554</ele>
        <time>2026-08-18T19:10:36.682Z</time>
      </trkpt>
      <trkpt lat="37.9602593" lon="-4.817975">
        <ele>554</ele>
        <time>2026-08-18T19:10:37.682Z</time>
      </trkpt>
      <trkpt lat="37.9602647" lon="-4.8179596">
        <ele>554</ele>
        <time>2026-08-18T19:10:38.682Z</time>
      </trkpt>
      <trkpt lat="37.9602701" lon="-4.8179443">
        <ele>554</ele>
        <time>2026-08-18T19:10:39.682Z</time>
      </trkpt>
      <trkpt lat="37.9602758" lon="-4.8179295">
        <ele>554</ele>
        <time>2026-08-18T19:10:40.682Z</time>
      </trkpt>
      <trkpt lat="37.9602816" lon="-4.8179147">
        <ele>554</ele>
        <time>2026-08-18T19:10:41.682Z</time>
      </trkpt>
      <trkpt lat="37.9602891" lon="-4.8178998">
        <ele>554</ele>
        <time>2026-08-18T19:10:42.682Z</time>
      </trkpt>
      <trkpt lat="37.9602966" lon="-4.817885">
        <ele>554</ele>
        <time>2026-08-18T19:10:43.682Z</time>
      </trkpt>
      <trkpt lat="37.9603039" lon="-4.8178705">
        <ele>554</ele>
        <time>2026-08-18T19:10:44.682Z</time>
      </trkpt>
      <trkpt lat="37.9603112" lon="-4.8178561">
        <ele>554</ele>
        <time>2026-08-18T19:10:45.682Z</time>
      </trkpt>
      <trkpt lat="37.9603182" lon="-4.8178406">
        <ele>554</ele>
        <time>2026-08-18T19:10:46.682Z</time>
      </trkpt>
      <trkpt lat="37.9603253" lon="-4.8178251">
        <ele>554</ele>
        <time>2026-08-18T19:10:47.682Z</time>
      </trkpt>
      <trkpt lat="37.9603326" lon="-4.8178114">
        <ele>554</ele>
        <time>2026-08-18T19:10:48.682Z</time>
      </trkpt>
      <trkpt lat="37.96034" lon="-4.8177978">
        <ele>554</ele>
        <time>2026-08-18T19:10:49.682Z</time>
      </trkpt>
      <trkpt lat="37.9603486" lon="-4.8177873">
        <ele>554</ele>
        <time>2026-08-18T19:10:50.682Z</time>
      </trkpt>
      <trkpt lat="37.9603572" lon="-4.8177768">
        <ele>554</ele>
        <time>2026-08-18T19:10:51.682Z</time>
      </trkpt>
      <trkpt lat="37.9603677" lon="-4.8177671">
        <ele>554</ele>
        <time>2026-08-18T19:10:52.682Z</time>
      </trkpt>
      <trkpt lat="37.9603783" lon="-4.8177574">
        <ele>554</ele>
        <time>2026-08-18T19:10:53.682Z</time>
      </trkpt>
      <trkpt lat="37.9603898" lon="-4.8177464">
        <ele>554</ele>
        <time>2026-08-18T19:10:54.682Z</time>
      </trkpt>
      <trkpt lat="37.9604013" lon="-4.8177354">
        <ele>554</ele>
        <time>2026-08-18T19:10:55.682Z</time>
      </trkpt>
      <trkpt lat="37.9604133" lon="-4.817725">
        <ele>553</ele>
        <time>2026-08-18T19:10:56.682Z</time>
      </trkpt>
      <trkpt lat="37.9604254" lon="-4.8177147">
        <ele>553</ele>
        <time>2026-08-18T19:10:57.682Z</time>
      </trkpt>
      <trkpt lat="37.9604368" lon="-4.8177047">
        <ele>553</ele>
        <time>2026-08-18T19:10:58.682Z</time>
      </trkpt>
      <trkpt lat="37.9604482" lon="-4.8176948">
        <ele>553</ele>
        <time>2026-08-18T19:10:59.682Z</time>
      </trkpt>
      <trkpt lat="37.9604582" lon="-4.8176852">
        <ele>553</ele>
        <time>2026-08-18T19:11:00.682Z</time>
      </trkpt>
      <trkpt lat="37.9604683" lon="-4.8176756">
        <ele>553</ele>
        <time>2026-08-18T19:11:01.682Z</time>
      </trkpt>
      <trkpt lat="37.9604768" lon="-4.8176641">
        <ele>553</ele>
        <time>2026-08-18T19:11:02.682Z</time>
      </trkpt>
      <trkpt lat="37.9604854" lon="-4.8176527">
        <ele>553</ele>
        <time>2026-08-18T19:11:03.682Z</time>
      </trkpt>
      <trkpt lat="37.9604937" lon="-4.817639">
        <ele>553</ele>
        <time>2026-08-18T19:11:04.682Z</time>
      </trkpt>
      <trkpt lat="37.960502" lon="-4.8176254">
        <ele>553</ele>
        <time>2026-08-18T19:11:05.682Z</time>
      </trkpt>
      <trkpt lat="37.9605101" lon="-4.8176132">
        <ele>553</ele>
        <time>2026-08-18T19:11:06.682Z</time>
      </trkpt>
      <trkpt lat="37.9605183" lon="-4.8176011">
        <ele>553</ele>
        <time>2026-08-18T19:11:07.682Z</time>
      </trkpt>
      <trkpt lat="37.960527" lon="-4.8175892">
        <ele>553</ele>
        <time>2026-08-18T19:11:08.682Z</time>
      </trkpt>
      <trkpt lat="37.9605358" lon="-4.8175774">
        <ele>553</ele>
        <time>2026-08-18T19:11:09.682Z</time>
      </trkpt>
      <trkpt lat="37.9605437" lon="-4.8175656">
        <ele>553</ele>
        <time>2026-08-18T19:11:10.682Z</time>
      </trkpt>
      <trkpt lat="37.9605517" lon="-4.8175538">
        <ele>553</ele>
        <time>2026-08-18T19:11:11.682Z</time>
      </trkpt>
      <trkpt lat="37.9605588" lon="-4.8175429">
        <ele>553</ele>
        <time>2026-08-18T19:11:12.682Z</time>
      </trkpt>
      <trkpt lat="37.9605659" lon="-4.817532">
        <ele>553</ele>
        <time>2026-08-18T19:11:13.682Z</time>
      </trkpt>
      <trkpt lat="37.9605733" lon="-4.817521">
        <ele>553</ele>
        <time>2026-08-18T19:11:14.682Z</time>
      </trkpt>
      <trkpt lat="37.9605808" lon="-4.81751">
        <ele>553</ele>
        <time>2026-08-18T19:11:15.682Z</time>
      </trkpt>
      <trkpt lat="37.9605894" lon="-4.8174989">
        <ele>553</ele>
        <time>2026-08-18T19:11:16.682Z</time>
      </trkpt>
      <trkpt lat="37.960598" lon="-4.8174878">
        <ele>553</ele>
        <time>2026-08-18T19:11:17.682Z</time>
      </trkpt>
      <trkpt lat="37.9606073" lon="-4.8174757">
        <ele>553</ele>
        <time>2026-08-18T19:11:18.682Z</time>
      </trkpt>
      <trkpt lat="37.9606167" lon="-4.8174637">
        <ele>553</ele>
        <time>2026-08-18T19:11:19.682Z</time>
      </trkpt>
      <trkpt lat="37.960626" lon="-4.8174524">
        <ele>553</ele>
        <time>2026-08-18T19:11:20.682Z</time>
      </trkpt>
      <trkpt lat="37.9606353" lon="-4.8174411">
        <ele>553</ele>
        <time>2026-08-18T19:11:21.682Z</time>
      </trkpt>
      <trkpt lat="37.9606442" lon="-4.8174309">
        <ele>553</ele>
        <time>2026-08-18T19:11:22.682Z</time>
      </trkpt>
      <trkpt lat="37.9606532" lon="-4.8174207">
        <ele>553</ele>
        <time>2026-08-18T19:11:23.682Z</time>
      </trkpt>
      <trkpt lat="37.960661" lon="-4.8174106">
        <ele>553</ele>
        <time>2026-08-18T19:11:24.682Z</time>
      </trkpt>
      <trkpt lat="37.9606689" lon="-4.8174005">
        <ele>553</ele>
        <time>2026-08-18T19:11:25.682Z</time>
      </trkpt>
      <trkpt lat="37.9606756" lon="-4.8173902">
        <ele>553</ele>
        <time>2026-08-18T19:11:26.682Z</time>
      </trkpt>
      <trkpt lat="37.9606823" lon="-4.8173799">
        <ele>553</ele>
        <time>2026-08-18T19:11:27.682Z</time>
      </trkpt>
      <trkpt lat="37.9606885" lon="-4.8173704">
        <ele>553</ele>
        <time>2026-08-18T19:11:28.682Z</time>
      </trkpt>
      <trkpt lat="37.9606948" lon="-4.8173609">
        <ele>553</ele>
        <time>2026-08-18T19:11:29.682Z</time>
      </trkpt>
      <trkpt lat="37.9607018" lon="-4.8173523">
        <ele>553</ele>
        <time>2026-08-18T19:11:30.682Z</time>
      </trkpt>
      <trkpt lat="37.9607088" lon="-4.8173438">
        <ele>553</ele>
        <time>2026-08-18T19:11:31.682Z</time>
      </trkpt>
      <trkpt lat="37.9607162" lon="-4.8173332">
        <ele>553</ele>
        <time>2026-08-18T19:11:32.682Z</time>
      </trkpt>
      <trkpt lat="37.9607237" lon="-4.8173226">
        <ele>553</ele>
        <time>2026-08-18T19:11:33.682Z</time>
      </trkpt>
      <trkpt lat="37.9607311" lon="-4.817311">
        <ele>553</ele>
        <time>2026-08-18T19:11:34.682Z</time>
      </trkpt>
      <trkpt lat="37.9607386" lon="-4.8172994">
        <ele>554</ele>
        <time>2026-08-18T19:11:35.682Z</time>
      </trkpt>
      <trkpt lat="37.9607458" lon="-4.8172872">
        <ele>554</ele>
        <time>2026-08-18T19:11:36.682Z</time>
      </trkpt>
      <trkpt lat="37.9607531" lon="-4.817275">
        <ele>554</ele>
        <time>2026-08-18T19:11:37.682Z</time>
      </trkpt>
      <trkpt lat="37.9607612" lon="-4.8172635">
        <ele>554</ele>
        <time>2026-08-18T19:11:38.682Z</time>
      </trkpt>
      <trkpt lat="37.9607694" lon="-4.817252">
        <ele>554</ele>
        <time>2026-08-18T19:11:39.682Z</time>
      </trkpt>
      <trkpt lat="37.9607793" lon="-4.8172414">
        <ele>554</ele>
        <time>2026-08-18T19:11:40.682Z</time>
      </trkpt>
      <trkpt lat="37.9607893" lon="-4.8172308">
        <ele>554</ele>
        <time>2026-08-18T19:11:41.682Z</time>
      </trkpt>
      <trkpt lat="37.9607989" lon="-4.8172191">
        <ele>554</ele>
        <time>2026-08-18T19:11:42.682Z</time>
      </trkpt>
      <trkpt lat="37.9608086" lon="-4.8172074">
        <ele>554</ele>
        <time>2026-08-18T19:11:43.682Z</time>
      </trkpt>
      <trkpt lat="37.9608166" lon="-4.8171956">
        <ele>554</ele>
        <time>2026-08-18T19:11:44.682Z</time>
      </trkpt>
      <trkpt lat="37.9608246" lon="-4.8171838">
        <ele>554</ele>
        <time>2026-08-18T19:11:45.682Z</time>
      </trkpt>
      <trkpt lat="37.9608333" lon="-4.8171747">
        <ele>554</ele>
        <time>2026-08-18T19:11:46.682Z</time>
      </trkpt>
      <trkpt lat="37.9608421" lon="-4.8171656">
        <ele>554</ele>
        <time>2026-08-18T19:11:47.682Z</time>
      </trkpt>
      <trkpt lat="37.9608515" lon="-4.8171588">
        <ele>554</ele>
        <time>2026-08-18T19:11:48.682Z</time>
      </trkpt>
      <trkpt lat="37.9608609" lon="-4.8171521">
        <ele>554</ele>
        <time>2026-08-18T19:11:49.682Z</time>
      </trkpt>
      <trkpt lat="37.9608809" lon="-4.817143">
        <ele>554</ele>
        <time>2026-08-18T19:11:56.682Z</time>
      </trkpt>
      <trkpt lat="37.9608902" lon="-4.8171374">
        <ele>554</ele>
        <time>2026-08-18T19:11:57.682Z</time>
      </trkpt>
      <trkpt lat="37.9608996" lon="-4.8171319">
        <ele>554</ele>
        <time>2026-08-18T19:11:58.682Z</time>
      </trkpt>
      <trkpt lat="37.960909" lon="-4.8171223">
        <ele>554</ele>
        <time>2026-08-18T19:11:59.682Z</time>
      </trkpt>
      <trkpt lat="37.9609185" lon="-4.8171128">
        <ele>554</ele>
        <time>2026-08-18T19:12:00.682Z</time>
      </trkpt>
      <trkpt lat="37.9609286" lon="-4.8171009">
        <ele>554</ele>
        <time>2026-08-18T19:12:01.682Z</time>
      </trkpt>
      <trkpt lat="37.9609388" lon="-4.8170891">
        <ele>554</ele>
        <time>2026-08-18T19:12:02.682Z</time>
      </trkpt>
      <trkpt lat="37.9609494" lon="-4.8170777">
        <ele>555</ele>
        <time>2026-08-18T19:12:03.682Z</time>
      </trkpt>
      <trkpt lat="37.96096" lon="-4.8170664">
        <ele>555</ele>
        <time>2026-08-18T19:12:04.682Z</time>
      </trkpt>
      <trkpt lat="37.9609704" lon="-4.817055">
        <ele>555</ele>
        <time>2026-08-18T19:12:05.682Z</time>
      </trkpt>
      <trkpt lat="37.9609808" lon="-4.8170436">
        <ele>555</ele>
        <time>2026-08-18T19:12:06.682Z</time>
      </trkpt>
      <trkpt lat="37.9609901" lon="-4.8170325">
        <ele>555</ele>
        <time>2026-08-18T19:12:07.682Z</time>
      </trkpt>
      <trkpt lat="37.9609995" lon="-4.8170214">
        <ele>555</ele>
        <time>2026-08-18T19:12:08.682Z</time>
      </trkpt>
      <trkpt lat="37.9610077" lon="-4.8170111">
        <ele>555</ele>
        <time>2026-08-18T19:12:09.682Z</time>
      </trkpt>
      <trkpt lat="37.961016" lon="-4.8170009">
        <ele>555</ele>
        <time>2026-08-18T19:12:10.682Z</time>
      </trkpt>
      <trkpt lat="37.9610229" lon="-4.8169901">
        <ele>555</ele>
        <time>2026-08-18T19:12:11.682Z</time>
      </trkpt>
      <trkpt lat="37.9610298" lon="-4.8169793">
        <ele>555</ele>
        <time>2026-08-18T19:12:12.682Z</time>
      </trkpt>
      <trkpt lat="37.961034" lon="-4.8169664">
        <ele>555</ele>
        <time>2026-08-18T19:12:13.682Z</time>
      </trkpt>
      <trkpt lat="37.9610383" lon="-4.8169536">
        <ele>555</ele>
        <time>2026-08-18T19:12:14.682Z</time>
      </trkpt>
      <trkpt lat="37.9610391" lon="-4.8169491">
        <ele>556</ele>
        <time>2026-08-18T19:12:15.682Z</time>
      </trkpt>
      <trkpt lat="37.96104" lon="-4.8169446">
        <ele>556</ele>
        <time>2026-08-18T19:12:16.682Z</time>
      </trkpt>
      <trkpt lat="37.9610409" lon="-4.8169401">
        <ele>556</ele>
        <time>2026-08-18T19:12:17.682Z</time>
      </trkpt>
      <trkpt lat="37.9610418" lon="-4.8169356">
        <ele>556</ele>
        <time>2026-08-18T19:12:18.682Z</time>
      </trkpt>
      <trkpt lat="37.9610427" lon="-4.8169312">
        <ele>556</ele>
        <time>2026-08-18T19:12:19.682Z</time>
      </trkpt>
      <trkpt lat="37.9610436" lon="-4.8169243">
        <ele>555</ele>
        <time>2026-08-18T19:12:20.682Z</time>
      </trkpt>
      <trkpt lat="37.9610446" lon="-4.8169175">
        <ele>555</ele>
        <time>2026-08-18T19:12:21.682Z</time>
      </trkpt>
      <trkpt lat="37.9610451" lon="-4.816908">
        <ele>555</ele>
        <time>2026-08-18T19:12:22.682Z</time>
      </trkpt>
      <trkpt lat="37.9610456" lon="-4.8168986">
        <ele>555</ele>
        <time>2026-08-18T19:12:23.682Z</time>
      </trkpt>
      <trkpt lat="37.9610449" lon="-4.8168863">
        <ele>555</ele>
        <time>2026-08-18T19:12:24.682Z</time>
      </trkpt>
      <trkpt lat="37.9610443" lon="-4.8168741">
        <ele>555</ele>
        <time>2026-08-18T19:12:25.682Z</time>
      </trkpt>
      <trkpt lat="37.9610424" lon="-4.8168581">
        <ele>555</ele>
        <time>2026-08-18T19:12:26.682Z</time>
      </trkpt>
      <trkpt lat="37.9610406" lon="-4.8168421">
        <ele>556</ele>
        <time>2026-08-18T19:12:27.682Z</time>
      </trkpt>
      <trkpt lat="37.9610382" lon="-4.8168258">
        <ele>556</ele>
        <time>2026-08-18T19:12:28.682Z</time>
      </trkpt>
      <trkpt lat="37.9610358" lon="-4.8168096">
        <ele>556</ele>
        <time>2026-08-18T19:12:29.682Z</time>
      </trkpt>
      <trkpt lat="37.9610345" lon="-4.8168014">
        <ele>556</ele>
        <time>2026-08-18T19:12:30.682Z</time>
      </trkpt>
      <trkpt lat="37.9610333" lon="-4.8167932">
        <ele>556</ele>
        <time>2026-08-18T19:12:31.682Z</time>
      </trkpt>
      <trkpt lat="37.9610309" lon="-4.8167806">
        <ele>556</ele>
        <time>2026-08-18T19:12:32.682Z</time>
      </trkpt>
      <trkpt lat="37.9610285" lon="-4.8167681">
        <ele>556</ele>
        <time>2026-08-18T19:12:33.682Z</time>
      </trkpt>
      <trkpt lat="37.9610271" lon="-4.8167568">
        <ele>556</ele>
        <time>2026-08-18T19:12:34.682Z</time>
      </trkpt>
      <trkpt lat="37.9610258" lon="-4.8167455">
        <ele>556</ele>
        <time>2026-08-18T19:12:35.682Z</time>
      </trkpt>
      <trkpt lat="37.9610263" lon="-4.8167352">
        <ele>556</ele>
        <time>2026-08-18T19:12:36.682Z</time>
      </trkpt>
      <trkpt lat="37.9610268" lon="-4.816725">
        <ele>556</ele>
        <time>2026-08-18T19:12:37.682Z</time>
      </trkpt>
      <trkpt lat="37.961028" lon="-4.8167153">
        <ele>556</ele>
        <time>2026-08-18T19:12:38.682Z</time>
      </trkpt>
      <trkpt lat="37.9610293" lon="-4.8167056">
        <ele>557</ele>
        <time>2026-08-18T19:12:39.682Z</time>
      </trkpt>
      <trkpt lat="37.9610311" lon="-4.8166995">
        <ele>557</ele>
        <time>2026-08-18T19:12:40.682Z</time>
      </trkpt>
      <trkpt lat="37.961033" lon="-4.8166935">
        <ele>557</ele>
        <time>2026-08-18T19:12:41.682Z</time>
      </trkpt>
      <trkpt lat="37.9610381" lon="-4.8166818">
        <ele>557</ele>
        <time>2026-08-18T19:12:42.682Z</time>
      </trkpt>
      <trkpt lat="37.9610432" lon="-4.8166701">
        <ele>558</ele>
        <time>2026-08-18T19:12:43.682Z</time>
      </trkpt>
      <trkpt lat="37.9610493" lon="-4.8166589">
        <ele>558</ele>
        <time>2026-08-18T19:12:44.682Z</time>
      </trkpt>
      <trkpt lat="37.9610555" lon="-4.8166477">
        <ele>558</ele>
        <time>2026-08-18T19:12:45.682Z</time>
      </trkpt>
      <trkpt lat="37.9610628" lon="-4.8166377">
        <ele>558</ele>
        <time>2026-08-18T19:12:46.682Z</time>
      </trkpt>
      <trkpt lat="37.9610701" lon="-4.8166277">
        <ele>559</ele>
        <time>2026-08-18T19:12:47.682Z</time>
      </trkpt>
      <trkpt lat="37.9610781" lon="-4.8166192">
        <ele>559</ele>
        <time>2026-08-18T19:12:48.682Z</time>
      </trkpt>
      <trkpt lat="37.9610861" lon="-4.8166107">
        <ele>559</ele>
        <time>2026-08-18T19:12:49.682Z</time>
      </trkpt>
      <trkpt lat="37.9610939" lon="-4.8166037">
        <ele>559</ele>
        <time>2026-08-18T19:12:50.682Z</time>
      </trkpt>
      <trkpt lat="37.9611018" lon="-4.8165967">
        <ele>560</ele>
        <time>2026-08-18T19:12:51.682Z</time>
      </trkpt>
      <trkpt lat="37.961109" lon="-4.8165901">
        <ele>560</ele>
        <time>2026-08-18T19:12:52.682Z</time>
      </trkpt>
      <trkpt lat="37.9611163" lon="-4.8165835">
        <ele>560</ele>
        <time>2026-08-18T19:12:53.682Z</time>
      </trkpt>
      <trkpt lat="37.9611229" lon="-4.8165758">
        <ele>560</ele>
        <time>2026-08-18T19:12:54.682Z</time>
      </trkpt>
      <trkpt lat="37.9611295" lon="-4.8165682">
        <ele>561</ele>
        <time>2026-08-18T19:12:55.682Z</time>
      </trkpt>
      <trkpt lat="37.9611345" lon="-4.8165581">
        <ele>561</ele>
        <time>2026-08-18T19:12:56.682Z</time>
      </trkpt>
      <trkpt lat="37.9611395" lon="-4.8165481">
        <ele>561</ele>
        <time>2026-08-18T19:12:57.682Z</time>
      </trkpt>
      <trkpt lat="37.961143" lon="-4.8165371">
        <ele>561</ele>
        <time>2026-08-18T19:12:58.682Z</time>
      </trkpt>
      <trkpt lat="37.9611465" lon="-4.8165261">
        <ele>561</ele>
        <time>2026-08-18T19:12:59.682Z</time>
      </trkpt>
      <trkpt lat="37.9611486" lon="-4.816515">
        <ele>561</ele>
        <time>2026-08-18T19:13:00.682Z</time>
      </trkpt>
      <trkpt lat="37.9611508" lon="-4.816504">
        <ele>561</ele>
        <time>2026-08-18T19:13:01.682Z</time>
      </trkpt>
      <trkpt lat="37.961153" lon="-4.8164915">
        <ele>561</ele>
        <time>2026-08-18T19:13:02.682Z</time>
      </trkpt>
      <trkpt lat="37.9611552" lon="-4.816479">
        <ele>562</ele>
        <time>2026-08-18T19:13:03.682Z</time>
      </trkpt>
      <trkpt lat="37.9611579" lon="-4.8164658">
        <ele>562</ele>
        <time>2026-08-18T19:13:04.682Z</time>
      </trkpt>
      <trkpt lat="37.9611607" lon="-4.8164527">
        <ele>562</ele>
        <time>2026-08-18T19:13:05.682Z</time>
      </trkpt>
      <trkpt lat="37.9611621" lon="-4.8164387">
        <ele>562</ele>
        <time>2026-08-18T19:13:06.682Z</time>
      </trkpt>
      <trkpt lat="37.9611636" lon="-4.8164248">
        <ele>563</ele>
        <time>2026-08-18T19:13:07.682Z</time>
      </trkpt>
      <trkpt lat="37.9611631" lon="-4.8164109">
        <ele>563</ele>
        <time>2026-08-18T19:13:08.682Z</time>
      </trkpt>
      <trkpt lat="37.9611626" lon="-4.8163971">
        <ele>563</ele>
        <time>2026-08-18T19:13:09.682Z</time>
      </trkpt>
      <trkpt lat="37.9611615" lon="-4.8163838">
        <ele>563</ele>
        <time>2026-08-18T19:13:10.682Z</time>
      </trkpt>
      <trkpt lat="37.9611604" lon="-4.8163706">
        <ele>564</ele>
        <time>2026-08-18T19:13:11.682Z</time>
      </trkpt>
      <trkpt lat="37.9611582" lon="-4.8163568">
        <ele>564</ele>
        <time>2026-08-18T19:13:12.682Z</time>
      </trkpt>
      <trkpt lat="37.9611561" lon="-4.816343">
        <ele>564</ele>
        <time>2026-08-18T19:13:13.682Z</time>
      </trkpt>
      <trkpt lat="37.9611523" lon="-4.8163292">
        <ele>564</ele>
        <time>2026-08-18T19:13:14.682Z</time>
      </trkpt>
      <trkpt lat="37.9611485" lon="-4.8163155">
        <ele>564</ele>
        <time>2026-08-18T19:13:15.682Z</time>
      </trkpt>
      <trkpt lat="37.9611436" lon="-4.8163019">
        <ele>564</ele>
        <time>2026-08-18T19:13:16.682Z</time>
      </trkpt>
      <trkpt lat="37.9611387" lon="-4.8162884">
        <ele>564</ele>
        <time>2026-08-18T19:13:17.682Z</time>
      </trkpt>
      <trkpt lat="37.9611322" lon="-4.8162761">
        <ele>564</ele>
        <time>2026-08-18T19:13:18.682Z</time>
      </trkpt>
      <trkpt lat="37.9611258" lon="-4.8162639">
        <ele>565</ele>
        <time>2026-08-18T19:13:19.682Z</time>
      </trkpt>
      <trkpt lat="37.9611168" lon="-4.8162502">
        <ele>565</ele>
        <time>2026-08-18T19:13:20.682Z</time>
      </trkpt>
      <trkpt lat="37.9611079" lon="-4.8162366">
        <ele>565</ele>
        <time>2026-08-18T19:13:21.682Z</time>
      </trkpt>
      <trkpt lat="37.9611" lon="-4.8162232">
        <ele>565</ele>
        <time>2026-08-18T19:13:22.682Z</time>
      </trkpt>
      <trkpt lat="37.9610921" lon="-4.8162099">
        <ele>565</ele>
        <time>2026-08-18T19:13:23.682Z</time>
      </trkpt>
      <trkpt lat="37.9610873" lon="-4.8161962">
        <ele>565</ele>
        <time>2026-08-18T19:13:24.682Z</time>
      </trkpt>
      <trkpt lat="37.9610825" lon="-4.8161825">
        <ele>565</ele>
        <time>2026-08-18T19:13:25.682Z</time>
      </trkpt>
      <trkpt lat="37.9610791" lon="-4.8161678">
        <ele>565</ele>
        <time>2026-08-18T19:13:26.682Z</time>
      </trkpt>
      <trkpt lat="37.9610757" lon="-4.8161532">
        <ele>565</ele>
        <time>2026-08-18T19:13:27.682Z</time>
      </trkpt>
      <trkpt lat="37.9610705" lon="-4.8161364">
        <ele>565</ele>
        <time>2026-08-18T19:13:28.682Z</time>
      </trkpt>
      <trkpt lat="37.9610653" lon="-4.8161196">
        <ele>565</ele>
        <time>2026-08-18T19:13:29.682Z</time>
      </trkpt>
      <trkpt lat="37.9610605" lon="-4.8161025">
        <ele>565</ele>
        <time>2026-08-18T19:13:30.682Z</time>
      </trkpt>
      <trkpt lat="37.9610557" lon="-4.8160855">
        <ele>566</ele>
        <time>2026-08-18T19:13:31.682Z</time>
      </trkpt>
      <trkpt lat="37.9610536" lon="-4.8160689">
        <ele>566</ele>
        <time>2026-08-18T19:13:32.682Z</time>
      </trkpt>
      <trkpt lat="37.9610515" lon="-4.8160524">
        <ele>566</ele>
        <time>2026-08-18T19:13:33.682Z</time>
      </trkpt>
      <trkpt lat="37.9610522" lon="-4.8160375">
        <ele>566</ele>
        <time>2026-08-18T19:13:34.682Z</time>
      </trkpt>
      <trkpt lat="37.961053" lon="-4.8160226">
        <ele>566</ele>
        <time>2026-08-18T19:13:35.682Z</time>
      </trkpt>
      <trkpt lat="37.9610567" lon="-4.8160096">
        <ele>566</ele>
        <time>2026-08-18T19:13:36.682Z</time>
      </trkpt>
      <trkpt lat="37.9610605" lon="-4.8159966">
        <ele>566</ele>
        <time>2026-08-18T19:13:37.682Z</time>
      </trkpt>
      <trkpt lat="37.961066" lon="-4.8159839">
        <ele>566</ele>
        <time>2026-08-18T19:13:38.682Z</time>
      </trkpt>
      <trkpt lat="37.9610715" lon="-4.8159713">
        <ele>566</ele>
        <time>2026-08-18T19:13:39.682Z</time>
      </trkpt>
      <trkpt lat="37.9610784" lon="-4.8159571">
        <ele>566</ele>
        <time>2026-08-18T19:13:40.682Z</time>
      </trkpt>
      <trkpt lat="37.9610854" lon="-4.815943">
        <ele>566</ele>
        <time>2026-08-18T19:13:41.682Z</time>
      </trkpt>
      <trkpt lat="37.9610922" lon="-4.815928">
        <ele>566</ele>
        <time>2026-08-18T19:13:42.682Z</time>
      </trkpt>
      <trkpt lat="37.9610991" lon="-4.815913">
        <ele>566</ele>
        <time>2026-08-18T19:13:43.682Z</time>
      </trkpt>
      <trkpt lat="37.9611055" lon="-4.8158992">
        <ele>565</ele>
        <time>2026-08-18T19:13:44.682Z</time>
      </trkpt>
      <trkpt lat="37.961112" lon="-4.8158854">
        <ele>565</ele>
        <time>2026-08-18T19:13:45.682Z</time>
      </trkpt>
      <trkpt lat="37.9611184" lon="-4.8158724">
        <ele>564</ele>
        <time>2026-08-18T19:13:46.682Z</time>
      </trkpt>
      <trkpt lat="37.9611249" lon="-4.8158594">
        <ele>564</ele>
        <time>2026-08-18T19:13:47.682Z</time>
      </trkpt>
      <trkpt lat="37.9611297" lon="-4.815845">
        <ele>564</ele>
        <time>2026-08-18T19:13:48.682Z</time>
      </trkpt>
      <trkpt lat="37.9611345" lon="-4.8158306">
        <ele>564</ele>
        <time>2026-08-18T19:13:49.682Z</time>
      </trkpt>
      <trkpt lat="37.9611371" lon="-4.8158179">
        <ele>564</ele>
        <time>2026-08-18T19:13:50.682Z</time>
      </trkpt>
      <trkpt lat="37.9611397" lon="-4.8158052">
        <ele>564</ele>
        <time>2026-08-18T19:13:51.682Z</time>
      </trkpt>
      <trkpt lat="37.9611423" lon="-4.8157912">
        <ele>564</ele>
        <time>2026-08-18T19:13:52.682Z</time>
      </trkpt>
      <trkpt lat="37.961145" lon="-4.8157772">
        <ele>564</ele>
        <time>2026-08-18T19:13:53.682Z</time>
      </trkpt>
      <trkpt lat="37.9611497" lon="-4.8157643">
        <ele>564</ele>
        <time>2026-08-18T19:13:54.682Z</time>
      </trkpt>
      <trkpt lat="37.9611545" lon="-4.8157514">
        <ele>564</ele>
        <time>2026-08-18T19:13:55.682Z</time>
      </trkpt>
      <trkpt lat="37.9611623" lon="-4.8157425">
        <ele>564</ele>
        <time>2026-08-18T19:13:56.682Z</time>
      </trkpt>
      <trkpt lat="37.9611702" lon="-4.8157336">
        <ele>564</ele>
        <time>2026-08-18T19:13:57.682Z</time>
      </trkpt>
      <trkpt lat="37.9611771" lon="-4.8157316">
        <ele>564</ele>
        <time>2026-08-18T19:13:58.682Z</time>
      </trkpt>
      <trkpt lat="37.9611841" lon="-4.8157296">
        <ele>564</ele>
        <time>2026-08-18T19:13:59.682Z</time>
      </trkpt>
      <trkpt lat="37.9611911" lon="-4.8157276">
        <ele>564</ele>
        <time>2026-08-18T19:14:00.682Z</time>
      </trkpt>
      <trkpt lat="37.9612027" lon="-4.8157272">
        <ele>564</ele>
        <time>2026-08-18T19:14:01.682Z</time>
      </trkpt>
      <trkpt lat="37.9612143" lon="-4.8157268">
        <ele>564</ele>
        <time>2026-08-18T19:14:02.682Z</time>
      </trkpt>
      <trkpt lat="37.9612259" lon="-4.8157239">
        <ele>565</ele>
        <time>2026-08-18T19:14:03.682Z</time>
      </trkpt>
      <trkpt lat="37.9612375" lon="-4.8157211">
        <ele>565</ele>
        <time>2026-08-18T19:14:04.682Z</time>
      </trkpt>
      <trkpt lat="37.9612482" lon="-4.8157136">
        <ele>565</ele>
        <time>2026-08-18T19:14:05.682Z</time>
      </trkpt>
      <trkpt lat="37.9612589" lon="-4.8157062">
        <ele>565</ele>
        <time>2026-08-18T19:14:06.682Z</time>
      </trkpt>
      <trkpt lat="37.9612685" lon="-4.8156964">
        <ele>565</ele>
        <time>2026-08-18T19:14:07.682Z</time>
      </trkpt>
      <trkpt lat="37.9612781" lon="-4.8156867">
        <ele>565</ele>
        <time>2026-08-18T19:14:08.682Z</time>
      </trkpt>
      <trkpt lat="37.9612869" lon="-4.8156758">
        <ele>565</ele>
        <time>2026-08-18T19:14:09.682Z</time>
      </trkpt>
      <trkpt lat="37.9612957" lon="-4.8156649">
        <ele>565</ele>
        <time>2026-08-18T19:14:10.682Z</time>
      </trkpt>
      <trkpt lat="37.9613037" lon="-4.8156528">
        <ele>565</ele>
        <time>2026-08-18T19:14:11.682Z</time>
      </trkpt>
      <trkpt lat="37.9613117" lon="-4.8156407">
        <ele>565</ele>
        <time>2026-08-18T19:14:12.682Z</time>
      </trkpt>
      <trkpt lat="37.961319" lon="-4.8156278">
        <ele>565</ele>
        <time>2026-08-18T19:14:13.682Z</time>
      </trkpt>
      <trkpt lat="37.9613264" lon="-4.8156149">
        <ele>565</ele>
        <time>2026-08-18T19:14:14.682Z</time>
      </trkpt>
      <trkpt lat="37.9613318" lon="-4.8156012">
        <ele>566</ele>
        <time>2026-08-18T19:14:15.682Z</time>
      </trkpt>
      <trkpt lat="37.9613373" lon="-4.8155875">
        <ele>566</ele>
        <time>2026-08-18T19:14:16.682Z</time>
      </trkpt>
      <trkpt lat="37.961341" lon="-4.8155734">
        <ele>566</ele>
        <time>2026-08-18T19:14:17.682Z</time>
      </trkpt>
      <trkpt lat="37.9613448" lon="-4.8155594">
        <ele>566</ele>
        <time>2026-08-18T19:14:18.682Z</time>
      </trkpt>
      <trkpt lat="37.9613475" lon="-4.8155475">
        <ele>567</ele>
        <time>2026-08-18T19:14:19.682Z</time>
      </trkpt>
      <trkpt lat="37.9613503" lon="-4.8155357">
        <ele>567</ele>
        <time>2026-08-18T19:14:20.682Z</time>
      </trkpt>
      <trkpt lat="37.961359" lon="-4.8155174">
        <ele>567</ele>
        <time>2026-08-18T19:14:28.682Z</time>
      </trkpt>
      <trkpt lat="37.9613626" lon="-4.8155122">
        <ele>567</ele>
        <time>2026-08-18T19:14:29.682Z</time>
      </trkpt>
      <trkpt lat="37.9613662" lon="-4.815507">
        <ele>567</ele>
        <time>2026-08-18T19:14:30.682Z</time>
      </trkpt>
      <trkpt lat="37.9613713" lon="-4.8154993">
        <ele>567</ele>
        <time>2026-08-18T19:14:31.682Z</time>
      </trkpt>
      <trkpt lat="37.9613765" lon="-4.8154916">
        <ele>567</ele>
        <time>2026-08-18T19:14:32.682Z</time>
      </trkpt>
      <trkpt lat="37.9613843" lon="-4.8154802">
        <ele>567</ele>
        <time>2026-08-18T19:14:33.682Z</time>
      </trkpt>
      <trkpt lat="37.9613922" lon="-4.8154689">
        <ele>567</ele>
        <time>2026-08-18T19:14:34.682Z</time>
      </trkpt>
      <trkpt lat="37.9614007" lon="-4.815456">
        <ele>567</ele>
        <time>2026-08-18T19:14:35.682Z</time>
      </trkpt>
      <trkpt lat="37.9614093" lon="-4.8154431">
        <ele>567</ele>
        <time>2026-08-18T19:14:36.682Z</time>
      </trkpt>
      <trkpt lat="37.9614171" lon="-4.8154335">
        <ele>567</ele>
        <time>2026-08-18T19:14:37.682Z</time>
      </trkpt>
      <trkpt lat="37.961425" lon="-4.8154239">
        <ele>567</ele>
        <time>2026-08-18T19:14:38.682Z</time>
      </trkpt>
      <trkpt lat="37.9614324" lon="-4.8154186">
        <ele>568</ele>
        <time>2026-08-18T19:14:39.682Z</time>
      </trkpt>
      <trkpt lat="37.9614398" lon="-4.8154134">
        <ele>568</ele>
        <time>2026-08-18T19:14:40.682Z</time>
      </trkpt>
      <trkpt lat="37.9614487" lon="-4.815411">
        <ele>568</ele>
        <time>2026-08-18T19:14:41.682Z</time>
      </trkpt>
      <trkpt lat="37.9614577" lon="-4.8154087">
        <ele>568</ele>
        <time>2026-08-18T19:14:42.682Z</time>
      </trkpt>
      <trkpt lat="37.9614683" lon="-4.8154058">
        <ele>568</ele>
        <time>2026-08-18T19:14:43.682Z</time>
      </trkpt>
      <trkpt lat="37.9614789" lon="-4.8154029">
        <ele>568</ele>
        <time>2026-08-18T19:14:44.682Z</time>
      </trkpt>
      <trkpt lat="37.9614893" lon="-4.8153974">
        <ele>568</ele>
        <time>2026-08-18T19:14:45.682Z</time>
      </trkpt>
      <trkpt lat="37.9614997" lon="-4.815392">
        <ele>568</ele>
        <time>2026-08-18T19:14:46.682Z</time>
      </trkpt>
      <trkpt lat="37.9615084" lon="-4.8153858">
        <ele>569</ele>
        <time>2026-08-18T19:14:47.682Z</time>
      </trkpt>
      <trkpt lat="37.9615172" lon="-4.8153797">
        <ele>569</ele>
        <time>2026-08-18T19:14:48.682Z</time>
      </trkpt>
      <trkpt lat="37.9615259" lon="-4.8153756">
        <ele>569</ele>
        <time>2026-08-18T19:14:49.682Z</time>
      </trkpt>
      <trkpt lat="37.9615347" lon="-4.8153716">
        <ele>569</ele>
        <time>2026-08-18T19:14:50.682Z</time>
      </trkpt>
      <trkpt lat="37.9615444" lon="-4.815369">
        <ele>570</ele>
        <time>2026-08-18T19:14:51.682Z</time>
      </trkpt>
      <trkpt lat="37.9615541" lon="-4.8153665">
        <ele>570</ele>
        <time>2026-08-18T19:14:52.682Z</time>
      </trkpt>
      <trkpt lat="37.9615641" lon="-4.8153628">
        <ele>570</ele>
        <time>2026-08-18T19:14:53.682Z</time>
      </trkpt>
      <trkpt lat="37.9615742" lon="-4.8153592">
        <ele>570</ele>
        <time>2026-08-18T19:14:54.682Z</time>
      </trkpt>
      <trkpt lat="37.9615843" lon="-4.8153552">
        <ele>570</ele>
        <time>2026-08-18T19:14:55.682Z</time>
      </trkpt>
      <trkpt lat="37.9615945" lon="-4.8153513">
        <ele>570</ele>
        <time>2026-08-18T19:14:56.682Z</time>
      </trkpt>
      <trkpt lat="37.9616053" lon="-4.8153429">
        <ele>570</ele>
        <time>2026-08-18T19:14:57.682Z</time>
      </trkpt>
      <trkpt lat="37.9616161" lon="-4.8153346">
        <ele>570</ele>
        <time>2026-08-18T19:14:58.682Z</time>
      </trkpt>
      <trkpt lat="37.9616264" lon="-4.8153238">
        <ele>571</ele>
        <time>2026-08-18T19:14:59.682Z</time>
      </trkpt>
      <trkpt lat="37.9616367" lon="-4.815313">
        <ele>571</ele>
        <time>2026-08-18T19:15:00.682Z</time>
      </trkpt>
      <trkpt lat="37.9616454" lon="-4.8153036">
        <ele>571</ele>
        <time>2026-08-18T19:15:01.682Z</time>
      </trkpt>
      <trkpt lat="37.9616542" lon="-4.8152942">
        <ele>571</ele>
        <time>2026-08-18T19:15:02.682Z</time>
      </trkpt>
      <trkpt lat="37.9616617" lon="-4.8152867">
        <ele>571</ele>
        <time>2026-08-18T19:15:03.682Z</time>
      </trkpt>
      <trkpt lat="37.9616692" lon="-4.8152793">
        <ele>571</ele>
        <time>2026-08-18T19:15:04.682Z</time>
      </trkpt>
      <trkpt lat="37.9616763" lon="-4.8152731">
        <ele>571</ele>
        <time>2026-08-18T19:15:05.682Z</time>
      </trkpt>
      <trkpt lat="37.9616835" lon="-4.8152669">
        <ele>571</ele>
        <time>2026-08-18T19:15:06.682Z</time>
      </trkpt>
      <trkpt lat="37.9616912" lon="-4.815261">
        <ele>572</ele>
        <time>2026-08-18T19:15:07.682Z</time>
      </trkpt>
      <trkpt lat="37.961699" lon="-4.8152551">
        <ele>572</ele>
        <time>2026-08-18T19:15:08.682Z</time>
      </trkpt>
      <trkpt lat="37.9617082" lon="-4.81525">
        <ele>572</ele>
        <time>2026-08-18T19:15:09.682Z</time>
      </trkpt>
      <trkpt lat="37.9617175" lon="-4.8152449">
        <ele>572</ele>
        <time>2026-08-18T19:15:10.682Z</time>
      </trkpt>
      <trkpt lat="37.961727" lon="-4.815242">
        <ele>573</ele>
        <time>2026-08-18T19:15:11.682Z</time>
      </trkpt>
      <trkpt lat="37.9617366" lon="-4.8152392">
        <ele>573</ele>
        <time>2026-08-18T19:15:12.682Z</time>
      </trkpt>
      <trkpt lat="37.9617469" lon="-4.8152379">
        <ele>573</ele>
        <time>2026-08-18T19:15:13.682Z</time>
      </trkpt>
      <trkpt lat="37.9617572" lon="-4.8152366">
        <ele>573</ele>
        <time>2026-08-18T19:15:14.682Z</time>
      </trkpt>
      <trkpt lat="37.9617683" lon="-4.8152341">
        <ele>573</ele>
        <time>2026-08-18T19:15:15.682Z</time>
      </trkpt>
      <trkpt lat="37.9617795" lon="-4.8152316">
        <ele>573</ele>
        <time>2026-08-18T19:15:16.682Z</time>
      </trkpt>
      <trkpt lat="37.96179" lon="-4.8152283">
        <ele>573</ele>
        <time>2026-08-18T19:15:17.682Z</time>
      </trkpt>
      <trkpt lat="37.9618005" lon="-4.8152251">
        <ele>573</ele>
        <time>2026-08-18T19:15:18.682Z</time>
      </trkpt>
      <trkpt lat="37.9618103" lon="-4.815223">
        <ele>574</ele>
        <time>2026-08-18T19:15:19.682Z</time>
      </trkpt>
      <trkpt lat="37.9618201" lon="-4.815221">
        <ele>574</ele>
        <time>2026-08-18T19:15:20.682Z</time>
      </trkpt>
      <trkpt lat="37.9618295" lon="-4.8152204">
        <ele>574</ele>
        <time>2026-08-18T19:15:21.682Z</time>
      </trkpt>
      <trkpt lat="37.9618389" lon="-4.8152199">
        <ele>574</ele>
        <time>2026-08-18T19:15:22.682Z</time>
      </trkpt>
      <trkpt lat="37.9618491" lon="-4.815219">
        <ele>575</ele>
        <time>2026-08-18T19:15:23.682Z</time>
      </trkpt>
      <trkpt lat="37.9618594" lon="-4.8152181">
        <ele>575</ele>
        <time>2026-08-18T19:15:24.682Z</time>
      </trkpt>
      <trkpt lat="37.9618713" lon="-4.8152143">
        <ele>575</ele>
        <time>2026-08-18T19:15:25.682Z</time>
      </trkpt>
      <trkpt lat="37.9618832" lon="-4.8152105">
        <ele>575</ele>
        <time>2026-08-18T19:15:26.682Z</time>
      </trkpt>
      <trkpt lat="37.9618964" lon="-4.8152049">
        <ele>575</ele>
        <time>2026-08-18T19:15:27.682Z</time>
      </trkpt>
      <trkpt lat="37.9619096" lon="-4.8151994">
        <ele>575</ele>
        <time>2026-08-18T19:15:28.682Z</time>
      </trkpt>
      <trkpt lat="37.9619229" lon="-4.8151961">
        <ele>575</ele>
        <time>2026-08-18T19:15:29.682Z</time>
      </trkpt>
      <trkpt lat="37.9619362" lon="-4.8151928">
        <ele>575</ele>
        <time>2026-08-18T19:15:30.682Z</time>
      </trkpt>
      <trkpt lat="37.9619493" lon="-4.8151904">
        <ele>575</ele>
        <time>2026-08-18T19:15:31.682Z</time>
      </trkpt>
      <trkpt lat="37.9619624" lon="-4.815188">
        <ele>575</ele>
        <time>2026-08-18T19:15:32.682Z</time>
      </trkpt>
      <trkpt lat="37.9619751" lon="-4.8151854">
        <ele>575</ele>
        <time>2026-08-18T19:15:33.682Z</time>
      </trkpt>
      <trkpt lat="37.9619879" lon="-4.8151829">
        <ele>575</ele>
        <time>2026-08-18T19:15:34.682Z</time>
      </trkpt>
      <trkpt lat="37.9620008" lon="-4.8151797">
        <ele>575</ele>
        <time>2026-08-18T19:15:35.682Z</time>
      </trkpt>
      <trkpt lat="37.9620137" lon="-4.8151765">
        <ele>575</ele>
        <time>2026-08-18T19:15:36.682Z</time>
      </trkpt>
      <trkpt lat="37.9620271" lon="-4.8151736">
        <ele>575</ele>
        <time>2026-08-18T19:15:37.682Z</time>
      </trkpt>
      <trkpt lat="37.9620405" lon="-4.8151708">
        <ele>575</ele>
        <time>2026-08-18T19:15:38.682Z</time>
      </trkpt>
      <trkpt lat="37.9620545" lon="-4.8151692">
        <ele>576</ele>
        <time>2026-08-18T19:15:39.682Z</time>
      </trkpt>
      <trkpt lat="37.9620685" lon="-4.8151677">
        <ele>575</ele>
        <time>2026-08-18T19:15:40.682Z</time>
      </trkpt>
      <trkpt lat="37.9620805" lon="-4.8151651">
        <ele>575</ele>
        <time>2026-08-18T19:15:41.682Z</time>
      </trkpt>
      <trkpt lat="37.9620926" lon="-4.8151626">
        <ele>575</ele>
        <time>2026-08-18T19:15:42.682Z</time>
      </trkpt>
      <trkpt lat="37.9621032" lon="-4.8151577">
        <ele>575</ele>
        <time>2026-08-18T19:15:43.682Z</time>
      </trkpt>
      <trkpt lat="37.9621138" lon="-4.8151528">
        <ele>575</ele>
        <time>2026-08-18T19:15:44.682Z</time>
      </trkpt>
      <trkpt lat="37.9621246" lon="-4.8151475">
        <ele>575</ele>
        <time>2026-08-18T19:15:45.682Z</time>
      </trkpt>
      <trkpt lat="37.9621355" lon="-4.8151422">
        <ele>575</ele>
        <time>2026-08-18T19:15:46.682Z</time>
      </trkpt>
      <trkpt lat="37.9621476" lon="-4.8151381">
        <ele>575</ele>
        <time>2026-08-18T19:15:47.682Z</time>
      </trkpt>
      <trkpt lat="37.9621598" lon="-4.8151341">
        <ele>575</ele>
        <time>2026-08-18T19:15:48.682Z</time>
      </trkpt>
      <trkpt lat="37.9621708" lon="-4.8151306">
        <ele>575</ele>
        <time>2026-08-18T19:15:49.682Z</time>
      </trkpt>
      <trkpt lat="37.9621818" lon="-4.8151271">
        <ele>575</ele>
        <time>2026-08-18T19:15:50.682Z</time>
      </trkpt>
      <trkpt lat="37.9621889" lon="-4.8151265">
        <ele>576</ele>
        <time>2026-08-18T19:15:51.682Z</time>
      </trkpt>
      <trkpt lat="37.962196" lon="-4.8151259">
        <ele>575</ele>
        <time>2026-08-18T19:15:52.682Z</time>
      </trkpt>
      <trkpt lat="37.9622028" lon="-4.8151291">
        <ele>575</ele>
        <time>2026-08-18T19:15:53.682Z</time>
      </trkpt>
      <trkpt lat="37.9622097" lon="-4.8151324">
        <ele>575</ele>
        <time>2026-08-18T19:15:54.682Z</time>
      </trkpt>
      <trkpt lat="37.9622196" lon="-4.815136">
        <ele>575</ele>
        <time>2026-08-18T19:15:55.682Z</time>
      </trkpt>
      <trkpt lat="37.9622295" lon="-4.8151396">
        <ele>575</ele>
        <time>2026-08-18T19:15:56.682Z</time>
      </trkpt>
      <trkpt lat="37.9622394" lon="-4.815143">
        <ele>575</ele>
        <time>2026-08-18T19:15:57.682Z</time>
      </trkpt>
      <trkpt lat="37.9622494" lon="-4.8151465">
        <ele>575</ele>
        <time>2026-08-18T19:15:58.682Z</time>
      </trkpt>
      <trkpt lat="37.9622598" lon="-4.8151465">
        <ele>576</ele>
        <time>2026-08-18T19:15:59.682Z</time>
      </trkpt>
      <trkpt lat="37.9622702" lon="-4.8151466">
        <ele>576</ele>
        <time>2026-08-18T19:16:00.682Z</time>
      </trkpt>
      <trkpt lat="37.9622813" lon="-4.8151407">
        <ele>576</ele>
        <time>2026-08-18T19:16:01.682Z</time>
      </trkpt>
      <trkpt lat="37.9622924" lon="-4.8151348">
        <ele>576</ele>
        <time>2026-08-18T19:16:02.682Z</time>
      </trkpt>
      <trkpt lat="37.9623028" lon="-4.815125">
        <ele>576</ele>
        <time>2026-08-18T19:16:03.682Z</time>
      </trkpt>
      <trkpt lat="37.9623132" lon="-4.8151152">
        <ele>576</ele>
        <time>2026-08-18T19:16:04.682Z</time>
      </trkpt>
      <trkpt lat="37.9623224" lon="-4.8151065">
        <ele>576</ele>
        <time>2026-08-18T19:16:05.682Z</time>
      </trkpt>
      <trkpt lat="37.9623316" lon="-4.8150979">
        <ele>576</ele>
        <time>2026-08-18T19:16:06.682Z</time>
      </trkpt>
      <trkpt lat="37.962341" lon="-4.8150899">
        <ele>577</ele>
        <time>2026-08-18T19:16:07.682Z</time>
      </trkpt>
      <trkpt lat="37.9623505" lon="-4.815082">
        <ele>577</ele>
        <time>2026-08-18T19:16:08.682Z</time>
      </trkpt>
      <trkpt lat="37.9623606" lon="-4.8150743">
        <ele>577</ele>
        <time>2026-08-18T19:16:09.682Z</time>
      </trkpt>
      <trkpt lat="37.9623708" lon="-4.8150666">
        <ele>577</ele>
        <time>2026-08-18T19:16:10.682Z</time>
      </trkpt>
      <trkpt lat="37.9623794" lon="-4.815058">
        <ele>577</ele>
        <time>2026-08-18T19:16:11.682Z</time>
      </trkpt>
      <trkpt lat="37.962388" lon="-4.8150495">
        <ele>577</ele>
        <time>2026-08-18T19:16:12.682Z</time>
      </trkpt>
      <trkpt lat="37.9623956" lon="-4.8150422">
        <ele>577</ele>
        <time>2026-08-18T19:16:13.682Z</time>
      </trkpt>
      <trkpt lat="37.9624033" lon="-4.8150349">
        <ele>577</ele>
        <time>2026-08-18T19:16:14.682Z</time>
      </trkpt>
      <trkpt lat="37.9624115" lon="-4.815031">
        <ele>578</ele>
        <time>2026-08-18T19:16:15.682Z</time>
      </trkpt>
      <trkpt lat="37.9624197" lon="-4.8150271">
        <ele>578</ele>
        <time>2026-08-18T19:16:16.682Z</time>
      </trkpt>
      <trkpt lat="37.9624281" lon="-4.815023">
        <ele>578</ele>
        <time>2026-08-18T19:16:17.682Z</time>
      </trkpt>
      <trkpt lat="37.9624365" lon="-4.815019">
        <ele>578</ele>
        <time>2026-08-18T19:16:18.682Z</time>
      </trkpt>
      <trkpt lat="37.9624449" lon="-4.8150113">
        <ele>579</ele>
        <time>2026-08-18T19:16:19.682Z</time>
      </trkpt>
      <trkpt lat="37.9624533" lon="-4.8150037">
        <ele>579</ele>
        <time>2026-08-18T19:16:20.682Z</time>
      </trkpt>
      <trkpt lat="37.9624613" lon="-4.8149933">
        <ele>579</ele>
        <time>2026-08-18T19:16:21.682Z</time>
      </trkpt>
      <trkpt lat="37.9624694" lon="-4.8149829">
        <ele>579</ele>
        <time>2026-08-18T19:16:22.682Z</time>
      </trkpt>
      <trkpt lat="37.9624741" lon="-4.8149774">
        <ele>579</ele>
        <time>2026-08-18T19:16:23.682Z</time>
      </trkpt>
      <trkpt lat="37.9624788" lon="-4.814972">
        <ele>579</ele>
        <time>2026-08-18T19:16:24.682Z</time>
      </trkpt>
      <trkpt lat="37.9624874" lon="-4.8149631">
        <ele>579</ele>
        <time>2026-08-18T19:16:25.682Z</time>
      </trkpt>
      <trkpt lat="37.9624961" lon="-4.8149542">
        <ele>579</ele>
        <time>2026-08-18T19:16:26.682Z</time>
      </trkpt>
      <trkpt lat="37.9625043" lon="-4.8149446">
        <ele>580</ele>
        <time>2026-08-18T19:16:27.682Z</time>
      </trkpt>
      <trkpt lat="37.9625126" lon="-4.8149351">
        <ele>580</ele>
        <time>2026-08-18T19:16:28.682Z</time>
      </trkpt>
      <trkpt lat="37.9625207" lon="-4.8149254">
        <ele>580</ele>
        <time>2026-08-18T19:16:29.682Z</time>
      </trkpt>
      <trkpt lat="37.9625289" lon="-4.8149158">
        <ele>580</ele>
        <time>2026-08-18T19:16:30.682Z</time>
      </trkpt>
      <trkpt lat="37.9625376" lon="-4.8149045">
        <ele>581</ele>
        <time>2026-08-18T19:16:31.682Z</time>
      </trkpt>
      <trkpt lat="37.9625464" lon="-4.8148932">
        <ele>581</ele>
        <time>2026-08-18T19:16:32.682Z</time>
      </trkpt>
      <trkpt lat="37.9625554" lon="-4.8148822">
        <ele>581</ele>
        <time>2026-08-18T19:16:33.682Z</time>
      </trkpt>
      <trkpt lat="37.9625644" lon="-4.8148713">
        <ele>581</ele>
        <time>2026-08-18T19:16:34.682Z</time>
      </trkpt>
      <trkpt lat="37.9625721" lon="-4.814862">
        <ele>582</ele>
        <time>2026-08-18T19:16:35.682Z</time>
      </trkpt>
      <trkpt lat="37.9625798" lon="-4.8148527">
        <ele>582</ele>
        <time>2026-08-18T19:16:36.682Z</time>
      </trkpt>
      <trkpt lat="37.962587" lon="-4.8148422">
        <ele>582</ele>
        <time>2026-08-18T19:16:37.682Z</time>
      </trkpt>
      <trkpt lat="37.9625943" lon="-4.8148318">
        <ele>582</ele>
        <time>2026-08-18T19:16:38.682Z</time>
      </trkpt>
      <trkpt lat="37.9626009" lon="-4.8148183">
        <ele>582</ele>
        <time>2026-08-18T19:16:39.682Z</time>
      </trkpt>
      <trkpt lat="37.9626076" lon="-4.8148048">
        <ele>582</ele>
        <time>2026-08-18T19:16:40.682Z</time>
      </trkpt>
      <trkpt lat="37.9626123" lon="-4.81479">
        <ele>582</ele>
        <time>2026-08-18T19:16:41.682Z</time>
      </trkpt>
      <trkpt lat="37.9626171" lon="-4.8147753">
        <ele>582</ele>
        <time>2026-08-18T19:16:42.682Z</time>
      </trkpt>
      <trkpt lat="37.9626208" lon="-4.8147612">
        <ele>583</ele>
        <time>2026-08-18T19:16:43.682Z</time>
      </trkpt>
      <trkpt lat="37.9626246" lon="-4.8147472">
        <ele>583</ele>
        <time>2026-08-18T19:16:44.682Z</time>
      </trkpt>
      <trkpt lat="37.9626281" lon="-4.8147355">
        <ele>583</ele>
        <time>2026-08-18T19:16:45.682Z</time>
      </trkpt>
      <trkpt lat="37.9626316" lon="-4.8147238">
        <ele>583</ele>
        <time>2026-08-18T19:16:46.682Z</time>
      </trkpt>
      <trkpt lat="37.9626355" lon="-4.8147132">
        <ele>584</ele>
        <time>2026-08-18T19:16:47.682Z</time>
      </trkpt>
      <trkpt lat="37.9626394" lon="-4.8147027">
        <ele>584</ele>
        <time>2026-08-18T19:16:48.682Z</time>
      </trkpt>
      <trkpt lat="37.962643" lon="-4.8146908">
        <ele>584</ele>
        <time>2026-08-18T19:16:49.682Z</time>
      </trkpt>
      <trkpt lat="37.9626467" lon="-4.8146789">
        <ele>584</ele>
        <time>2026-08-18T19:16:50.682Z</time>
      </trkpt>
      <trkpt lat="37.9626495" lon="-4.8146652">
        <ele>585</ele>
        <time>2026-08-18T19:16:51.682Z</time>
      </trkpt>
      <trkpt lat="37.9626524" lon="-4.8146516">
        <ele>585</ele>
        <time>2026-08-18T19:16:52.682Z</time>
      </trkpt>
      <trkpt lat="37.9626542" lon="-4.8146387">
        <ele>585</ele>
        <time>2026-08-18T19:16:53.682Z</time>
      </trkpt>
      <trkpt lat="37.9626561" lon="-4.8146258">
        <ele>585</ele>
        <time>2026-08-18T19:16:54.682Z</time>
      </trkpt>
      <trkpt lat="37.9626563" lon="-4.8146131">
        <ele>586</ele>
        <time>2026-08-18T19:16:55.682Z</time>
      </trkpt>
      <trkpt lat="37.9626566" lon="-4.8146004">
        <ele>586</ele>
        <time>2026-08-18T19:16:56.682Z</time>
      </trkpt>
      <trkpt lat="37.9626553" lon="-4.8145886">
        <ele>586</ele>
        <time>2026-08-18T19:16:57.682Z</time>
      </trkpt>
      <trkpt lat="37.9626541" lon="-4.8145769">
        <ele>586</ele>
        <time>2026-08-18T19:16:58.682Z</time>
      </trkpt>
      <trkpt lat="37.9626515" lon="-4.8145638">
        <ele>586</ele>
        <time>2026-08-18T19:16:59.682Z</time>
      </trkpt>
      <trkpt lat="37.9626489" lon="-4.8145507">
        <ele>586</ele>
        <time>2026-08-18T19:17:00.682Z</time>
      </trkpt>
      <trkpt lat="37.962647" lon="-4.8145368">
        <ele>586</ele>
        <time>2026-08-18T19:17:01.682Z</time>
      </trkpt>
      <trkpt lat="37.9626452" lon="-4.814523">
        <ele>586</ele>
        <time>2026-08-18T19:17:02.682Z</time>
      </trkpt>
      <trkpt lat="37.9626451" lon="-4.8145097">
        <ele>587</ele>
        <time>2026-08-18T19:17:03.682Z</time>
      </trkpt>
      <trkpt lat="37.9626451" lon="-4.8144965">
        <ele>587</ele>
        <time>2026-08-18T19:17:04.682Z</time>
      </trkpt>
      <trkpt lat="37.9626459" lon="-4.8144834">
        <ele>587</ele>
        <time>2026-08-18T19:17:05.682Z</time>
      </trkpt>
      <trkpt lat="37.9626468" lon="-4.8144704">
        <ele>587</ele>
        <time>2026-08-18T19:17:06.682Z</time>
      </trkpt>
      <trkpt lat="37.9626485" lon="-4.8144556">
        <ele>588</ele>
        <time>2026-08-18T19:17:07.682Z</time>
      </trkpt>
      <trkpt lat="37.9626503" lon="-4.8144409">
        <ele>588</ele>
        <time>2026-08-18T19:17:08.682Z</time>
      </trkpt>
      <trkpt lat="37.9626533" lon="-4.8144253">
        <ele>588</ele>
        <time>2026-08-18T19:17:09.682Z</time>
      </trkpt>
      <trkpt lat="37.9626563" lon="-4.8144097">
        <ele>588</ele>
        <time>2026-08-18T19:17:10.682Z</time>
      </trkpt>
      <trkpt lat="37.9626594" lon="-4.8143948">
        <ele>588</ele>
        <time>2026-08-18T19:17:11.682Z</time>
      </trkpt>
      <trkpt lat="37.9626626" lon="-4.8143799">
        <ele>588</ele>
        <time>2026-08-18T19:17:12.682Z</time>
      </trkpt>
      <trkpt lat="37.9626658" lon="-4.814368">
        <ele>588</ele>
        <time>2026-08-18T19:17:13.682Z</time>
      </trkpt>
      <trkpt lat="37.9626691" lon="-4.8143561">
        <ele>588</ele>
        <time>2026-08-18T19:17:14.682Z</time>
      </trkpt>
      <trkpt lat="37.9626724" lon="-4.8143461">
        <ele>588</ele>
        <time>2026-08-18T19:17:15.682Z</time>
      </trkpt>
      <trkpt lat="37.9626757" lon="-4.8143361">
        <ele>588</ele>
        <time>2026-08-18T19:17:16.682Z</time>
      </trkpt>
      <trkpt lat="37.9626786" lon="-4.8143248">
        <ele>588</ele>
        <time>2026-08-18T19:17:17.682Z</time>
      </trkpt>
      <trkpt lat="37.9626816" lon="-4.8143136">
        <ele>588</ele>
        <time>2026-08-18T19:17:18.682Z</time>
      </trkpt>
      <trkpt lat="37.9626836" lon="-4.8143014">
        <ele>589</ele>
        <time>2026-08-18T19:17:19.682Z</time>
      </trkpt>
      <trkpt lat="37.9626856" lon="-4.8142893">
        <ele>589</ele>
        <time>2026-08-18T19:17:20.682Z</time>
      </trkpt>
      <trkpt lat="37.9626877" lon="-4.8142753">
        <ele>589</ele>
        <time>2026-08-18T19:17:21.682Z</time>
      </trkpt>
      <trkpt lat="37.9626898" lon="-4.8142614">
        <ele>589</ele>
        <time>2026-08-18T19:17:22.682Z</time>
      </trkpt>
      <trkpt lat="37.9626921" lon="-4.8142463">
        <ele>589</ele>
        <time>2026-08-18T19:17:23.682Z</time>
      </trkpt>
      <trkpt lat="37.9626945" lon="-4.8142313">
        <ele>589</ele>
        <time>2026-08-18T19:17:24.682Z</time>
      </trkpt>
      <trkpt lat="37.9626961" lon="-4.814217">
        <ele>589</ele>
        <time>2026-08-18T19:17:25.682Z</time>
      </trkpt>
      <trkpt lat="37.9626978" lon="-4.8142027">
        <ele>589</ele>
        <time>2026-08-18T19:17:26.682Z</time>
      </trkpt>
      <trkpt lat="37.9626989" lon="-4.814188">
        <ele>590</ele>
        <time>2026-08-18T19:17:27.682Z</time>
      </trkpt>
      <trkpt lat="37.9627" lon="-4.8141733">
        <ele>590</ele>
        <time>2026-08-18T19:17:28.682Z</time>
      </trkpt>
      <trkpt lat="37.9627008" lon="-4.814157">
        <ele>590</ele>
        <time>2026-08-18T19:17:29.682Z</time>
      </trkpt>
      <trkpt lat="37.9627017" lon="-4.8141408">
        <ele>590</ele>
        <time>2026-08-18T19:17:30.682Z</time>
      </trkpt>
      <trkpt lat="37.9627026" lon="-4.8141243">
        <ele>591</ele>
        <time>2026-08-18T19:17:31.682Z</time>
      </trkpt>
      <trkpt lat="37.9627035" lon="-4.8141079">
        <ele>591</ele>
        <time>2026-08-18T19:17:32.682Z</time>
      </trkpt>
      <trkpt lat="37.9627051" lon="-4.8140925">
        <ele>591</ele>
        <time>2026-08-18T19:17:33.682Z</time>
      </trkpt>
      <trkpt lat="37.9627068" lon="-4.8140771">
        <ele>591</ele>
        <time>2026-08-18T19:17:34.682Z</time>
      </trkpt>
      <trkpt lat="37.962709" lon="-4.8140611">
        <ele>591</ele>
        <time>2026-08-18T19:17:35.682Z</time>
      </trkpt>
      <trkpt lat="37.9627113" lon="-4.8140452">
        <ele>591</ele>
        <time>2026-08-18T19:17:36.682Z</time>
      </trkpt>
      <trkpt lat="37.9627142" lon="-4.8140294">
        <ele>591</ele>
        <time>2026-08-18T19:17:37.682Z</time>
      </trkpt>
      <trkpt lat="37.9627171" lon="-4.8140137">
        <ele>591</ele>
        <time>2026-08-18T19:17:38.682Z</time>
      </trkpt>
      <trkpt lat="37.96272" lon="-4.8139982">
        <ele>591</ele>
        <time>2026-08-18T19:17:39.682Z</time>
      </trkpt>
      <trkpt lat="37.9627229" lon="-4.8139827">
        <ele>591</ele>
        <time>2026-08-18T19:17:40.682Z</time>
      </trkpt>
      <trkpt lat="37.9627256" lon="-4.8139676">
        <ele>591</ele>
        <time>2026-08-18T19:17:41.682Z</time>
      </trkpt>
      <trkpt lat="37.9627284" lon="-4.8139525">
        <ele>591</ele>
        <time>2026-08-18T19:17:42.682Z</time>
      </trkpt>
      <trkpt lat="37.962732" lon="-4.8139355">
        <ele>591</ele>
        <time>2026-08-18T19:17:43.682Z</time>
      </trkpt>
      <trkpt lat="37.9627356" lon="-4.8139186">
        <ele>591</ele>
        <time>2026-08-18T19:17:44.682Z</time>
      </trkpt>
      <trkpt lat="37.9627386" lon="-4.8139003">
        <ele>591</ele>
        <time>2026-08-18T19:17:45.682Z</time>
      </trkpt>
      <trkpt lat="37.9627417" lon="-4.8138821">
        <ele>591</ele>
        <time>2026-08-18T19:17:46.682Z</time>
      </trkpt>
      <trkpt lat="37.9627432" lon="-4.8138656">
        <ele>591</ele>
        <time>2026-08-18T19:17:47.682Z</time>
      </trkpt>
      <trkpt lat="37.9627448" lon="-4.8138491">
        <ele>591</ele>
        <time>2026-08-18T19:17:48.682Z</time>
      </trkpt>
      <trkpt lat="37.9627451" lon="-4.8138333">
        <ele>591</ele>
        <time>2026-08-18T19:17:49.682Z</time>
      </trkpt>
      <trkpt lat="37.9627454" lon="-4.8138175">
        <ele>591</ele>
        <time>2026-08-18T19:17:50.682Z</time>
      </trkpt>
      <trkpt lat="37.9627471" lon="-4.8138027">
        <ele>591</ele>
        <time>2026-08-18T19:17:51.682Z</time>
      </trkpt>
      <trkpt lat="37.9627489" lon="-4.813788">
        <ele>591</ele>
        <time>2026-08-18T19:17:52.682Z</time>
      </trkpt>
      <trkpt lat="37.962751" lon="-4.8137744">
        <ele>591</ele>
        <time>2026-08-18T19:17:53.682Z</time>
      </trkpt>
      <trkpt lat="37.9627532" lon="-4.8137609">
        <ele>591</ele>
        <time>2026-08-18T19:17:54.682Z</time>
      </trkpt>
      <trkpt lat="37.9627559" lon="-4.8137472">
        <ele>591</ele>
        <time>2026-08-18T19:17:55.682Z</time>
      </trkpt>
      <trkpt lat="37.9627586" lon="-4.8137335">
        <ele>591</ele>
        <time>2026-08-18T19:17:56.682Z</time>
      </trkpt>
      <trkpt lat="37.9627623" lon="-4.8137191">
        <ele>591</ele>
        <time>2026-08-18T19:17:57.682Z</time>
      </trkpt>
      <trkpt lat="37.962766" lon="-4.8137047">
        <ele>591</ele>
        <time>2026-08-18T19:17:58.682Z</time>
      </trkpt>
      <trkpt lat="37.9627716" lon="-4.8136898">
        <ele>591</ele>
        <time>2026-08-18T19:17:59.682Z</time>
      </trkpt>
      <trkpt lat="37.9627772" lon="-4.8136749">
        <ele>591</ele>
        <time>2026-08-18T19:18:00.682Z</time>
      </trkpt>
      <trkpt lat="37.962785" lon="-4.8136605">
        <ele>591</ele>
        <time>2026-08-18T19:18:01.682Z</time>
      </trkpt>
      <trkpt lat="37.9627928" lon="-4.8136461">
        <ele>591</ele>
        <time>2026-08-18T19:18:02.682Z</time>
      </trkpt>
      <trkpt lat="37.962801" lon="-4.813633">
        <ele>591</ele>
        <time>2026-08-18T19:18:03.682Z</time>
      </trkpt>
      <trkpt lat="37.9628093" lon="-4.81362">
        <ele>591</ele>
        <time>2026-08-18T19:18:04.682Z</time>
      </trkpt>
      <trkpt lat="37.9628166" lon="-4.8136056">
        <ele>591</ele>
        <time>2026-08-18T19:18:05.682Z</time>
      </trkpt>
      <trkpt lat="37.9628239" lon="-4.8135912">
        <ele>591</ele>
        <time>2026-08-18T19:18:06.682Z</time>
      </trkpt>
      <trkpt lat="37.9628312" lon="-4.8135752">
        <ele>592</ele>
        <time>2026-08-18T19:18:07.682Z</time>
      </trkpt>
      <trkpt lat="37.9628386" lon="-4.8135592">
        <ele>591</ele>
        <time>2026-08-18T19:18:08.682Z</time>
      </trkpt>
      <trkpt lat="37.9628462" lon="-4.8135435">
        <ele>591</ele>
        <time>2026-08-18T19:18:09.682Z</time>
      </trkpt>
      <trkpt lat="37.9628538" lon="-4.8135278">
        <ele>591</ele>
        <time>2026-08-18T19:18:10.682Z</time>
      </trkpt>
      <trkpt lat="37.962859" lon="-4.8135136">
        <ele>591</ele>
        <time>2026-08-18T19:18:11.682Z</time>
      </trkpt>
      <trkpt lat="37.9628643" lon="-4.8134994">
        <ele>591</ele>
        <time>2026-08-18T19:18:12.682Z</time>
      </trkpt>
      <trkpt lat="37.9628661" lon="-4.8134933">
        <ele>591</ele>
        <time>2026-08-18T19:18:13.682Z</time>
      </trkpt>
      <trkpt lat="37.9628679" lon="-4.8134872">
        <ele>591</ele>
        <time>2026-08-18T19:18:14.682Z</time>
      </trkpt>
      <trkpt lat="37.9628714" lon="-4.8134773">
        <ele>591</ele>
        <time>2026-08-18T19:18:15.682Z</time>
      </trkpt>
      <trkpt lat="37.9628749" lon="-4.8134675">
        <ele>590</ele>
        <time>2026-08-18T19:18:16.682Z</time>
      </trkpt>
      <trkpt lat="37.9628788" lon="-4.8134554">
        <ele>590</ele>
        <time>2026-08-18T19:18:17.682Z</time>
      </trkpt>
      <trkpt lat="37.9628827" lon="-4.8134433">
        <ele>590</ele>
        <time>2026-08-18T19:18:18.682Z</time>
      </trkpt>
      <trkpt lat="37.9628872" lon="-4.8134279">
        <ele>590</ele>
        <time>2026-08-18T19:18:19.682Z</time>
      </trkpt>
      <trkpt lat="37.9628917" lon="-4.8134126">
        <ele>590</ele>
        <time>2026-08-18T19:18:20.682Z</time>
      </trkpt>
      <trkpt lat="37.9628979" lon="-4.8133954">
        <ele>590</ele>
        <time>2026-08-18T19:18:21.682Z</time>
      </trkpt>
      <trkpt lat="37.9629041" lon="-4.8133782">
        <ele>590</ele>
        <time>2026-08-18T19:18:22.682Z</time>
      </trkpt>
      <trkpt lat="37.9629106" lon="-4.8133607">
        <ele>590</ele>
        <time>2026-08-18T19:18:23.682Z</time>
      </trkpt>
      <trkpt lat="37.9629171" lon="-4.8133433">
        <ele>590</ele>
        <time>2026-08-18T19:18:24.682Z</time>
      </trkpt>
      <trkpt lat="37.962922" lon="-4.813325">
        <ele>590</ele>
        <time>2026-08-18T19:18:25.682Z</time>
      </trkpt>
      <trkpt lat="37.9629269" lon="-4.8133068">
        <ele>590</ele>
        <time>2026-08-18T19:18:26.682Z</time>
      </trkpt>
      <trkpt lat="37.9629313" lon="-4.813289">
        <ele>590</ele>
        <time>2026-08-18T19:18:27.682Z</time>
      </trkpt>
      <trkpt lat="37.9629358" lon="-4.8132713">
        <ele>590</ele>
        <time>2026-08-18T19:18:28.682Z</time>
      </trkpt>
      <trkpt lat="37.9629405" lon="-4.8132539">
        <ele>590</ele>
        <time>2026-08-18T19:18:29.682Z</time>
      </trkpt>
      <trkpt lat="37.9629452" lon="-4.8132366">
        <ele>590</ele>
        <time>2026-08-18T19:18:30.682Z</time>
      </trkpt>
      <trkpt lat="37.9629494" lon="-4.8132193">
        <ele>591</ele>
        <time>2026-08-18T19:18:31.682Z</time>
      </trkpt>
      <trkpt lat="37.9629537" lon="-4.813202">
        <ele>591</ele>
        <time>2026-08-18T19:18:32.682Z</time>
      </trkpt>
      <trkpt lat="37.9629565" lon="-4.8131865">
        <ele>591</ele>
        <time>2026-08-18T19:18:33.682Z</time>
      </trkpt>
      <trkpt lat="37.9629594" lon="-4.8131711">
        <ele>591</ele>
        <time>2026-08-18T19:18:34.682Z</time>
      </trkpt>
      <trkpt lat="37.9629557" lon="-4.8131632">
        <ele>589</ele>
        <time>2026-08-18T19:18:51.682Z</time>
      </trkpt>
      <trkpt lat="37.9629538" lon="-4.8131562">
        <ele>589</ele>
        <time>2026-08-18T19:18:52.682Z</time>
      </trkpt>
      <trkpt lat="37.9629519" lon="-4.8131493">
        <ele>589</ele>
        <time>2026-08-18T19:18:53.682Z</time>
      </trkpt>
      <trkpt lat="37.9629509" lon="-4.813139">
        <ele>589</ele>
        <time>2026-08-18T19:18:54.682Z</time>
      </trkpt>
      <trkpt lat="37.9629499" lon="-4.8131288">
        <ele>589</ele>
        <time>2026-08-18T19:18:55.682Z</time>
      </trkpt>
      <trkpt lat="37.9629505" lon="-4.8131157">
        <ele>589</ele>
        <time>2026-08-18T19:18:56.682Z</time>
      </trkpt>
      <trkpt lat="37.9629511" lon="-4.8131026">
        <ele>589</ele>
        <time>2026-08-18T19:18:57.682Z</time>
      </trkpt>
      <trkpt lat="37.9629537" lon="-4.8130873">
        <ele>589</ele>
        <time>2026-08-18T19:18:58.682Z</time>
      </trkpt>
      <trkpt lat="37.9629564" lon="-4.8130721">
        <ele>590</ele>
        <time>2026-08-18T19:18:59.682Z</time>
      </trkpt>
      <trkpt lat="37.9629593" lon="-4.8130558">
        <ele>590</ele>
        <time>2026-08-18T19:19:00.682Z</time>
      </trkpt>
      <trkpt lat="37.9629623" lon="-4.8130395">
        <ele>590</ele>
        <time>2026-08-18T19:19:01.682Z</time>
      </trkpt>
      <trkpt lat="37.9629669" lon="-4.8130245">
        <ele>590</ele>
        <time>2026-08-18T19:19:02.682Z</time>
      </trkpt>
      <trkpt lat="37.9629715" lon="-4.8130095">
        <ele>591</ele>
        <time>2026-08-18T19:19:03.682Z</time>
      </trkpt>
      <trkpt lat="37.962975" lon="-4.8129938">
        <ele>591</ele>
        <time>2026-08-18T19:19:04.682Z</time>
      </trkpt>
      <trkpt lat="37.9629786" lon="-4.8129782">
        <ele>591</ele>
        <time>2026-08-18T19:19:05.682Z</time>
      </trkpt>
      <trkpt lat="37.9629802" lon="-4.8129616">
        <ele>591</ele>
        <time>2026-08-18T19:19:06.682Z</time>
      </trkpt>
      <trkpt lat="37.9629819" lon="-4.812945">
        <ele>592</ele>
        <time>2026-08-18T19:19:07.682Z</time>
      </trkpt>
      <trkpt lat="37.9629822" lon="-4.8129293">
        <ele>592</ele>
        <time>2026-08-18T19:19:08.682Z</time>
      </trkpt>
      <trkpt lat="37.9629826" lon="-4.8129136">
        <ele>592</ele>
        <time>2026-08-18T19:19:09.682Z</time>
      </trkpt>
      <trkpt lat="37.9629831" lon="-4.8128998">
        <ele>592</ele>
        <time>2026-08-18T19:19:10.682Z</time>
      </trkpt>
      <trkpt lat="37.9629837" lon="-4.812886">
        <ele>593</ele>
        <time>2026-08-18T19:19:11.682Z</time>
      </trkpt>
      <trkpt lat="37.962988" lon="-4.8128744">
        <ele>593</ele>
        <time>2026-08-18T19:19:12.682Z</time>
      </trkpt>
      <trkpt lat="37.9629923" lon="-4.8128629">
        <ele>593</ele>
        <time>2026-08-18T19:19:13.682Z</time>
      </trkpt>
      <trkpt lat="37.9629969" lon="-4.8128518">
        <ele>593</ele>
        <time>2026-08-18T19:19:14.682Z</time>
      </trkpt>
      <trkpt lat="37.9630016" lon="-4.8128407">
        <ele>593</ele>
        <time>2026-08-18T19:19:15.682Z</time>
      </trkpt>
      <trkpt lat="37.963005" lon="-4.8128287">
        <ele>593</ele>
        <time>2026-08-18T19:19:16.682Z</time>
      </trkpt>
      <trkpt lat="37.9630084" lon="-4.8128167">
        <ele>593</ele>
        <time>2026-08-18T19:19:17.682Z</time>
      </trkpt>
      <trkpt lat="37.9630124" lon="-4.8128019">
        <ele>593</ele>
        <time>2026-08-18T19:19:18.682Z</time>
      </trkpt>
      <trkpt lat="37.9630165" lon="-4.8127871">
        <ele>594</ele>
        <time>2026-08-18T19:19:19.682Z</time>
      </trkpt>
      <trkpt lat="37.9630188" lon="-4.8127703">
        <ele>594</ele>
        <time>2026-08-18T19:19:20.682Z</time>
      </trkpt>
      <trkpt lat="37.9630211" lon="-4.8127535">
        <ele>594</ele>
        <time>2026-08-18T19:19:21.682Z</time>
      </trkpt>
      <trkpt lat="37.9630198" lon="-4.8127373">
        <ele>594</ele>
        <time>2026-08-18T19:19:22.682Z</time>
      </trkpt>
      <trkpt lat="37.9630186" lon="-4.8127212">
        <ele>595</ele>
        <time>2026-08-18T19:19:23.682Z</time>
      </trkpt>
      <trkpt lat="37.963014" lon="-4.8127077">
        <ele>595</ele>
        <time>2026-08-18T19:19:24.682Z</time>
      </trkpt>
      <trkpt lat="37.9630095" lon="-4.8126942">
        <ele>595</ele>
        <time>2026-08-18T19:19:25.682Z</time>
      </trkpt>
      <trkpt lat="37.9630062" lon="-4.8126829">
        <ele>595</ele>
        <time>2026-08-18T19:19:26.682Z</time>
      </trkpt>
      <trkpt lat="37.9630029" lon="-4.8126717">
        <ele>595</ele>
        <time>2026-08-18T19:19:27.682Z</time>
      </trkpt>
      <trkpt lat="37.9630166" lon="-4.8126417">
        <ele>595</ele>
        <time>2026-08-18T19:19:28.682Z</time>
      </trkpt>
      <trkpt lat="37.9630303" lon="-4.8126117">
        <ele>595</ele>
        <time>2026-08-18T19:19:29.682Z</time>
      </trkpt>
      <trkpt lat="37.9630257" lon="-4.8126182">
        <ele>595</ele>
        <time>2026-08-18T19:19:30.682Z</time>
      </trkpt>
      <trkpt lat="37.9629649" lon="-4.8125948">
        <ele>595</ele>
        <time>2026-08-18T19:36:32.682Z</time>
      </trkpt>
      <trkpt lat="37.9629854" lon="-4.8125964">
        <ele>595</ele>
        <time>2026-08-18T19:36:33.682Z</time>
      </trkpt>
      <trkpt lat="37.9629926" lon="-4.8125946">
        <ele>595</ele>
        <time>2026-08-18T19:36:34.682Z</time>
      </trkpt>
      <trkpt lat="37.9629998" lon="-4.8125928">
        <ele>596</ele>
        <time>2026-08-18T19:36:35.682Z</time>
      </trkpt>
      <trkpt lat="37.9630087" lon="-4.8125887">
        <ele>596</ele>
        <time>2026-08-18T19:36:36.682Z</time>
      </trkpt>
      <trkpt lat="37.9630176" lon="-4.8125846">
        <ele>596</ele>
        <time>2026-08-18T19:36:37.682Z</time>
      </trkpt>
      <trkpt lat="37.9630271" lon="-4.8125776">
        <ele>596</ele>
        <time>2026-08-18T19:36:38.682Z</time>
      </trkpt>
      <trkpt lat="37.9630367" lon="-4.8125706">
        <ele>596</ele>
        <time>2026-08-18T19:36:39.682Z</time>
      </trkpt>
      <trkpt lat="37.9630458" lon="-4.8125611">
        <ele>596</ele>
        <time>2026-08-18T19:36:40.682Z</time>
      </trkpt>
      <trkpt lat="37.963055" lon="-4.8125517">
        <ele>596</ele>
        <time>2026-08-18T19:36:41.682Z</time>
      </trkpt>
      <trkpt lat="37.9630645" lon="-4.8125429">
        <ele>596</ele>
        <time>2026-08-18T19:36:42.682Z</time>
      </trkpt>
      <trkpt lat="37.963074" lon="-4.8125342">
        <ele>596</ele>
        <time>2026-08-18T19:36:43.682Z</time>
      </trkpt>
      <trkpt lat="37.9630841" lon="-4.8125275">
        <ele>596</ele>
        <time>2026-08-18T19:36:44.682Z</time>
      </trkpt>
      <trkpt lat="37.9630943" lon="-4.8125209">
        <ele>596</ele>
        <time>2026-08-18T19:36:45.682Z</time>
      </trkpt>
      <trkpt lat="37.9631052" lon="-4.8125149">
        <ele>596</ele>
        <time>2026-08-18T19:36:46.682Z</time>
      </trkpt>
      <trkpt lat="37.9631161" lon="-4.8125089">
        <ele>597</ele>
        <time>2026-08-18T19:36:47.682Z</time>
      </trkpt>
      <trkpt lat="37.9631281" lon="-4.8125015">
        <ele>597</ele>
        <time>2026-08-18T19:36:48.682Z</time>
      </trkpt>
      <trkpt lat="37.9631402" lon="-4.8124942">
        <ele>597</ele>
        <time>2026-08-18T19:36:49.682Z</time>
      </trkpt>
      <trkpt lat="37.9631452" lon="-4.8124915">
        <ele>597</ele>
        <time>2026-08-18T19:36:50.682Z</time>
      </trkpt>
      <trkpt lat="37.9631503" lon="-4.8124888">
        <ele>597</ele>
        <time>2026-08-18T19:36:51.682Z</time>
      </trkpt>
      <trkpt lat="37.9631561" lon="-4.8124866">
        <ele>597</ele>
        <time>2026-08-18T19:36:52.682Z</time>
      </trkpt>
      <trkpt lat="37.9631619" lon="-4.8124844">
        <ele>597</ele>
        <time>2026-08-18T19:36:53.682Z</time>
      </trkpt>
      <trkpt lat="37.9631676" lon="-4.812481">
        <ele>597</ele>
        <time>2026-08-18T19:36:54.682Z</time>
      </trkpt>
      <trkpt lat="37.9631734" lon="-4.8124777">
        <ele>597</ele>
        <time>2026-08-18T19:36:55.682Z</time>
      </trkpt>
      <trkpt lat="37.9631816" lon="-4.8124721">
        <ele>597</ele>
        <time>2026-08-18T19:36:56.682Z</time>
      </trkpt>
      <trkpt lat="37.9631899" lon="-4.8124665">
        <ele>597</ele>
        <time>2026-08-18T19:36:57.682Z</time>
      </trkpt>
      <trkpt lat="37.9631997" lon="-4.8124586">
        <ele>597</ele>
        <time>2026-08-18T19:36:58.682Z</time>
      </trkpt>
      <trkpt lat="37.9632096" lon="-4.8124508">
        <ele>597</ele>
        <time>2026-08-18T19:36:59.682Z</time>
      </trkpt>
      <trkpt lat="37.9632182" lon="-4.8124405">
        <ele>597</ele>
        <time>2026-08-18T19:37:00.682Z</time>
      </trkpt>
      <trkpt lat="37.9632268" lon="-4.8124303">
        <ele>597</ele>
        <time>2026-08-18T19:37:01.682Z</time>
      </trkpt>
      <trkpt lat="37.9632347" lon="-4.8124206">
        <ele>597</ele>
        <time>2026-08-18T19:37:02.682Z</time>
      </trkpt>
      <trkpt lat="37.9632426" lon="-4.8124109">
        <ele>597</ele>
        <time>2026-08-18T19:37:03.682Z</time>
      </trkpt>
      <trkpt lat="37.9632522" lon="-4.8124029">
        <ele>597</ele>
        <time>2026-08-18T19:37:04.682Z</time>
      </trkpt>
      <trkpt lat="37.9632618" lon="-4.812395">
        <ele>597</ele>
        <time>2026-08-18T19:37:05.682Z</time>
      </trkpt>
      <trkpt lat="37.9632724" lon="-4.8123885">
        <ele>597</ele>
        <time>2026-08-18T19:37:06.682Z</time>
      </trkpt>
      <trkpt lat="37.963283" lon="-4.8123821">
        <ele>597</ele>
        <time>2026-08-18T19:37:07.682Z</time>
      </trkpt>
      <trkpt lat="37.9632934" lon="-4.8123759">
        <ele>597</ele>
        <time>2026-08-18T19:37:08.682Z</time>
      </trkpt>
      <trkpt lat="37.9633039" lon="-4.8123698">
        <ele>597</ele>
        <time>2026-08-18T19:37:09.682Z</time>
      </trkpt>
      <trkpt lat="37.9633145" lon="-4.8123631">
        <ele>597</ele>
        <time>2026-08-18T19:37:10.682Z</time>
      </trkpt>
      <trkpt lat="37.9633251" lon="-4.8123565">
        <ele>598</ele>
        <time>2026-08-18T19:37:11.682Z</time>
      </trkpt>
      <trkpt lat="37.9633351" lon="-4.812349">
        <ele>598</ele>
        <time>2026-08-18T19:37:12.682Z</time>
      </trkpt>
      <trkpt lat="37.9633452" lon="-4.8123415">
        <ele>598</ele>
        <time>2026-08-18T19:37:13.682Z</time>
      </trkpt>
      <trkpt lat="37.9633548" lon="-4.8123342">
        <ele>598</ele>
        <time>2026-08-18T19:37:14.682Z</time>
      </trkpt>
      <trkpt lat="37.9633644" lon="-4.812327">
        <ele>598</ele>
        <time>2026-08-18T19:37:15.682Z</time>
      </trkpt>
      <trkpt lat="37.9633733" lon="-4.8123198">
        <ele>598</ele>
        <time>2026-08-18T19:37:16.682Z</time>
      </trkpt>
      <trkpt lat="37.9633822" lon="-4.8123126">
        <ele>598</ele>
        <time>2026-08-18T19:37:17.682Z</time>
      </trkpt>
      <trkpt lat="37.9633917" lon="-4.8123048">
        <ele>598</ele>
        <time>2026-08-18T19:37:18.682Z</time>
      </trkpt>
      <trkpt lat="37.9634013" lon="-4.812297">
        <ele>599</ele>
        <time>2026-08-18T19:37:19.682Z</time>
      </trkpt>
      <trkpt lat="37.9634114" lon="-4.8122897">
        <ele>599</ele>
        <time>2026-08-18T19:37:20.682Z</time>
      </trkpt>
      <trkpt lat="37.9634215" lon="-4.8122824">
        <ele>599</ele>
        <time>2026-08-18T19:37:21.682Z</time>
      </trkpt>
      <trkpt lat="37.9634325" lon="-4.8122753">
        <ele>599</ele>
        <time>2026-08-18T19:37:22.682Z</time>
      </trkpt>
      <trkpt lat="37.9634435" lon="-4.8122682">
        <ele>599</ele>
        <time>2026-08-18T19:37:23.682Z</time>
      </trkpt>
      <trkpt lat="37.963455" lon="-4.8122602">
        <ele>599</ele>
        <time>2026-08-18T19:37:24.682Z</time>
      </trkpt>
      <trkpt lat="37.9634666" lon="-4.8122522">
        <ele>599</ele>
        <time>2026-08-18T19:37:25.682Z</time>
      </trkpt>
      <trkpt lat="37.963477" lon="-4.812245">
        <ele>599</ele>
        <time>2026-08-18T19:37:26.682Z</time>
      </trkpt>
      <trkpt lat="37.9634874" lon="-4.8122379">
        <ele>600</ele>
        <time>2026-08-18T19:37:27.682Z</time>
      </trkpt>
      <trkpt lat="37.9634968" lon="-4.8122325">
        <ele>600</ele>
        <time>2026-08-18T19:37:28.682Z</time>
      </trkpt>
      <trkpt lat="37.9635063" lon="-4.8122271">
        <ele>600</ele>
        <time>2026-08-18T19:37:29.682Z</time>
      </trkpt>
      <trkpt lat="37.9635173" lon="-4.8122219">
        <ele>600</ele>
        <time>2026-08-18T19:37:30.682Z</time>
      </trkpt>
      <trkpt lat="37.9635283" lon="-4.8122167">
        <ele>600</ele>
        <time>2026-08-18T19:37:31.682Z</time>
      </trkpt>
      <trkpt lat="37.9635403" lon="-4.812209">
        <ele>600</ele>
        <time>2026-08-18T19:37:32.682Z</time>
      </trkpt>
      <trkpt lat="37.9635524" lon="-4.8122013">
        <ele>600</ele>
        <time>2026-08-18T19:37:33.682Z</time>
      </trkpt>
      <trkpt lat="37.9635628" lon="-4.812193">
        <ele>600</ele>
        <time>2026-08-18T19:37:34.682Z</time>
      </trkpt>
      <trkpt lat="37.9635733" lon="-4.8121848">
        <ele>600</ele>
        <time>2026-08-18T19:37:35.682Z</time>
      </trkpt>
      <trkpt lat="37.963583" lon="-4.8121779">
        <ele>600</ele>
        <time>2026-08-18T19:37:36.682Z</time>
      </trkpt>
      <trkpt lat="37.9635927" lon="-4.8121711">
        <ele>600</ele>
        <time>2026-08-18T19:37:37.682Z</time>
      </trkpt>
      <trkpt lat="37.9636025" lon="-4.812166">
        <ele>600</ele>
        <time>2026-08-18T19:37:38.682Z</time>
      </trkpt>
      <trkpt lat="37.9636124" lon="-4.8121609">
        <ele>601</ele>
        <time>2026-08-18T19:37:39.682Z</time>
      </trkpt>
      <trkpt lat="37.9636232" lon="-4.8121557">
        <ele>601</ele>
        <time>2026-08-18T19:37:40.682Z</time>
      </trkpt>
      <trkpt lat="37.963634" lon="-4.8121506">
        <ele>601</ele>
        <time>2026-08-18T19:37:41.682Z</time>
      </trkpt>
      <trkpt lat="37.963646" lon="-4.8121435">
        <ele>601</ele>
        <time>2026-08-18T19:37:42.682Z</time>
      </trkpt>
      <trkpt lat="37.963658" lon="-4.8121364">
        <ele>601</ele>
        <time>2026-08-18T19:37:43.682Z</time>
      </trkpt>
      <trkpt lat="37.9636696" lon="-4.8121282">
        <ele>601</ele>
        <time>2026-08-18T19:37:44.682Z</time>
      </trkpt>
      <trkpt lat="37.9636812" lon="-4.8121201">
        <ele>601</ele>
        <time>2026-08-18T19:37:45.682Z</time>
      </trkpt>
      <trkpt lat="37.9636924" lon="-4.8121132">
        <ele>601</ele>
        <time>2026-08-18T19:37:46.682Z</time>
      </trkpt>
      <trkpt lat="37.9637036" lon="-4.8121063">
        <ele>602</ele>
        <time>2026-08-18T19:37:47.682Z</time>
      </trkpt>
      <trkpt lat="37.9637154" lon="-4.8121004">
        <ele>602</ele>
        <time>2026-08-18T19:37:48.682Z</time>
      </trkpt>
      <trkpt lat="37.9637272" lon="-4.8120945">
        <ele>602</ele>
        <time>2026-08-18T19:37:49.682Z</time>
      </trkpt>
      <trkpt lat="37.9637395" lon="-4.8120887">
        <ele>602</ele>
        <time>2026-08-18T19:37:50.682Z</time>
      </trkpt>
      <trkpt lat="37.9637519" lon="-4.8120829">
        <ele>603</ele>
        <time>2026-08-18T19:37:51.682Z</time>
      </trkpt>
      <trkpt lat="37.9637629" lon="-4.812078">
        <ele>603</ele>
        <time>2026-08-18T19:37:52.682Z</time>
      </trkpt>
      <trkpt lat="37.963774" lon="-4.8120731">
        <ele>603</ele>
        <time>2026-08-18T19:37:53.682Z</time>
      </trkpt>
      <trkpt lat="37.9637831" lon="-4.8120701">
        <ele>603</ele>
        <time>2026-08-18T19:37:54.682Z</time>
      </trkpt>
      <trkpt lat="37.9637923" lon="-4.8120672">
        <ele>603</ele>
        <time>2026-08-18T19:37:55.682Z</time>
      </trkpt>
      <trkpt lat="37.9638021" lon="-4.8120653">
        <ele>603</ele>
        <time>2026-08-18T19:37:56.682Z</time>
      </trkpt>
      <trkpt lat="37.963812" lon="-4.8120635">
        <ele>603</ele>
        <time>2026-08-18T19:37:57.682Z</time>
      </trkpt>
      <trkpt lat="37.9638237" lon="-4.812061">
        <ele>603</ele>
        <time>2026-08-18T19:37:58.682Z</time>
      </trkpt>
      <trkpt lat="37.9638354" lon="-4.8120586">
        <ele>604</ele>
        <time>2026-08-18T19:37:59.682Z</time>
      </trkpt>
      <trkpt lat="37.9638482" lon="-4.812055">
        <ele>604</ele>
        <time>2026-08-18T19:38:00.682Z</time>
      </trkpt>
      <trkpt lat="37.9638611" lon="-4.8120514">
        <ele>604</ele>
        <time>2026-08-18T19:38:01.682Z</time>
      </trkpt>
      <trkpt lat="37.9638724" lon="-4.8120451">
        <ele>604</ele>
        <time>2026-08-18T19:38:02.682Z</time>
      </trkpt>
      <trkpt lat="37.9638837" lon="-4.8120388">
        <ele>604</ele>
        <time>2026-08-18T19:38:03.682Z</time>
      </trkpt>
      <trkpt lat="37.9638928" lon="-4.8120329">
        <ele>604</ele>
        <time>2026-08-18T19:38:04.682Z</time>
      </trkpt>
      <trkpt lat="37.9639019" lon="-4.812027">
        <ele>604</ele>
        <time>2026-08-18T19:38:05.682Z</time>
      </trkpt>
      <trkpt lat="37.963911" lon="-4.8120229">
        <ele>604</ele>
        <time>2026-08-18T19:38:06.682Z</time>
      </trkpt>
      <trkpt lat="37.9639201" lon="-4.8120189">
        <ele>604</ele>
        <time>2026-08-18T19:38:07.682Z</time>
      </trkpt>
      <trkpt lat="37.9639292" lon="-4.8120187">
        <ele>604</ele>
        <time>2026-08-18T19:38:08.682Z</time>
      </trkpt>
      <trkpt lat="37.9639384" lon="-4.8120185">
        <ele>604</ele>
        <time>2026-08-18T19:38:09.682Z</time>
      </trkpt>
      <trkpt lat="37.9639481" lon="-4.8120215">
        <ele>604</ele>
        <time>2026-08-18T19:38:10.682Z</time>
      </trkpt>
      <trkpt lat="37.9639579" lon="-4.8120246">
        <ele>605</ele>
        <time>2026-08-18T19:38:11.682Z</time>
      </trkpt>
      <trkpt lat="37.9639701" lon="-4.8120262">
        <ele>605</ele>
        <time>2026-08-18T19:38:12.682Z</time>
      </trkpt>
      <trkpt lat="37.9639823" lon="-4.8120279">
        <ele>605</ele>
        <time>2026-08-18T19:38:13.682Z</time>
      </trkpt>
      <trkpt lat="37.9639967" lon="-4.8120256">
        <ele>605</ele>
        <time>2026-08-18T19:38:14.682Z</time>
      </trkpt>
      <trkpt lat="37.9640112" lon="-4.8120233">
        <ele>605</ele>
        <time>2026-08-18T19:38:15.682Z</time>
      </trkpt>
      <trkpt lat="37.9640249" lon="-4.8120189">
        <ele>605</ele>
        <time>2026-08-18T19:38:16.682Z</time>
      </trkpt>
      <trkpt lat="37.9640387" lon="-4.8120146">
        <ele>605</ele>
        <time>2026-08-18T19:38:17.682Z</time>
      </trkpt>
      <trkpt lat="37.964051" lon="-4.8120098">
        <ele>605</ele>
        <time>2026-08-18T19:38:18.682Z</time>
      </trkpt>
      <trkpt lat="37.9640633" lon="-4.8120051">
        <ele>606</ele>
        <time>2026-08-18T19:38:19.682Z</time>
      </trkpt>
      <trkpt lat="37.9640748" lon="-4.812001">
        <ele>606</ele>
        <time>2026-08-18T19:38:20.682Z</time>
      </trkpt>
      <trkpt lat="37.9640863" lon="-4.811997">
        <ele>606</ele>
        <time>2026-08-18T19:38:21.682Z</time>
      </trkpt>
      <trkpt lat="37.9640962" lon="-4.8119918">
        <ele>606</ele>
        <time>2026-08-18T19:38:22.682Z</time>
      </trkpt>
      <trkpt lat="37.9641061" lon="-4.8119867">
        <ele>606</ele>
        <time>2026-08-18T19:38:23.682Z</time>
      </trkpt>
      <trkpt lat="37.964115" lon="-4.8119805">
        <ele>606</ele>
        <time>2026-08-18T19:38:24.682Z</time>
      </trkpt>
      <trkpt lat="37.9641239" lon="-4.8119744">
        <ele>606</ele>
        <time>2026-08-18T19:38:25.682Z</time>
      </trkpt>
      <trkpt lat="37.964132" lon="-4.8119665">
        <ele>606</ele>
        <time>2026-08-18T19:38:26.682Z</time>
      </trkpt>
      <trkpt lat="37.9641402" lon="-4.8119587">
        <ele>607</ele>
        <time>2026-08-18T19:38:27.682Z</time>
      </trkpt>
      <trkpt lat="37.9641475" lon="-4.8119492">
        <ele>607</ele>
        <time>2026-08-18T19:38:28.682Z</time>
      </trkpt>
      <trkpt lat="37.9641549" lon="-4.8119397">
        <ele>607</ele>
        <time>2026-08-18T19:38:29.682Z</time>
      </trkpt>
      <trkpt lat="37.9641622" lon="-4.8119294">
        <ele>607</ele>
        <time>2026-08-18T19:38:30.682Z</time>
      </trkpt>
      <trkpt lat="37.9641695" lon="-4.8119192">
        <ele>608</ele>
        <time>2026-08-18T19:38:31.682Z</time>
      </trkpt>
      <trkpt lat="37.9641764" lon="-4.8119101">
        <ele>608</ele>
        <time>2026-08-18T19:38:32.682Z</time>
      </trkpt>
      <trkpt lat="37.9641834" lon="-4.8119011">
        <ele>608</ele>
        <time>2026-08-18T19:38:33.682Z</time>
      </trkpt>
      <trkpt lat="37.9641921" lon="-4.8118931">
        <ele>608</ele>
        <time>2026-08-18T19:38:34.682Z</time>
      </trkpt>
      <trkpt lat="37.9642008" lon="-4.8118852">
        <ele>608</ele>
        <time>2026-08-18T19:38:35.682Z</time>
      </trkpt>
      <trkpt lat="37.9642121" lon="-4.8118777">
        <ele>608</ele>
        <time>2026-08-18T19:38:36.682Z</time>
      </trkpt>
      <trkpt lat="37.9642234" lon="-4.8118703">
        <ele>608</ele>
        <time>2026-08-18T19:38:37.682Z</time>
      </trkpt>
      <trkpt lat="37.9642355" lon="-4.8118626">
        <ele>608</ele>
        <time>2026-08-18T19:38:38.682Z</time>
      </trkpt>
      <trkpt lat="37.9642476" lon="-4.8118549">
        <ele>608</ele>
        <time>2026-08-18T19:38:39.682Z</time>
      </trkpt>
      <trkpt lat="37.9642593" lon="-4.8118467">
        <ele>608</ele>
        <time>2026-08-18T19:38:40.682Z</time>
      </trkpt>
      <trkpt lat="37.9642711" lon="-4.8118386">
        <ele>608</ele>
        <time>2026-08-18T19:38:41.682Z</time>
      </trkpt>
      <trkpt lat="37.96428" lon="-4.8118297">
        <ele>608</ele>
        <time>2026-08-18T19:38:42.682Z</time>
      </trkpt>
      <trkpt lat="37.9642889" lon="-4.8118208">
        <ele>609</ele>
        <time>2026-08-18T19:38:43.682Z</time>
      </trkpt>
      <trkpt lat="37.9642956" lon="-4.8118113">
        <ele>609</ele>
        <time>2026-08-18T19:38:44.682Z</time>
      </trkpt>
      <trkpt lat="37.9643023" lon="-4.8118018">
        <ele>609</ele>
        <time>2026-08-18T19:38:45.682Z</time>
      </trkpt>
      <trkpt lat="37.9643071" lon="-4.8117902">
        <ele>609</ele>
        <time>2026-08-18T19:38:46.682Z</time>
      </trkpt>
      <trkpt lat="37.9643119" lon="-4.8117787">
        <ele>609</ele>
        <time>2026-08-18T19:38:47.682Z</time>
      </trkpt>
      <trkpt lat="37.9643162" lon="-4.811766">
        <ele>609</ele>
        <time>2026-08-18T19:38:48.682Z</time>
      </trkpt>
      <trkpt lat="37.9643205" lon="-4.8117534">
        <ele>609</ele>
        <time>2026-08-18T19:38:49.682Z</time>
      </trkpt>
      <trkpt lat="37.9643253" lon="-4.8117406">
        <ele>609</ele>
        <time>2026-08-18T19:38:50.682Z</time>
      </trkpt>
      <trkpt lat="37.9643302" lon="-4.8117278">
        <ele>609</ele>
        <time>2026-08-18T19:38:51.682Z</time>
      </trkpt>
      <trkpt lat="37.9643346" lon="-4.8117142">
        <ele>609</ele>
        <time>2026-08-18T19:38:52.682Z</time>
      </trkpt>
      <trkpt lat="37.9643391" lon="-4.8117006">
        <ele>609</ele>
        <time>2026-08-18T19:38:53.682Z</time>
      </trkpt>
      <trkpt lat="37.9643435" lon="-4.8116855">
        <ele>609</ele>
        <time>2026-08-18T19:38:54.682Z</time>
      </trkpt>
      <trkpt lat="37.964348" lon="-4.8116705">
        <ele>609</ele>
        <time>2026-08-18T19:38:55.682Z</time>
      </trkpt>
      <trkpt lat="37.9643531" lon="-4.8116564">
        <ele>609</ele>
        <time>2026-08-18T19:38:56.682Z</time>
      </trkpt>
      <trkpt lat="37.9643583" lon="-4.8116424">
        <ele>609</ele>
        <time>2026-08-18T19:38:57.682Z</time>
      </trkpt>
      <trkpt lat="37.9643637" lon="-4.8116294">
        <ele>609</ele>
        <time>2026-08-18T19:38:58.682Z</time>
      </trkpt>
      <trkpt lat="37.9643692" lon="-4.8116164">
        <ele>610</ele>
        <time>2026-08-18T19:38:59.682Z</time>
      </trkpt>
      <trkpt lat="37.9643754" lon="-4.8116043">
        <ele>610</ele>
        <time>2026-08-18T19:39:00.682Z</time>
      </trkpt>
      <trkpt lat="37.9643816" lon="-4.8115923">
        <ele>610</ele>
        <time>2026-08-18T19:39:01.682Z</time>
      </trkpt>
      <trkpt lat="37.9643887" lon="-4.811581">
        <ele>610</ele>
        <time>2026-08-18T19:39:02.682Z</time>
      </trkpt>
      <trkpt lat="37.9643959" lon="-4.8115697">
        <ele>610</ele>
        <time>2026-08-18T19:39:03.682Z</time>
      </trkpt>
      <trkpt lat="37.9644046" lon="-4.8115595">
        <ele>610</ele>
        <time>2026-08-18T19:39:04.682Z</time>
      </trkpt>
      <trkpt lat="37.9644133" lon="-4.8115494">
        <ele>610</ele>
        <time>2026-08-18T19:39:05.682Z</time>
      </trkpt>
      <trkpt lat="37.964422" lon="-4.8115405">
        <ele>610</ele>
        <time>2026-08-18T19:39:06.682Z</time>
      </trkpt>
      <trkpt lat="37.9644308" lon="-4.8115317">
        <ele>611</ele>
        <time>2026-08-18T19:39:07.682Z</time>
      </trkpt>
      <trkpt lat="37.9644398" lon="-4.8115243">
        <ele>611</ele>
        <time>2026-08-18T19:39:08.682Z</time>
      </trkpt>
      <trkpt lat="37.9644488" lon="-4.8115169">
        <ele>611</ele>
        <time>2026-08-18T19:39:09.682Z</time>
      </trkpt>
      <trkpt lat="37.9644584" lon="-4.8115096">
        <ele>611</ele>
        <time>2026-08-18T19:39:10.682Z</time>
      </trkpt>
      <trkpt lat="37.9644681" lon="-4.8115024">
        <ele>611</ele>
        <time>2026-08-18T19:39:11.682Z</time>
      </trkpt>
      <trkpt lat="37.9644786" lon="-4.8114942">
        <ele>611</ele>
        <time>2026-08-18T19:39:12.682Z</time>
      </trkpt>
      <trkpt lat="37.9644892" lon="-4.811486">
        <ele>611</ele>
        <time>2026-08-18T19:39:13.682Z</time>
      </trkpt>
      <trkpt lat="37.9644996" lon="-4.8114772">
        <ele>611</ele>
        <time>2026-08-18T19:39:14.682Z</time>
      </trkpt>
      <trkpt lat="37.96451" lon="-4.8114684">
        <ele>611</ele>
        <time>2026-08-18T19:39:15.682Z</time>
      </trkpt>
      <trkpt lat="37.96452" lon="-4.8114611">
        <ele>611</ele>
        <time>2026-08-18T19:39:16.682Z</time>
      </trkpt>
      <trkpt lat="37.9645301" lon="-4.8114538">
        <ele>611</ele>
        <time>2026-08-18T19:39:17.682Z</time>
      </trkpt>
      <trkpt lat="37.9645412" lon="-4.8114487">
        <ele>611</ele>
        <time>2026-08-18T19:39:18.682Z</time>
      </trkpt>
      <trkpt lat="37.9645523" lon="-4.8114437">
        <ele>612</ele>
        <time>2026-08-18T19:39:19.682Z</time>
      </trkpt>
      <trkpt lat="37.9645648" lon="-4.8114385">
        <ele>612</ele>
        <time>2026-08-18T19:39:20.682Z</time>
      </trkpt>
      <trkpt lat="37.9645773" lon="-4.8114333">
        <ele>612</ele>
        <time>2026-08-18T19:39:21.682Z</time>
      </trkpt>
      <trkpt lat="37.9645907" lon="-4.8114265">
        <ele>612</ele>
        <time>2026-08-18T19:39:22.682Z</time>
      </trkpt>
      <trkpt lat="37.9646042" lon="-4.8114197">
        <ele>612</ele>
        <time>2026-08-18T19:39:23.682Z</time>
      </trkpt>
      <trkpt lat="37.9646178" lon="-4.8114118">
        <ele>612</ele>
        <time>2026-08-18T19:39:24.682Z</time>
      </trkpt>
      <trkpt lat="37.9646315" lon="-4.811404">
        <ele>612</ele>
        <time>2026-08-18T19:39:25.682Z</time>
      </trkpt>
      <trkpt lat="37.9646445" lon="-4.8113955">
        <ele>612</ele>
        <time>2026-08-18T19:39:26.682Z</time>
      </trkpt>
      <trkpt lat="37.9646575" lon="-4.811387">
        <ele>613</ele>
        <time>2026-08-18T19:39:27.682Z</time>
      </trkpt>
      <trkpt lat="37.9646688" lon="-4.8113792">
        <ele>613</ele>
        <time>2026-08-18T19:39:28.682Z</time>
      </trkpt>
      <trkpt lat="37.9646802" lon="-4.8113714">
        <ele>613</ele>
        <time>2026-08-18T19:39:29.682Z</time>
      </trkpt>
      <trkpt lat="37.9646902" lon="-4.8113638">
        <ele>613</ele>
        <time>2026-08-18T19:39:30.682Z</time>
      </trkpt>
      <trkpt lat="37.9647002" lon="-4.8113563">
        <ele>614</ele>
        <time>2026-08-18T19:39:31.682Z</time>
      </trkpt>
      <trkpt lat="37.964708" lon="-4.8113485">
        <ele>614</ele>
        <time>2026-08-18T19:39:32.682Z</time>
      </trkpt>
      <trkpt lat="37.9647158" lon="-4.8113408">
        <ele>614</ele>
        <time>2026-08-18T19:39:33.682Z</time>
      </trkpt>
      <trkpt lat="37.9647239" lon="-4.8113319">
        <ele>614</ele>
        <time>2026-08-18T19:39:34.682Z</time>
      </trkpt>
      <trkpt lat="37.9647321" lon="-4.8113231">
        <ele>614</ele>
        <time>2026-08-18T19:39:35.682Z</time>
      </trkpt>
      <trkpt lat="37.9647415" lon="-4.8113134">
        <ele>614</ele>
        <time>2026-08-18T19:39:36.682Z</time>
      </trkpt>
      <trkpt lat="37.9647509" lon="-4.8113038">
        <ele>614</ele>
        <time>2026-08-18T19:39:37.682Z</time>
      </trkpt>
      <trkpt lat="37.964761" lon="-4.8112957">
        <ele>614</ele>
        <time>2026-08-18T19:39:38.682Z</time>
      </trkpt>
      <trkpt lat="37.9647712" lon="-4.8112876">
        <ele>615</ele>
        <time>2026-08-18T19:39:39.682Z</time>
      </trkpt>
      <trkpt lat="37.9647813" lon="-4.8112804">
        <ele>615</ele>
        <time>2026-08-18T19:39:40.682Z</time>
      </trkpt>
      <trkpt lat="37.9647915" lon="-4.8112733">
        <ele>615</ele>
        <time>2026-08-18T19:39:41.682Z</time>
      </trkpt>
      <trkpt lat="37.9648012" lon="-4.8112648">
        <ele>615</ele>
        <time>2026-08-18T19:39:42.682Z</time>
      </trkpt>
      <trkpt lat="37.9648109" lon="-4.8112563">
        <ele>615</ele>
        <time>2026-08-18T19:39:43.682Z</time>
      </trkpt>
      <trkpt lat="37.9648198" lon="-4.8112472">
        <ele>615</ele>
        <time>2026-08-18T19:39:44.682Z</time>
      </trkpt>
      <trkpt lat="37.9648288" lon="-4.8112381">
        <ele>615</ele>
        <time>2026-08-18T19:39:45.682Z</time>
      </trkpt>
      <trkpt lat="37.9648381" lon="-4.8112298">
        <ele>615</ele>
        <time>2026-08-18T19:39:46.682Z</time>
      </trkpt>
      <trkpt lat="37.9648475" lon="-4.8112215">
        <ele>616</ele>
        <time>2026-08-18T19:39:47.682Z</time>
      </trkpt>
      <trkpt lat="37.9648574" lon="-4.8112131">
        <ele>616</ele>
        <time>2026-08-18T19:39:48.682Z</time>
      </trkpt>
      <trkpt lat="37.9648674" lon="-4.8112048">
        <ele>616</ele>
        <time>2026-08-18T19:39:49.682Z</time>
      </trkpt>
      <trkpt lat="37.9648781" lon="-4.8111964">
        <ele>616</ele>
        <time>2026-08-18T19:39:50.682Z</time>
      </trkpt>
      <trkpt lat="37.9648889" lon="-4.811188">
        <ele>617</ele>
        <time>2026-08-18T19:39:51.682Z</time>
      </trkpt>
      <trkpt lat="37.9648985" lon="-4.8111794">
        <ele>617</ele>
        <time>2026-08-18T19:39:52.682Z</time>
      </trkpt>
      <trkpt lat="37.9649082" lon="-4.8111708">
        <ele>617</ele>
        <time>2026-08-18T19:39:53.682Z</time>
      </trkpt>
      <trkpt lat="37.9649176" lon="-4.8111617">
        <ele>617</ele>
        <time>2026-08-18T19:39:54.682Z</time>
      </trkpt>
      <trkpt lat="37.964927" lon="-4.8111526">
        <ele>617</ele>
        <time>2026-08-18T19:39:55.682Z</time>
      </trkpt>
      <trkpt lat="37.964935" lon="-4.811142">
        <ele>617</ele>
        <time>2026-08-18T19:39:56.682Z</time>
      </trkpt>
      <trkpt lat="37.9649431" lon="-4.8111314">
        <ele>617</ele>
        <time>2026-08-18T19:39:57.682Z</time>
      </trkpt>
      <trkpt lat="37.9649508" lon="-4.8111201">
        <ele>617</ele>
        <time>2026-08-18T19:39:58.682Z</time>
      </trkpt>
      <trkpt lat="37.9649586" lon="-4.8111089">
        <ele>618</ele>
        <time>2026-08-18T19:39:59.682Z</time>
      </trkpt>
      <trkpt lat="37.9649667" lon="-4.8110991">
        <ele>618</ele>
        <time>2026-08-18T19:40:00.682Z</time>
      </trkpt>
      <trkpt lat="37.9649749" lon="-4.8110893">
        <ele>618</ele>
        <time>2026-08-18T19:40:01.682Z</time>
      </trkpt>
      <trkpt lat="37.9649834" lon="-4.8110789">
        <ele>618</ele>
        <time>2026-08-18T19:40:02.682Z</time>
      </trkpt>
      <trkpt lat="37.9649919" lon="-4.8110686">
        <ele>618</ele>
        <time>2026-08-18T19:40:03.682Z</time>
      </trkpt>
      <trkpt lat="37.9650005" lon="-4.8110568">
        <ele>618</ele>
        <time>2026-08-18T19:40:04.682Z</time>
      </trkpt>
      <trkpt lat="37.9650092" lon="-4.8110451">
        <ele>618</ele>
        <time>2026-08-18T19:40:05.682Z</time>
      </trkpt>
      <trkpt lat="37.9650179" lon="-4.8110328">
        <ele>618</ele>
        <time>2026-08-18T19:40:06.682Z</time>
      </trkpt>
      <trkpt lat="37.9650266" lon="-4.8110205">
        <ele>618</ele>
        <time>2026-08-18T19:40:07.682Z</time>
      </trkpt>
      <trkpt lat="37.965034" lon="-4.8110065">
        <ele>618</ele>
        <time>2026-08-18T19:40:08.682Z</time>
      </trkpt>
      <trkpt lat="37.9650415" lon="-4.8109925">
        <ele>618</ele>
        <time>2026-08-18T19:40:09.682Z</time>
      </trkpt>
      <trkpt lat="37.9650474" lon="-4.8109782">
        <ele>618</ele>
        <time>2026-08-18T19:40:10.682Z</time>
      </trkpt>
      <trkpt lat="37.9650534" lon="-4.810964">
        <ele>618</ele>
        <time>2026-08-18T19:40:11.682Z</time>
      </trkpt>
      <trkpt lat="37.9650576" lon="-4.8109487">
        <ele>618</ele>
        <time>2026-08-18T19:40:12.682Z</time>
      </trkpt>
      <trkpt lat="37.9650619" lon="-4.8109335">
        <ele>618</ele>
        <time>2026-08-18T19:40:13.682Z</time>
      </trkpt>
      <trkpt lat="37.9650647" lon="-4.8109174">
        <ele>618</ele>
        <time>2026-08-18T19:40:14.682Z</time>
      </trkpt>
      <trkpt lat="37.9650675" lon="-4.8109013">
        <ele>618</ele>
        <time>2026-08-18T19:40:15.682Z</time>
      </trkpt>
      <trkpt lat="37.9650707" lon="-4.8108839">
        <ele>617</ele>
        <time>2026-08-18T19:40:16.682Z</time>
      </trkpt>
      <trkpt lat="37.965074" lon="-4.8108665">
        <ele>617</ele>
        <time>2026-08-18T19:40:17.682Z</time>
      </trkpt>
      <trkpt lat="37.9650775" lon="-4.8108486">
        <ele>617</ele>
        <time>2026-08-18T19:40:18.682Z</time>
      </trkpt>
      <trkpt lat="37.965081" lon="-4.8108307">
        <ele>617</ele>
        <time>2026-08-18T19:40:19.682Z</time>
      </trkpt>
      <trkpt lat="37.9650851" lon="-4.8108149">
        <ele>617</ele>
        <time>2026-08-18T19:40:20.682Z</time>
      </trkpt>
      <trkpt lat="37.9650893" lon="-4.8107992">
        <ele>617</ele>
        <time>2026-08-18T19:40:21.682Z</time>
      </trkpt>
      <trkpt lat="37.9650932" lon="-4.8107841">
        <ele>617</ele>
        <time>2026-08-18T19:40:22.682Z</time>
      </trkpt>
      <trkpt lat="37.9650972" lon="-4.810769">
        <ele>617</ele>
        <time>2026-08-18T19:40:23.682Z</time>
      </trkpt>
      <trkpt lat="37.9651002" lon="-4.8107532">
        <ele>617</ele>
        <time>2026-08-18T19:40:24.682Z</time>
      </trkpt>
      <trkpt lat="37.9651033" lon="-4.8107374">
        <ele>617</ele>
        <time>2026-08-18T19:40:25.682Z</time>
      </trkpt>
      <trkpt lat="37.965105" lon="-4.8107215">
        <ele>617</ele>
        <time>2026-08-18T19:40:26.682Z</time>
      </trkpt>
      <trkpt lat="37.9651068" lon="-4.8107056">
        <ele>617</ele>
        <time>2026-08-18T19:40:27.682Z</time>
      </trkpt>
      <trkpt lat="37.9651055" lon="-4.8106897">
        <ele>617</ele>
        <time>2026-08-18T19:40:28.682Z</time>
      </trkpt>
      <trkpt lat="37.9651042" lon="-4.8106738">
        <ele>617</ele>
        <time>2026-08-18T19:40:29.682Z</time>
      </trkpt>
      <trkpt lat="37.9651015" lon="-4.8106575">
        <ele>617</ele>
        <time>2026-08-18T19:40:30.682Z</time>
      </trkpt>
      <trkpt lat="37.9650988" lon="-4.8106413">
        <ele>617</ele>
        <time>2026-08-18T19:40:31.682Z</time>
      </trkpt>
      <trkpt lat="37.9650971" lon="-4.8106242">
        <ele>617</ele>
        <time>2026-08-18T19:40:32.682Z</time>
      </trkpt>
      <trkpt lat="37.9650955" lon="-4.8106071">
        <ele>617</ele>
        <time>2026-08-18T19:40:33.682Z</time>
      </trkpt>
      <trkpt lat="37.9650947" lon="-4.810589">
        <ele>617</ele>
        <time>2026-08-18T19:40:34.682Z</time>
      </trkpt>
      <trkpt lat="37.965094" lon="-4.810571">
        <ele>617</ele>
        <time>2026-08-18T19:40:35.682Z</time>
      </trkpt>
      <trkpt lat="37.965094" lon="-4.8105526">
        <ele>617</ele>
        <time>2026-08-18T19:40:36.682Z</time>
      </trkpt>
      <trkpt lat="37.965094" lon="-4.8105343">
        <ele>617</ele>
        <time>2026-08-18T19:40:37.682Z</time>
      </trkpt>
      <trkpt lat="37.9650949" lon="-4.8105172">
        <ele>617</ele>
        <time>2026-08-18T19:40:38.682Z</time>
      </trkpt>
      <trkpt lat="37.9650958" lon="-4.8105001">
        <ele>617</ele>
        <time>2026-08-18T19:40:39.682Z</time>
      </trkpt>
      <trkpt lat="37.9650965" lon="-4.8104858">
        <ele>617</ele>
        <time>2026-08-18T19:40:40.682Z</time>
      </trkpt>
      <trkpt lat="37.9650973" lon="-4.8104715">
        <ele>617</ele>
        <time>2026-08-18T19:40:41.682Z</time>
      </trkpt>
      <trkpt lat="37.9650967" lon="-4.8104578">
        <ele>617</ele>
        <time>2026-08-18T19:40:42.682Z</time>
      </trkpt>
      <trkpt lat="37.9650961" lon="-4.8104441">
        <ele>617</ele>
        <time>2026-08-18T19:40:43.682Z</time>
      </trkpt>
      <trkpt lat="37.9650946" lon="-4.8104284">
        <ele>617</ele>
        <time>2026-08-18T19:40:44.682Z</time>
      </trkpt>
      <trkpt lat="37.9650932" lon="-4.8104128">
        <ele>617</ele>
        <time>2026-08-18T19:40:45.682Z</time>
      </trkpt>
      <trkpt lat="37.9650918" lon="-4.8103967">
        <ele>617</ele>
        <time>2026-08-18T19:40:46.682Z</time>
      </trkpt>
      <trkpt lat="37.9650904" lon="-4.8103807">
        <ele>617</ele>
        <time>2026-08-18T19:40:47.682Z</time>
      </trkpt>
      <trkpt lat="37.9650892" lon="-4.8103643">
        <ele>617</ele>
        <time>2026-08-18T19:40:48.682Z</time>
      </trkpt>
      <trkpt lat="37.965088" lon="-4.8103479">
        <ele>617</ele>
        <time>2026-08-18T19:40:49.682Z</time>
      </trkpt>
      <trkpt lat="37.9650857" lon="-4.8103302">
        <ele>617</ele>
        <time>2026-08-18T19:40:50.682Z</time>
      </trkpt>
      <trkpt lat="37.9650834" lon="-4.8103125">
        <ele>617</ele>
        <time>2026-08-18T19:40:51.682Z</time>
      </trkpt>
      <trkpt lat="37.9650799" lon="-4.8102956">
        <ele>617</ele>
        <time>2026-08-18T19:40:52.682Z</time>
      </trkpt>
      <trkpt lat="37.9650765" lon="-4.8102787">
        <ele>617</ele>
        <time>2026-08-18T19:40:53.682Z</time>
      </trkpt>
      <trkpt lat="37.9650728" lon="-4.8102617">
        <ele>617</ele>
        <time>2026-08-18T19:40:54.682Z</time>
      </trkpt>
      <trkpt lat="37.9650692" lon="-4.8102447">
        <ele>617</ele>
        <time>2026-08-18T19:40:55.682Z</time>
      </trkpt>
      <trkpt lat="37.9650652" lon="-4.8102276">
        <ele>617</ele>
        <time>2026-08-18T19:40:56.682Z</time>
      </trkpt>
      <trkpt lat="37.9650612" lon="-4.8102106">
        <ele>617</ele>
        <time>2026-08-18T19:40:57.682Z</time>
      </trkpt>
      <trkpt lat="37.9650567" lon="-4.8101938">
        <ele>617</ele>
        <time>2026-08-18T19:40:58.682Z</time>
      </trkpt>
      <trkpt lat="37.9650522" lon="-4.8101771">
        <ele>617</ele>
        <time>2026-08-18T19:40:59.682Z</time>
      </trkpt>
      <trkpt lat="37.9650474" lon="-4.8101605">
        <ele>617</ele>
        <time>2026-08-18T19:41:00.682Z</time>
      </trkpt>
      <trkpt lat="37.9650426" lon="-4.810144">
        <ele>617</ele>
        <time>2026-08-18T19:41:01.682Z</time>
      </trkpt>
      <trkpt lat="37.9650391" lon="-4.8101283">
        <ele>617</ele>
        <time>2026-08-18T19:41:02.682Z</time>
      </trkpt>
      <trkpt lat="37.9650356" lon="-4.8101126">
        <ele>617</ele>
        <time>2026-08-18T19:41:03.682Z</time>
      </trkpt>
      <trkpt lat="37.9650339" lon="-4.8100984">
        <ele>617</ele>
        <time>2026-08-18T19:41:04.682Z</time>
      </trkpt>
      <trkpt lat="37.9650323" lon="-4.8100843">
        <ele>617</ele>
        <time>2026-08-18T19:41:05.682Z</time>
      </trkpt>
      <trkpt lat="37.965031" lon="-4.8100717">
        <ele>617</ele>
        <time>2026-08-18T19:41:06.682Z</time>
      </trkpt>
      <trkpt lat="37.9650297" lon="-4.8100592">
        <ele>617</ele>
        <time>2026-08-18T19:41:07.682Z</time>
      </trkpt>
      <trkpt lat="37.9650287" lon="-4.8100447">
        <ele>617</ele>
        <time>2026-08-18T19:41:08.682Z</time>
      </trkpt>
      <trkpt lat="37.9650278" lon="-4.8100303">
        <ele>617</ele>
        <time>2026-08-18T19:41:09.682Z</time>
      </trkpt>
      <trkpt lat="37.9650287" lon="-4.8100152">
        <ele>617</ele>
        <time>2026-08-18T19:41:10.682Z</time>
      </trkpt>
      <trkpt lat="37.9650296" lon="-4.8100001">
        <ele>617</ele>
        <time>2026-08-18T19:41:11.682Z</time>
      </trkpt>
      <trkpt lat="37.9650324" lon="-4.8099856">
        <ele>617</ele>
        <time>2026-08-18T19:41:12.682Z</time>
      </trkpt>
      <trkpt lat="37.9650353" lon="-4.8099712">
        <ele>617</ele>
        <time>2026-08-18T19:41:13.682Z</time>
      </trkpt>
      <trkpt lat="37.9650389" lon="-4.8099536">
        <ele>617</ele>
        <time>2026-08-18T19:41:14.682Z</time>
      </trkpt>
      <trkpt lat="37.9650426" lon="-4.8099361">
        <ele>617</ele>
        <time>2026-08-18T19:41:15.682Z</time>
      </trkpt>
      <trkpt lat="37.9650462" lon="-4.8099188">
        <ele>617</ele>
        <time>2026-08-18T19:41:16.682Z</time>
      </trkpt>
      <trkpt lat="37.9650498" lon="-4.8099015">
        <ele>617</ele>
        <time>2026-08-18T19:41:17.682Z</time>
      </trkpt>
      <trkpt lat="37.9650539" lon="-4.8098862">
        <ele>617</ele>
        <time>2026-08-18T19:41:18.682Z</time>
      </trkpt>
      <trkpt lat="37.965058" lon="-4.8098709">
        <ele>617</ele>
        <time>2026-08-18T19:41:19.682Z</time>
      </trkpt>
      <trkpt lat="37.9650638" lon="-4.8098566">
        <ele>617</ele>
        <time>2026-08-18T19:41:20.682Z</time>
      </trkpt>
      <trkpt lat="37.9650696" lon="-4.8098424">
        <ele>617</ele>
        <time>2026-08-18T19:41:21.682Z</time>
      </trkpt>
      <trkpt lat="37.9650779" lon="-4.8098282">
        <ele>617</ele>
        <time>2026-08-18T19:41:22.682Z</time>
      </trkpt>
      <trkpt lat="37.9650863" lon="-4.8098141">
        <ele>617</ele>
        <time>2026-08-18T19:41:23.682Z</time>
      </trkpt>
      <trkpt lat="37.9650943" lon="-4.8098002">
        <ele>617</ele>
        <time>2026-08-18T19:41:24.682Z</time>
      </trkpt>
      <trkpt lat="37.9651023" lon="-4.8097864">
        <ele>617</ele>
        <time>2026-08-18T19:41:25.682Z</time>
      </trkpt>
      <trkpt lat="37.9651087" lon="-4.8097723">
        <ele>617</ele>
        <time>2026-08-18T19:41:26.682Z</time>
      </trkpt>
      <trkpt lat="37.9651151" lon="-4.8097582">
        <ele>617</ele>
        <time>2026-08-18T19:41:27.682Z</time>
      </trkpt>
      <trkpt lat="37.9651196" lon="-4.8097467">
        <ele>617</ele>
        <time>2026-08-18T19:41:28.682Z</time>
      </trkpt>
      <trkpt lat="37.9651241" lon="-4.8097352">
        <ele>617</ele>
        <time>2026-08-18T19:41:29.682Z</time>
      </trkpt>
      <trkpt lat="37.96513" lon="-4.8097243">
        <ele>617</ele>
        <time>2026-08-18T19:41:30.682Z</time>
      </trkpt>
      <trkpt lat="37.965136" lon="-4.8097134">
        <ele>617</ele>
        <time>2026-08-18T19:41:31.682Z</time>
      </trkpt>
      <trkpt lat="37.9651432" lon="-4.8097027">
        <ele>617</ele>
        <time>2026-08-18T19:41:32.682Z</time>
      </trkpt>
      <trkpt lat="37.9651504" lon="-4.8096921">
        <ele>617</ele>
        <time>2026-08-18T19:41:33.682Z</time>
      </trkpt>
      <trkpt lat="37.9651585" lon="-4.8096799">
        <ele>617</ele>
        <time>2026-08-18T19:41:34.682Z</time>
      </trkpt>
      <trkpt lat="37.9651666" lon="-4.8096677">
        <ele>617</ele>
        <time>2026-08-18T19:41:35.682Z</time>
      </trkpt>
      <trkpt lat="37.9651741" lon="-4.8096548">
        <ele>617</ele>
        <time>2026-08-18T19:41:36.682Z</time>
      </trkpt>
      <trkpt lat="37.9651816" lon="-4.8096419">
        <ele>617</ele>
        <time>2026-08-18T19:41:37.682Z</time>
      </trkpt>
      <trkpt lat="37.9651892" lon="-4.8096279">
        <ele>617</ele>
        <time>2026-08-18T19:41:38.682Z</time>
      </trkpt>
      <trkpt lat="37.9651968" lon="-4.809614">
        <ele>617</ele>
        <time>2026-08-18T19:41:39.682Z</time>
      </trkpt>
      <trkpt lat="37.9652054" lon="-4.8095996">
        <ele>617</ele>
        <time>2026-08-18T19:41:40.682Z</time>
      </trkpt>
      <trkpt lat="37.965214" lon="-4.8095852">
        <ele>617</ele>
        <time>2026-08-18T19:41:41.682Z</time>
      </trkpt>
      <trkpt lat="37.9652228" lon="-4.8095714">
        <ele>617</ele>
        <time>2026-08-18T19:41:42.682Z</time>
      </trkpt>
      <trkpt lat="37.9652316" lon="-4.8095577">
        <ele>617</ele>
        <time>2026-08-18T19:41:43.682Z</time>
      </trkpt>
      <trkpt lat="37.9652396" lon="-4.8095464">
        <ele>617</ele>
        <time>2026-08-18T19:41:44.682Z</time>
      </trkpt>
      <trkpt lat="37.9652476" lon="-4.8095351">
        <ele>617</ele>
        <time>2026-08-18T19:41:45.682Z</time>
      </trkpt>
      <trkpt lat="37.9652558" lon="-4.8095239">
        <ele>617</ele>
        <time>2026-08-18T19:41:46.682Z</time>
      </trkpt>
      <trkpt lat="37.965264" lon="-4.8095127">
        <ele>617</ele>
        <time>2026-08-18T19:41:47.682Z</time>
      </trkpt>
      <trkpt lat="37.9652715" lon="-4.8095004">
        <ele>617</ele>
        <time>2026-08-18T19:41:48.682Z</time>
      </trkpt>
      <trkpt lat="37.965279" lon="-4.8094881">
        <ele>617</ele>
        <time>2026-08-18T19:41:49.682Z</time>
      </trkpt>
      <trkpt lat="37.9652856" lon="-4.8094757">
        <ele>617</ele>
        <time>2026-08-18T19:41:50.682Z</time>
      </trkpt>
      <trkpt lat="37.9652923" lon="-4.8094633">
        <ele>617</ele>
        <time>2026-08-18T19:41:51.682Z</time>
      </trkpt>
      <trkpt lat="37.9652995" lon="-4.8094508">
        <ele>617</ele>
        <time>2026-08-18T19:41:52.682Z</time>
      </trkpt>
      <trkpt lat="37.9653067" lon="-4.8094384">
        <ele>617</ele>
        <time>2026-08-18T19:41:53.682Z</time>
      </trkpt>
      <trkpt lat="37.9653149" lon="-4.8094249">
        <ele>617</ele>
        <time>2026-08-18T19:41:54.682Z</time>
      </trkpt>
      <trkpt lat="37.9653231" lon="-4.8094115">
        <ele>618</ele>
        <time>2026-08-18T19:41:55.682Z</time>
      </trkpt>
      <trkpt lat="37.9653299" lon="-4.8093966">
        <ele>618</ele>
        <time>2026-08-18T19:41:56.682Z</time>
      </trkpt>
      <trkpt lat="37.9653367" lon="-4.8093817">
        <ele>618</ele>
        <time>2026-08-18T19:41:57.682Z</time>
      </trkpt>
      <trkpt lat="37.9653427" lon="-4.8093669">
        <ele>618</ele>
        <time>2026-08-18T19:41:58.682Z</time>
      </trkpt>
      <trkpt lat="37.9653487" lon="-4.8093521">
        <ele>618</ele>
        <time>2026-08-18T19:41:59.682Z</time>
      </trkpt>
      <trkpt lat="37.9653542" lon="-4.8093384">
        <ele>618</ele>
        <time>2026-08-18T19:42:00.682Z</time>
      </trkpt>
      <trkpt lat="37.9653597" lon="-4.8093248">
        <ele>618</ele>
        <time>2026-08-18T19:42:01.682Z</time>
      </trkpt>
      <trkpt lat="37.9653654" lon="-4.8093128">
        <ele>618</ele>
        <time>2026-08-18T19:42:02.682Z</time>
      </trkpt>
      <trkpt lat="37.9653711" lon="-4.8093008">
        <ele>618</ele>
        <time>2026-08-18T19:42:03.682Z</time>
      </trkpt>
      <trkpt lat="37.9653772" lon="-4.8092889">
        <ele>618</ele>
        <time>2026-08-18T19:42:04.682Z</time>
      </trkpt>
      <trkpt lat="37.9653834" lon="-4.809277">
        <ele>618</ele>
        <time>2026-08-18T19:42:05.682Z</time>
      </trkpt>
      <trkpt lat="37.9653902" lon="-4.8092637">
        <ele>618</ele>
        <time>2026-08-18T19:42:06.682Z</time>
      </trkpt>
      <trkpt lat="37.965397" lon="-4.8092505">
        <ele>618</ele>
        <time>2026-08-18T19:42:07.682Z</time>
      </trkpt>
      <trkpt lat="37.9654042" lon="-4.8092365">
        <ele>618</ele>
        <time>2026-08-18T19:42:08.682Z</time>
      </trkpt>
      <trkpt lat="37.9654114" lon="-4.8092226">
        <ele>618</ele>
        <time>2026-08-18T19:42:09.682Z</time>
      </trkpt>
      <trkpt lat="37.9654183" lon="-4.8092089">
        <ele>618</ele>
        <time>2026-08-18T19:42:10.682Z</time>
      </trkpt>
      <trkpt lat="37.9654253" lon="-4.8091952">
        <ele>619</ele>
        <time>2026-08-18T19:42:11.682Z</time>
      </trkpt>
      <trkpt lat="37.9654321" lon="-4.8091817">
        <ele>619</ele>
        <time>2026-08-18T19:42:12.682Z</time>
      </trkpt>
      <trkpt lat="37.965439" lon="-4.8091683">
        <ele>619</ele>
        <time>2026-08-18T19:42:13.682Z</time>
      </trkpt>
      <trkpt lat="37.9654456" lon="-4.809155">
        <ele>619</ele>
        <time>2026-08-18T19:42:14.682Z</time>
      </trkpt>
      <trkpt lat="37.9654523" lon="-4.8091417">
        <ele>619</ele>
        <time>2026-08-18T19:42:15.682Z</time>
      </trkpt>
      <trkpt lat="37.9654575" lon="-4.8091301">
        <ele>619</ele>
        <time>2026-08-18T19:42:16.682Z</time>
      </trkpt>
      <trkpt lat="37.9654628" lon="-4.8091186">
        <ele>619</ele>
        <time>2026-08-18T19:42:17.682Z</time>
      </trkpt>
      <trkpt lat="37.9654685" lon="-4.809107">
        <ele>619</ele>
        <time>2026-08-18T19:42:18.682Z</time>
      </trkpt>
      <trkpt lat="37.9654743" lon="-4.8090955">
        <ele>619</ele>
        <time>2026-08-18T19:42:19.682Z</time>
      </trkpt>
      <trkpt lat="37.9654814" lon="-4.8090826">
        <ele>619</ele>
        <time>2026-08-18T19:42:20.682Z</time>
      </trkpt>
      <trkpt lat="37.9654885" lon="-4.8090697">
        <ele>619</ele>
        <time>2026-08-18T19:42:21.682Z</time>
      </trkpt>
      <trkpt lat="37.9654957" lon="-4.809056">
        <ele>619</ele>
        <time>2026-08-18T19:42:22.682Z</time>
      </trkpt>
      <trkpt lat="37.965503" lon="-4.8090424">
        <ele>619</ele>
        <time>2026-08-18T19:42:23.682Z</time>
      </trkpt>
      <trkpt lat="37.9655106" lon="-4.8090301">
        <ele>619</ele>
        <time>2026-08-18T19:42:24.682Z</time>
      </trkpt>
      <trkpt lat="37.9655183" lon="-4.8090179">
        <ele>619</ele>
        <time>2026-08-18T19:42:25.682Z</time>
      </trkpt>
      <trkpt lat="37.9655258" lon="-4.8090063">
        <ele>619</ele>
        <time>2026-08-18T19:42:26.682Z</time>
      </trkpt>
      <trkpt lat="37.9655333" lon="-4.8089948">
        <ele>619</ele>
        <time>2026-08-18T19:42:27.682Z</time>
      </trkpt>
      <trkpt lat="37.9655411" lon="-4.8089833">
        <ele>619</ele>
        <time>2026-08-18T19:42:28.682Z</time>
      </trkpt>
      <trkpt lat="37.9655489" lon="-4.8089718">
        <ele>619</ele>
        <time>2026-08-18T19:42:29.682Z</time>
      </trkpt>
      <trkpt lat="37.965553" lon="-4.8089653">
        <ele>619</ele>
        <time>2026-08-18T19:42:30.682Z</time>
      </trkpt>
      <trkpt lat="37.9655571" lon="-4.8089588">
        <ele>619</ele>
        <time>2026-08-18T19:42:31.682Z</time>
      </trkpt>
      <trkpt lat="37.9655612" lon="-4.8089523">
        <ele>619</ele>
        <time>2026-08-18T19:42:32.682Z</time>
      </trkpt>
      <trkpt lat="37.9655653" lon="-4.8089458">
        <ele>619</ele>
        <time>2026-08-18T19:42:33.682Z</time>
      </trkpt>
      <trkpt lat="37.9655737" lon="-4.8089326">
        <ele>619</ele>
        <time>2026-08-18T19:42:34.682Z</time>
      </trkpt>
      <trkpt lat="37.9655821" lon="-4.8089194">
        <ele>620</ele>
        <time>2026-08-18T19:42:35.682Z</time>
      </trkpt>
      <trkpt lat="37.9655908" lon="-4.808906">
        <ele>620</ele>
        <time>2026-08-18T19:42:36.682Z</time>
      </trkpt>
      <trkpt lat="37.9655995" lon="-4.8088927">
        <ele>620</ele>
        <time>2026-08-18T19:42:37.682Z</time>
      </trkpt>
      <trkpt lat="37.9656073" lon="-4.8088809">
        <ele>620</ele>
        <time>2026-08-18T19:42:38.682Z</time>
      </trkpt>
      <trkpt lat="37.9656151" lon="-4.8088692">
        <ele>620</ele>
        <time>2026-08-18T19:42:39.682Z</time>
      </trkpt>
      <trkpt lat="37.9656231" lon="-4.8088595">
        <ele>620</ele>
        <time>2026-08-18T19:42:40.682Z</time>
      </trkpt>
      <trkpt lat="37.9656311" lon="-4.8088499">
        <ele>620</ele>
        <time>2026-08-18T19:42:41.682Z</time>
      </trkpt>
      <trkpt lat="37.96564" lon="-4.8088404">
        <ele>620</ele>
        <time>2026-08-18T19:42:42.682Z</time>
      </trkpt>
      <trkpt lat="37.9656489" lon="-4.808831">
        <ele>620</ele>
        <time>2026-08-18T19:42:43.682Z</time>
      </trkpt>
      <trkpt lat="37.9656582" lon="-4.8088208">
        <ele>620</ele>
        <time>2026-08-18T19:42:44.682Z</time>
      </trkpt>
      <trkpt lat="37.9656675" lon="-4.8088106">
        <ele>620</ele>
        <time>2026-08-18T19:42:45.682Z</time>
      </trkpt>
      <trkpt lat="37.9656763" lon="-4.8088006">
        <ele>620</ele>
        <time>2026-08-18T19:42:46.682Z</time>
      </trkpt>
      <trkpt lat="37.9656851" lon="-4.8087906">
        <ele>620</ele>
        <time>2026-08-18T19:42:47.682Z</time>
      </trkpt>
      <trkpt lat="37.9656935" lon="-4.8087789">
        <ele>620</ele>
        <time>2026-08-18T19:42:48.682Z</time>
      </trkpt>
      <trkpt lat="37.965702" lon="-4.8087672">
        <ele>620</ele>
        <time>2026-08-18T19:42:49.682Z</time>
      </trkpt>
      <trkpt lat="37.9657099" lon="-4.8087549">
        <ele>620</ele>
        <time>2026-08-18T19:42:50.682Z</time>
      </trkpt>
      <trkpt lat="37.9657179" lon="-4.8087427">
        <ele>620</ele>
        <time>2026-08-18T19:42:51.682Z</time>
      </trkpt>
      <trkpt lat="37.9657258" lon="-4.8087306">
        <ele>620</ele>
        <time>2026-08-18T19:42:52.682Z</time>
      </trkpt>
      <trkpt lat="37.9657338" lon="-4.8087185">
        <ele>620</ele>
        <time>2026-08-18T19:42:53.682Z</time>
      </trkpt>
      <trkpt lat="37.9657421" lon="-4.8087073">
        <ele>620</ele>
        <time>2026-08-18T19:42:54.682Z</time>
      </trkpt>
      <trkpt lat="37.9657504" lon="-4.8086962">
        <ele>620</ele>
        <time>2026-08-18T19:42:55.682Z</time>
      </trkpt>
      <trkpt lat="37.9657588" lon="-4.8086858">
        <ele>620</ele>
        <time>2026-08-18T19:42:56.682Z</time>
      </trkpt>
      <trkpt lat="37.9657672" lon="-4.8086755">
        <ele>620</ele>
        <time>2026-08-18T19:42:57.682Z</time>
      </trkpt>
      <trkpt lat="37.9657754" lon="-4.808665">
        <ele>620</ele>
        <time>2026-08-18T19:42:58.682Z</time>
      </trkpt>
      <trkpt lat="37.9657836" lon="-4.8086546">
        <ele>621</ele>
        <time>2026-08-18T19:42:59.682Z</time>
      </trkpt>
      <trkpt lat="37.9657921" lon="-4.8086432">
        <ele>621</ele>
        <time>2026-08-18T19:43:00.682Z</time>
      </trkpt>
      <trkpt lat="37.9658007" lon="-4.8086319">
        <ele>621</ele>
        <time>2026-08-18T19:43:01.682Z</time>
      </trkpt>
      <trkpt lat="37.9658094" lon="-4.8086205">
        <ele>621</ele>
        <time>2026-08-18T19:43:02.682Z</time>
      </trkpt>
      <trkpt lat="37.9658182" lon="-4.8086091">
        <ele>621</ele>
        <time>2026-08-18T19:43:03.682Z</time>
      </trkpt>
      <trkpt lat="37.9658275" lon="-4.8085981">
        <ele>621</ele>
        <time>2026-08-18T19:43:04.682Z</time>
      </trkpt>
      <trkpt lat="37.9658368" lon="-4.8085872">
        <ele>621</ele>
        <time>2026-08-18T19:43:05.682Z</time>
      </trkpt>
      <trkpt lat="37.9658463" lon="-4.8085762">
        <ele>621</ele>
        <time>2026-08-18T19:43:06.682Z</time>
      </trkpt>
      <trkpt lat="37.9658558" lon="-4.8085652">
        <ele>621</ele>
        <time>2026-08-18T19:43:07.682Z</time>
      </trkpt>
      <trkpt lat="37.9658664" lon="-4.8085547">
        <ele>621</ele>
        <time>2026-08-18T19:43:08.682Z</time>
      </trkpt>
      <trkpt lat="37.965877" lon="-4.8085442">
        <ele>621</ele>
        <time>2026-08-18T19:43:09.682Z</time>
      </trkpt>
      <trkpt lat="37.9658879" lon="-4.8085356">
        <ele>621</ele>
        <time>2026-08-18T19:43:10.682Z</time>
      </trkpt>
      <trkpt lat="37.9658989" lon="-4.8085271">
        <ele>621</ele>
        <time>2026-08-18T19:43:11.682Z</time>
      </trkpt>
      <trkpt lat="37.965908" lon="-4.808519">
        <ele>621</ele>
        <time>2026-08-18T19:43:12.682Z</time>
      </trkpt>
      <trkpt lat="37.9659172" lon="-4.808511">
        <ele>621</ele>
        <time>2026-08-18T19:43:13.682Z</time>
      </trkpt>
      <trkpt lat="37.9659259" lon="-4.8085041">
        <ele>621</ele>
        <time>2026-08-18T19:43:14.682Z</time>
      </trkpt>
      <trkpt lat="37.9659347" lon="-4.8084972">
        <ele>622</ele>
        <time>2026-08-18T19:43:15.682Z</time>
      </trkpt>
      <trkpt lat="37.9659436" lon="-4.8084907">
        <ele>622</ele>
        <time>2026-08-18T19:43:16.682Z</time>
      </trkpt>
      <trkpt lat="37.9659526" lon="-4.8084843">
        <ele>622</ele>
        <time>2026-08-18T19:43:17.682Z</time>
      </trkpt>
      <trkpt lat="37.9659621" lon="-4.8084771">
        <ele>622</ele>
        <time>2026-08-18T19:43:18.682Z</time>
      </trkpt>
      <trkpt lat="37.9659717" lon="-4.80847">
        <ele>622</ele>
        <time>2026-08-18T19:43:19.682Z</time>
      </trkpt>
      <trkpt lat="37.9659823" lon="-4.8084613">
        <ele>622</ele>
        <time>2026-08-18T19:43:20.682Z</time>
      </trkpt>
      <trkpt lat="37.9659929" lon="-4.8084526">
        <ele>622</ele>
        <time>2026-08-18T19:43:21.682Z</time>
      </trkpt>
      <trkpt lat="37.966003" lon="-4.8084421">
        <ele>622</ele>
        <time>2026-08-18T19:43:22.682Z</time>
      </trkpt>
      <trkpt lat="37.9660131" lon="-4.8084316">
        <ele>623</ele>
        <time>2026-08-18T19:43:23.682Z</time>
      </trkpt>
      <trkpt lat="37.9660237" lon="-4.808422">
        <ele>623</ele>
        <time>2026-08-18T19:43:24.682Z</time>
      </trkpt>
      <trkpt lat="37.9660343" lon="-4.8084125">
        <ele>623</ele>
        <time>2026-08-18T19:43:25.682Z</time>
      </trkpt>
      <trkpt lat="37.9660452" lon="-4.808405">
        <ele>623</ele>
        <time>2026-08-18T19:43:26.682Z</time>
      </trkpt>
      <trkpt lat="37.9660561" lon="-4.8083976">
        <ele>623</ele>
        <time>2026-08-18T19:43:27.682Z</time>
      </trkpt>
      <trkpt lat="37.9660662" lon="-4.8083903">
        <ele>623</ele>
        <time>2026-08-18T19:43:28.682Z</time>
      </trkpt>
      <trkpt lat="37.9660763" lon="-4.808383">
        <ele>623</ele>
        <time>2026-08-18T19:43:29.682Z</time>
      </trkpt>
      <trkpt lat="37.9660855" lon="-4.8083754">
        <ele>623</ele>
        <time>2026-08-18T19:43:30.682Z</time>
      </trkpt>
      <trkpt lat="37.9660948" lon="-4.8083679">
        <ele>623</ele>
        <time>2026-08-18T19:43:31.682Z</time>
      </trkpt>
      <trkpt lat="37.9661031" lon="-4.8083598">
        <ele>623</ele>
        <time>2026-08-18T19:43:32.682Z</time>
      </trkpt>
      <trkpt lat="37.9661114" lon="-4.8083517">
        <ele>623</ele>
        <time>2026-08-18T19:43:33.682Z</time>
      </trkpt>
      <trkpt lat="37.9661197" lon="-4.8083426">
        <ele>623</ele>
        <time>2026-08-18T19:43:34.682Z</time>
      </trkpt>
      <trkpt lat="37.9661281" lon="-4.8083335">
        <ele>624</ele>
        <time>2026-08-18T19:43:35.682Z</time>
      </trkpt>
      <trkpt lat="37.9661376" lon="-4.8083257">
        <ele>624</ele>
        <time>2026-08-18T19:43:36.682Z</time>
      </trkpt>
      <trkpt lat="37.9661472" lon="-4.8083179">
        <ele>624</ele>
        <time>2026-08-18T19:43:37.682Z</time>
      </trkpt>
      <trkpt lat="37.9661581" lon="-4.8083117">
        <ele>624</ele>
        <time>2026-08-18T19:43:38.682Z</time>
      </trkpt>
      <trkpt lat="37.9661691" lon="-4.8083055">
        <ele>624</ele>
        <time>2026-08-18T19:43:39.682Z</time>
      </trkpt>
      <trkpt lat="37.9661813" lon="-4.8082999">
        <ele>624</ele>
        <time>2026-08-18T19:43:40.682Z</time>
      </trkpt>
      <trkpt lat="37.9661935" lon="-4.8082943">
        <ele>624</ele>
        <time>2026-08-18T19:43:41.682Z</time>
      </trkpt>
      <trkpt lat="37.966206" lon="-4.8082877">
        <ele>624</ele>
        <time>2026-08-18T19:43:42.682Z</time>
      </trkpt>
      <trkpt lat="37.9662185" lon="-4.8082811">
        <ele>624</ele>
        <time>2026-08-18T19:43:43.682Z</time>
      </trkpt>
      <trkpt lat="37.9662299" lon="-4.8082724">
        <ele>624</ele>
        <time>2026-08-18T19:43:44.682Z</time>
      </trkpt>
      <trkpt lat="37.9662413" lon="-4.8082637">
        <ele>624</ele>
        <time>2026-08-18T19:43:45.682Z</time>
      </trkpt>
      <trkpt lat="37.9662521" lon="-4.8082544">
        <ele>624</ele>
        <time>2026-08-18T19:43:46.682Z</time>
      </trkpt>
      <trkpt lat="37.966263" lon="-4.8082451">
        <ele>624</ele>
        <time>2026-08-18T19:43:47.682Z</time>
      </trkpt>
      <trkpt lat="37.9662744" lon="-4.8082367">
        <ele>624</ele>
        <time>2026-08-18T19:43:48.682Z</time>
      </trkpt>
      <trkpt lat="37.9662858" lon="-4.8082284">
        <ele>624</ele>
        <time>2026-08-18T19:43:49.682Z</time>
      </trkpt>
      <trkpt lat="37.9662991" lon="-4.8082207">
        <ele>624</ele>
        <time>2026-08-18T19:43:50.682Z</time>
      </trkpt>
      <trkpt lat="37.9663124" lon="-4.8082131">
        <ele>625</ele>
        <time>2026-08-18T19:43:51.682Z</time>
      </trkpt>
      <trkpt lat="37.9663238" lon="-4.8082048">
        <ele>625</ele>
        <time>2026-08-18T19:43:52.682Z</time>
      </trkpt>
      <trkpt lat="37.9663352" lon="-4.8081966">
        <ele>625</ele>
        <time>2026-08-18T19:43:53.682Z</time>
      </trkpt>
      <trkpt lat="37.9663441" lon="-4.8081876">
        <ele>625</ele>
        <time>2026-08-18T19:43:54.682Z</time>
      </trkpt>
      <trkpt lat="37.966353" lon="-4.8081787">
        <ele>625</ele>
        <time>2026-08-18T19:43:55.682Z</time>
      </trkpt>
      <trkpt lat="37.9663615" lon="-4.8081705">
        <ele>625</ele>
        <time>2026-08-18T19:43:56.682Z</time>
      </trkpt>
      <trkpt lat="37.96637" lon="-4.8081624">
        <ele>625</ele>
        <time>2026-08-18T19:43:57.682Z</time>
      </trkpt>
      <trkpt lat="37.9663805" lon="-4.8081534">
        <ele>625</ele>
        <time>2026-08-18T19:43:58.682Z</time>
      </trkpt>
      <trkpt lat="37.966391" lon="-4.8081445">
        <ele>625</ele>
        <time>2026-08-18T19:43:59.682Z</time>
      </trkpt>
      <trkpt lat="37.9664029" lon="-4.8081346">
        <ele>625</ele>
        <time>2026-08-18T19:44:00.682Z</time>
      </trkpt>
      <trkpt lat="37.9664148" lon="-4.8081248">
        <ele>625</ele>
        <time>2026-08-18T19:44:01.682Z</time>
      </trkpt>
      <trkpt lat="37.9664265" lon="-4.8081141">
        <ele>625</ele>
        <time>2026-08-18T19:44:02.682Z</time>
      </trkpt>
      <trkpt lat="37.9664382" lon="-4.8081034">
        <ele>625</ele>
        <time>2026-08-18T19:44:03.682Z</time>
      </trkpt>
      <trkpt lat="37.9664491" lon="-4.8080928">
        <ele>625</ele>
        <time>2026-08-18T19:44:04.682Z</time>
      </trkpt>
      <trkpt lat="37.96646" lon="-4.8080822">
        <ele>625</ele>
        <time>2026-08-18T19:44:05.682Z</time>
      </trkpt>
      <trkpt lat="37.9664697" lon="-4.8080721">
        <ele>625</ele>
        <time>2026-08-18T19:44:06.682Z</time>
      </trkpt>
      <trkpt lat="37.9664794" lon="-4.8080621">
        <ele>625</ele>
        <time>2026-08-18T19:44:07.682Z</time>
      </trkpt>
      <trkpt lat="37.9664884" lon="-4.8080524">
        <ele>625</ele>
        <time>2026-08-18T19:44:08.682Z</time>
      </trkpt>
      <trkpt lat="37.9664975" lon="-4.8080427">
        <ele>625</ele>
        <time>2026-08-18T19:44:09.682Z</time>
      </trkpt>
      <trkpt lat="37.9665068" lon="-4.808033">
        <ele>625</ele>
        <time>2026-08-18T19:44:10.682Z</time>
      </trkpt>
      <trkpt lat="37.9665161" lon="-4.8080233">
        <ele>625</ele>
        <time>2026-08-18T19:44:11.682Z</time>
      </trkpt>
      <trkpt lat="37.9665263" lon="-4.8080132">
        <ele>625</ele>
        <time>2026-08-18T19:44:12.682Z</time>
      </trkpt>
      <trkpt lat="37.9665365" lon="-4.8080032">
        <ele>625</ele>
        <time>2026-08-18T19:44:13.682Z</time>
      </trkpt>
      <trkpt lat="37.9665463" lon="-4.807993">
        <ele>625</ele>
        <time>2026-08-18T19:44:14.682Z</time>
      </trkpt>
      <trkpt lat="37.9665561" lon="-4.8079828">
        <ele>625</ele>
        <time>2026-08-18T19:44:15.682Z</time>
      </trkpt>
      <trkpt lat="37.9665654" lon="-4.8079729">
        <ele>624</ele>
        <time>2026-08-18T19:44:16.682Z</time>
      </trkpt>
      <trkpt lat="37.9665748" lon="-4.8079631">
        <ele>624</ele>
        <time>2026-08-18T19:44:17.682Z</time>
      </trkpt>
      <trkpt lat="37.9665853" lon="-4.8079534">
        <ele>624</ele>
        <time>2026-08-18T19:44:18.682Z</time>
      </trkpt>
      <trkpt lat="37.9665959" lon="-4.8079438">
        <ele>624</ele>
        <time>2026-08-18T19:44:19.682Z</time>
      </trkpt>
      <trkpt lat="37.9666073" lon="-4.8079347">
        <ele>624</ele>
        <time>2026-08-18T19:44:20.682Z</time>
      </trkpt>
      <trkpt lat="37.9666188" lon="-4.8079256">
        <ele>624</ele>
        <time>2026-08-18T19:44:21.682Z</time>
      </trkpt>
      <trkpt lat="37.9666294" lon="-4.8079163">
        <ele>624</ele>
        <time>2026-08-18T19:44:22.682Z</time>
      </trkpt>
      <trkpt lat="37.96664" lon="-4.8079071">
        <ele>624</ele>
        <time>2026-08-18T19:44:23.682Z</time>
      </trkpt>
      <trkpt lat="37.9666499" lon="-4.807898">
        <ele>623</ele>
        <time>2026-08-18T19:44:24.682Z</time>
      </trkpt>
      <trkpt lat="37.9666598" lon="-4.807889">
        <ele>623</ele>
        <time>2026-08-18T19:44:25.682Z</time>
      </trkpt>
      <trkpt lat="37.9666693" lon="-4.8078807">
        <ele>623</ele>
        <time>2026-08-18T19:44:26.682Z</time>
      </trkpt>
      <trkpt lat="37.9666788" lon="-4.8078724">
        <ele>623</ele>
        <time>2026-08-18T19:44:27.682Z</time>
      </trkpt>
      <trkpt lat="37.9666893" lon="-4.8078655">
        <ele>623</ele>
        <time>2026-08-18T19:44:28.682Z</time>
      </trkpt>
      <trkpt lat="37.9666999" lon="-4.8078587">
        <ele>623</ele>
        <time>2026-08-18T19:44:29.682Z</time>
      </trkpt>
      <trkpt lat="37.9667105" lon="-4.8078531">
        <ele>623</ele>
        <time>2026-08-18T19:44:30.682Z</time>
      </trkpt>
      <trkpt lat="37.9667212" lon="-4.8078475">
        <ele>623</ele>
        <time>2026-08-18T19:44:31.682Z</time>
      </trkpt>
      <trkpt lat="37.9667312" lon="-4.8078404">
        <ele>622</ele>
        <time>2026-08-18T19:44:32.682Z</time>
      </trkpt>
      <trkpt lat="37.9667412" lon="-4.8078334">
        <ele>622</ele>
        <time>2026-08-18T19:44:33.682Z</time>
      </trkpt>
      <trkpt lat="37.9667505" lon="-4.8078264">
        <ele>622</ele>
        <time>2026-08-18T19:44:34.682Z</time>
      </trkpt>
      <trkpt lat="37.9667599" lon="-4.8078194">
        <ele>622</ele>
        <time>2026-08-18T19:44:35.682Z</time>
      </trkpt>
      <trkpt lat="37.9667694" lon="-4.8078115">
        <ele>621</ele>
        <time>2026-08-18T19:44:36.682Z</time>
      </trkpt>
      <trkpt lat="37.966779" lon="-4.8078036">
        <ele>621</ele>
        <time>2026-08-18T19:44:37.682Z</time>
      </trkpt>
      <trkpt lat="37.9667901" lon="-4.8077944">
        <ele>621</ele>
        <time>2026-08-18T19:44:38.682Z</time>
      </trkpt>
      <trkpt lat="37.9668013" lon="-4.8077853">
        <ele>621</ele>
        <time>2026-08-18T19:44:39.682Z</time>
      </trkpt>
      <trkpt lat="37.9668142" lon="-4.8077759">
        <ele>621</ele>
        <time>2026-08-18T19:44:40.682Z</time>
      </trkpt>
      <trkpt lat="37.9668271" lon="-4.8077665">
        <ele>621</ele>
        <time>2026-08-18T19:44:41.682Z</time>
      </trkpt>
      <trkpt lat="37.9668393" lon="-4.8077569">
        <ele>621</ele>
        <time>2026-08-18T19:44:42.682Z</time>
      </trkpt>
      <trkpt lat="37.9668515" lon="-4.8077473">
        <ele>621</ele>
        <time>2026-08-18T19:44:43.682Z</time>
      </trkpt>
      <trkpt lat="37.9668622" lon="-4.8077385">
        <ele>620</ele>
        <time>2026-08-18T19:44:44.682Z</time>
      </trkpt>
      <trkpt lat="37.966873" lon="-4.8077297">
        <ele>620</ele>
        <time>2026-08-18T19:44:45.682Z</time>
      </trkpt>
      <trkpt lat="37.9668833" lon="-4.8077223">
        <ele>620</ele>
        <time>2026-08-18T19:44:46.682Z</time>
      </trkpt>
      <trkpt lat="37.9668937" lon="-4.807715">
        <ele>620</ele>
        <time>2026-08-18T19:44:47.682Z</time>
      </trkpt>
      <trkpt lat="37.9669054" lon="-4.8077087">
        <ele>620</ele>
        <time>2026-08-18T19:44:48.682Z</time>
      </trkpt>
      <trkpt lat="37.9669171" lon="-4.8077025">
        <ele>620</ele>
        <time>2026-08-18T19:44:49.682Z</time>
      </trkpt>
      <trkpt lat="37.9669281" lon="-4.8076956">
        <ele>620</ele>
        <time>2026-08-18T19:44:50.682Z</time>
      </trkpt>
      <trkpt lat="37.9669392" lon="-4.8076887">
        <ele>620</ele>
        <time>2026-08-18T19:44:51.682Z</time>
      </trkpt>
      <trkpt lat="37.9669506" lon="-4.8076812">
        <ele>619</ele>
        <time>2026-08-18T19:44:52.682Z</time>
      </trkpt>
      <trkpt lat="37.966962" lon="-4.8076738">
        <ele>619</ele>
        <time>2026-08-18T19:44:53.682Z</time>
      </trkpt>
      <trkpt lat="37.9669743" lon="-4.8076657">
        <ele>619</ele>
        <time>2026-08-18T19:44:54.682Z</time>
      </trkpt>
      <trkpt lat="37.9669866" lon="-4.8076576">
        <ele>619</ele>
        <time>2026-08-18T19:44:55.682Z</time>
      </trkpt>
      <trkpt lat="37.9669999" lon="-4.8076474">
        <ele>619</ele>
        <time>2026-08-18T19:44:56.682Z</time>
      </trkpt>
      <trkpt lat="37.9670133" lon="-4.8076373">
        <ele>619</ele>
        <time>2026-08-18T19:44:57.682Z</time>
      </trkpt>
      <trkpt lat="37.9670254" lon="-4.8076263">
        <ele>619</ele>
        <time>2026-08-18T19:44:58.682Z</time>
      </trkpt>
      <trkpt lat="37.9670376" lon="-4.8076154">
        <ele>619</ele>
        <time>2026-08-18T19:44:59.682Z</time>
      </trkpt>
      <trkpt lat="37.9670494" lon="-4.8076059">
        <ele>619</ele>
        <time>2026-08-18T19:45:00.682Z</time>
      </trkpt>
      <trkpt lat="37.9670613" lon="-4.8075965">
        <ele>619</ele>
        <time>2026-08-18T19:45:01.682Z</time>
      </trkpt>
      <trkpt lat="37.9670736" lon="-4.8075885">
        <ele>619</ele>
        <time>2026-08-18T19:45:02.682Z</time>
      </trkpt>
      <trkpt lat="37.9670859" lon="-4.8075805">
        <ele>619</ele>
        <time>2026-08-18T19:45:03.682Z</time>
      </trkpt>
      <trkpt lat="37.9670983" lon="-4.8075725">
        <ele>618</ele>
        <time>2026-08-18T19:45:04.682Z</time>
      </trkpt>
      <trkpt lat="37.9671108" lon="-4.8075645">
        <ele>618</ele>
        <time>2026-08-18T19:45:05.682Z</time>
      </trkpt>
      <trkpt lat="37.967123" lon="-4.8075582">
        <ele>618</ele>
        <time>2026-08-18T19:45:06.682Z</time>
      </trkpt>
      <trkpt lat="37.9671352" lon="-4.8075519">
        <ele>618</ele>
        <time>2026-08-18T19:45:07.682Z</time>
      </trkpt>
      <trkpt lat="37.9671478" lon="-4.8075478">
        <ele>618</ele>
        <time>2026-08-18T19:45:08.682Z</time>
      </trkpt>
      <trkpt lat="37.9671604" lon="-4.8075438">
        <ele>618</ele>
        <time>2026-08-18T19:45:09.682Z</time>
      </trkpt>
      <trkpt lat="37.9671728" lon="-4.8075414">
        <ele>618</ele>
        <time>2026-08-18T19:45:10.682Z</time>
      </trkpt>
      <trkpt lat="37.9671852" lon="-4.8075391">
        <ele>618</ele>
        <time>2026-08-18T19:45:11.682Z</time>
      </trkpt>
      <trkpt lat="37.9671972" lon="-4.8075366">
        <ele>618</ele>
        <time>2026-08-18T19:45:12.682Z</time>
      </trkpt>
      <trkpt lat="37.9672092" lon="-4.8075342">
        <ele>618</ele>
        <time>2026-08-18T19:45:13.682Z</time>
      </trkpt>
      <trkpt lat="37.9672204" lon="-4.8075296">
        <ele>618</ele>
        <time>2026-08-18T19:45:14.682Z</time>
      </trkpt>
      <trkpt lat="37.9672317" lon="-4.8075251">
        <ele>618</ele>
        <time>2026-08-18T19:45:15.682Z</time>
      </trkpt>
      <trkpt lat="37.9672419" lon="-4.807515">
        <ele>618</ele>
        <time>2026-08-18T19:45:16.682Z</time>
      </trkpt>
      <trkpt lat="37.9672522" lon="-4.8075049">
        <ele>618</ele>
        <time>2026-08-18T19:45:17.682Z</time>
      </trkpt>
      <trkpt lat="37.967261" lon="-4.8074924">
        <ele>618</ele>
        <time>2026-08-18T19:45:18.682Z</time>
      </trkpt>
      <trkpt lat="37.9672699" lon="-4.80748">
        <ele>618</ele>
        <time>2026-08-18T19:45:19.682Z</time>
      </trkpt>
      <trkpt lat="37.9672791" lon="-4.8074692">
        <ele>618</ele>
        <time>2026-08-18T19:45:20.682Z</time>
      </trkpt>
      <trkpt lat="37.9672884" lon="-4.8074584">
        <ele>618</ele>
        <time>2026-08-18T19:45:21.682Z</time>
      </trkpt>
      <trkpt lat="37.9672988" lon="-4.8074491">
        <ele>618</ele>
        <time>2026-08-18T19:45:22.682Z</time>
      </trkpt>
      <trkpt lat="37.9673093" lon="-4.8074398">
        <ele>618</ele>
        <time>2026-08-18T19:45:23.682Z</time>
      </trkpt>
      <trkpt lat="37.9673219" lon="-4.8074307">
        <ele>618</ele>
        <time>2026-08-18T19:45:24.682Z</time>
      </trkpt>
      <trkpt lat="37.9673345" lon="-4.8074217">
        <ele>618</ele>
        <time>2026-08-18T19:45:25.682Z</time>
      </trkpt>
      <trkpt lat="37.967347" lon="-4.8074128">
        <ele>618</ele>
        <time>2026-08-18T19:45:26.682Z</time>
      </trkpt>
      <trkpt lat="37.9673595" lon="-4.8074039">
        <ele>618</ele>
        <time>2026-08-18T19:45:27.682Z</time>
      </trkpt>
      <trkpt lat="37.967371" lon="-4.8073955">
        <ele>618</ele>
        <time>2026-08-18T19:45:28.682Z</time>
      </trkpt>
      <trkpt lat="37.9673826" lon="-4.8073872">
        <ele>618</ele>
        <time>2026-08-18T19:45:29.682Z</time>
      </trkpt>
      <trkpt lat="37.9673936" lon="-4.807378">
        <ele>618</ele>
        <time>2026-08-18T19:45:30.682Z</time>
      </trkpt>
      <trkpt lat="37.9674046" lon="-4.8073688">
        <ele>618</ele>
        <time>2026-08-18T19:45:31.682Z</time>
      </trkpt>
      <trkpt lat="37.9674151" lon="-4.8073609">
        <ele>618</ele>
        <time>2026-08-18T19:45:32.682Z</time>
      </trkpt>
      <trkpt lat="37.9674256" lon="-4.8073531">
        <ele>618</ele>
        <time>2026-08-18T19:45:33.682Z</time>
      </trkpt>
      <trkpt lat="37.9674358" lon="-4.8073462">
        <ele>618</ele>
        <time>2026-08-18T19:45:34.682Z</time>
      </trkpt>
      <trkpt lat="37.967446" lon="-4.8073394">
        <ele>619</ele>
        <time>2026-08-18T19:45:35.682Z</time>
      </trkpt>
      <trkpt lat="37.9674569" lon="-4.8073315">
        <ele>619</ele>
        <time>2026-08-18T19:45:36.682Z</time>
      </trkpt>
      <trkpt lat="37.9674679" lon="-4.8073237">
        <ele>619</ele>
        <time>2026-08-18T19:45:37.682Z</time>
      </trkpt>
      <trkpt lat="37.9674794" lon="-4.8073153">
        <ele>619</ele>
        <time>2026-08-18T19:45:38.682Z</time>
      </trkpt>
      <trkpt lat="37.967491" lon="-4.8073069">
        <ele>619</ele>
        <time>2026-08-18T19:45:39.682Z</time>
      </trkpt>
      <trkpt lat="37.9675026" lon="-4.8072986">
        <ele>619</ele>
        <time>2026-08-18T19:45:40.682Z</time>
      </trkpt>
      <trkpt lat="37.9675142" lon="-4.8072904">
        <ele>619</ele>
        <time>2026-08-18T19:45:41.682Z</time>
      </trkpt>
      <trkpt lat="37.9675256" lon="-4.8072818">
        <ele>619</ele>
        <time>2026-08-18T19:45:42.682Z</time>
      </trkpt>
      <trkpt lat="37.9675371" lon="-4.8072733">
        <ele>619</ele>
        <time>2026-08-18T19:45:43.682Z</time>
      </trkpt>
      <trkpt lat="37.9675494" lon="-4.8072638">
        <ele>619</ele>
        <time>2026-08-18T19:45:44.682Z</time>
      </trkpt>
      <trkpt lat="37.9675617" lon="-4.8072543">
        <ele>619</ele>
        <time>2026-08-18T19:45:45.682Z</time>
      </trkpt>
      <trkpt lat="37.9675747" lon="-4.807245">
        <ele>619</ele>
        <time>2026-08-18T19:45:46.682Z</time>
      </trkpt>
      <trkpt lat="37.9675878" lon="-4.8072357">
        <ele>619</ele>
        <time>2026-08-18T19:45:47.682Z</time>
      </trkpt>
      <trkpt lat="37.9676008" lon="-4.8072269">
        <ele>619</ele>
        <time>2026-08-18T19:45:48.682Z</time>
      </trkpt>
      <trkpt lat="37.9676138" lon="-4.8072181">
        <ele>619</ele>
        <time>2026-08-18T19:45:49.682Z</time>
      </trkpt>
      <trkpt lat="37.9676266" lon="-4.8072095">
        <ele>619</ele>
        <time>2026-08-18T19:45:50.682Z</time>
      </trkpt>
      <trkpt lat="37.9676395" lon="-4.8072009">
        <ele>619</ele>
        <time>2026-08-18T19:45:51.682Z</time>
      </trkpt>
      <trkpt lat="37.967651" lon="-4.8071902">
        <ele>619</ele>
        <time>2026-08-18T19:45:52.682Z</time>
      </trkpt>
      <trkpt lat="37.9676626" lon="-4.8071796">
        <ele>619</ele>
        <time>2026-08-18T19:45:53.682Z</time>
      </trkpt>
      <trkpt lat="37.9676727" lon="-4.8071696">
        <ele>619</ele>
        <time>2026-08-18T19:45:54.682Z</time>
      </trkpt>
      <trkpt lat="37.9676829" lon="-4.8071596">
        <ele>620</ele>
        <time>2026-08-18T19:45:55.682Z</time>
      </trkpt>
      <trkpt lat="37.9676922" lon="-4.8071509">
        <ele>620</ele>
        <time>2026-08-18T19:45:56.682Z</time>
      </trkpt>
      <trkpt lat="37.9677015" lon="-4.8071422">
        <ele>620</ele>
        <time>2026-08-18T19:45:57.682Z</time>
      </trkpt>
      <trkpt lat="37.9677105" lon="-4.8071342">
        <ele>620</ele>
        <time>2026-08-18T19:45:58.682Z</time>
      </trkpt>
      <trkpt lat="37.9677196" lon="-4.8071262">
        <ele>620</ele>
        <time>2026-08-18T19:45:59.682Z</time>
      </trkpt>
      <trkpt lat="37.9677274" lon="-4.8071197">
        <ele>620</ele>
        <time>2026-08-18T19:46:00.682Z</time>
      </trkpt>
      <trkpt lat="37.9677353" lon="-4.8071133">
        <ele>620</ele>
        <time>2026-08-18T19:46:01.682Z</time>
      </trkpt>
      <trkpt lat="37.9677442" lon="-4.8071077">
        <ele>620</ele>
        <time>2026-08-18T19:46:02.682Z</time>
      </trkpt>
      <trkpt lat="37.9677531" lon="-4.8071021">
        <ele>620</ele>
        <time>2026-08-18T19:46:03.682Z</time>
      </trkpt>
      <trkpt lat="37.9677643" lon="-4.8070945">
        <ele>620</ele>
        <time>2026-08-18T19:46:04.682Z</time>
      </trkpt>
      <trkpt lat="37.9677755" lon="-4.807087">
        <ele>620</ele>
        <time>2026-08-18T19:46:05.682Z</time>
      </trkpt>
      <trkpt lat="37.9677881" lon="-4.807078">
        <ele>620</ele>
        <time>2026-08-18T19:46:06.682Z</time>
      </trkpt>
      <trkpt lat="37.9678008" lon="-4.807069">
        <ele>620</ele>
        <time>2026-08-18T19:46:07.682Z</time>
      </trkpt>
      <trkpt lat="37.9678134" lon="-4.8070603">
        <ele>620</ele>
        <time>2026-08-18T19:46:08.682Z</time>
      </trkpt>
      <trkpt lat="37.9678261" lon="-4.8070516">
        <ele>620</ele>
        <time>2026-08-18T19:46:09.682Z</time>
      </trkpt>
      <trkpt lat="37.9678359" lon="-4.8070441">
        <ele>620</ele>
        <time>2026-08-18T19:46:10.682Z</time>
      </trkpt>
      <trkpt lat="37.9678458" lon="-4.8070367">
        <ele>620</ele>
        <time>2026-08-18T19:46:11.682Z</time>
      </trkpt>
      <trkpt lat="37.9678554" lon="-4.8070288">
        <ele>620</ele>
        <time>2026-08-18T19:46:12.682Z</time>
      </trkpt>
      <trkpt lat="37.9678651" lon="-4.8070209">
        <ele>620</ele>
        <time>2026-08-18T19:46:13.682Z</time>
      </trkpt>
      <trkpt lat="37.967876" lon="-4.8070123">
        <ele>620</ele>
        <time>2026-08-18T19:46:14.682Z</time>
      </trkpt>
      <trkpt lat="37.9678869" lon="-4.8070038">
        <ele>621</ele>
        <time>2026-08-18T19:46:15.682Z</time>
      </trkpt>
      <trkpt lat="37.9678984" lon="-4.8069946">
        <ele>621</ele>
        <time>2026-08-18T19:46:16.682Z</time>
      </trkpt>
      <trkpt lat="37.96791" lon="-4.8069855">
        <ele>621</ele>
        <time>2026-08-18T19:46:17.682Z</time>
      </trkpt>
      <trkpt lat="37.9679214" lon="-4.8069753">
        <ele>621</ele>
        <time>2026-08-18T19:46:18.682Z</time>
      </trkpt>
      <trkpt lat="37.9679329" lon="-4.8069651">
        <ele>621</ele>
        <time>2026-08-18T19:46:19.682Z</time>
      </trkpt>
      <trkpt lat="37.9679441" lon="-4.8069547">
        <ele>621</ele>
        <time>2026-08-18T19:46:20.682Z</time>
      </trkpt>
      <trkpt lat="37.9679553" lon="-4.8069444">
        <ele>621</ele>
        <time>2026-08-18T19:46:21.682Z</time>
      </trkpt>
      <trkpt lat="37.9679667" lon="-4.806935">
        <ele>621</ele>
        <time>2026-08-18T19:46:22.682Z</time>
      </trkpt>
      <trkpt lat="37.9679781" lon="-4.8069257">
        <ele>621</ele>
        <time>2026-08-18T19:46:23.682Z</time>
      </trkpt>
      <trkpt lat="37.9679902" lon="-4.8069185">
        <ele>621</ele>
        <time>2026-08-18T19:46:24.682Z</time>
      </trkpt>
      <trkpt lat="37.9680023" lon="-4.8069113">
        <ele>621</ele>
        <time>2026-08-18T19:46:25.682Z</time>
      </trkpt>
      <trkpt lat="37.9680146" lon="-4.8069041">
        <ele>621</ele>
        <time>2026-08-18T19:46:26.682Z</time>
      </trkpt>
      <trkpt lat="37.9680269" lon="-4.806897">
        <ele>621</ele>
        <time>2026-08-18T19:46:27.682Z</time>
      </trkpt>
      <trkpt lat="37.9680395" lon="-4.806889">
        <ele>621</ele>
        <time>2026-08-18T19:46:28.682Z</time>
      </trkpt>
      <trkpt lat="37.9680522" lon="-4.806881">
        <ele>621</ele>
        <time>2026-08-18T19:46:29.682Z</time>
      </trkpt>
      <trkpt lat="37.9680641" lon="-4.8068727">
        <ele>621</ele>
        <time>2026-08-18T19:46:30.682Z</time>
      </trkpt>
      <trkpt lat="37.968076" lon="-4.8068644">
        <ele>621</ele>
        <time>2026-08-18T19:46:31.682Z</time>
      </trkpt>
      <trkpt lat="37.9680872" lon="-4.8068567">
        <ele>621</ele>
        <time>2026-08-18T19:46:32.682Z</time>
      </trkpt>
      <trkpt lat="37.9680984" lon="-4.806849">
        <ele>621</ele>
        <time>2026-08-18T19:46:33.682Z</time>
      </trkpt>
      <trkpt lat="37.9681109" lon="-4.806843">
        <ele>621</ele>
        <time>2026-08-18T19:46:34.682Z</time>
      </trkpt>
      <trkpt lat="37.9681234" lon="-4.806837">
        <ele>621</ele>
        <time>2026-08-18T19:46:35.682Z</time>
      </trkpt>
      <trkpt lat="37.9681363" lon="-4.8068315">
        <ele>620</ele>
        <time>2026-08-18T19:46:36.682Z</time>
      </trkpt>
      <trkpt lat="37.9681492" lon="-4.806826">
        <ele>620</ele>
        <time>2026-08-18T19:46:37.682Z</time>
      </trkpt>
      <trkpt lat="37.9681621" lon="-4.8068196">
        <ele>620</ele>
        <time>2026-08-18T19:46:38.682Z</time>
      </trkpt>
      <trkpt lat="37.968175" lon="-4.8068132">
        <ele>620</ele>
        <time>2026-08-18T19:46:39.682Z</time>
      </trkpt>
      <trkpt lat="37.9681877" lon="-4.8068062">
        <ele>620</ele>
        <time>2026-08-18T19:46:40.682Z</time>
      </trkpt>
      <trkpt lat="37.9682005" lon="-4.8067993">
        <ele>620</ele>
        <time>2026-08-18T19:46:41.682Z</time>
      </trkpt>
      <trkpt lat="37.9682127" lon="-4.806793">
        <ele>620</ele>
        <time>2026-08-18T19:46:42.682Z</time>
      </trkpt>
      <trkpt lat="37.9682249" lon="-4.8067868">
        <ele>620</ele>
        <time>2026-08-18T19:46:43.682Z</time>
      </trkpt>
      <trkpt lat="37.9682368" lon="-4.8067805">
        <ele>619</ele>
        <time>2026-08-18T19:46:44.682Z</time>
      </trkpt>
      <trkpt lat="37.9682487" lon="-4.8067743">
        <ele>619</ele>
        <time>2026-08-18T19:46:45.682Z</time>
      </trkpt>
      <trkpt lat="37.9682607" lon="-4.8067693">
        <ele>619</ele>
        <time>2026-08-18T19:46:46.682Z</time>
      </trkpt>
      <trkpt lat="37.9682728" lon="-4.8067644">
        <ele>619</ele>
        <time>2026-08-18T19:46:47.682Z</time>
      </trkpt>
      <trkpt lat="37.9682848" lon="-4.8067609">
        <ele>619</ele>
        <time>2026-08-18T19:46:48.682Z</time>
      </trkpt>
      <trkpt lat="37.9682969" lon="-4.8067574">
        <ele>619</ele>
        <time>2026-08-18T19:46:49.682Z</time>
      </trkpt>
      <trkpt lat="37.9683093" lon="-4.8067543">
        <ele>619</ele>
        <time>2026-08-18T19:46:50.682Z</time>
      </trkpt>
      <trkpt lat="37.9683217" lon="-4.8067513">
        <ele>619</ele>
        <time>2026-08-18T19:46:51.682Z</time>
      </trkpt>
      <trkpt lat="37.9683346" lon="-4.8067487">
        <ele>619</ele>
        <time>2026-08-18T19:46:52.682Z</time>
      </trkpt>
      <trkpt lat="37.9683475" lon="-4.8067462">
        <ele>619</ele>
        <time>2026-08-18T19:46:53.682Z</time>
      </trkpt>
      <trkpt lat="37.9683597" lon="-4.8067438">
        <ele>619</ele>
        <time>2026-08-18T19:46:54.682Z</time>
      </trkpt>
      <trkpt lat="37.968372" lon="-4.8067415">
        <ele>619</ele>
        <time>2026-08-18T19:46:55.682Z</time>
      </trkpt>
      <trkpt lat="37.9683846" lon="-4.806738">
        <ele>618</ele>
        <time>2026-08-18T19:46:56.682Z</time>
      </trkpt>
      <trkpt lat="37.9683972" lon="-4.8067346">
        <ele>618</ele>
        <time>2026-08-18T19:46:57.682Z</time>
      </trkpt>
      <trkpt lat="37.9684108" lon="-4.8067313">
        <ele>618</ele>
        <time>2026-08-18T19:46:58.682Z</time>
      </trkpt>
      <trkpt lat="37.9684244" lon="-4.8067281">
        <ele>618</ele>
        <time>2026-08-18T19:46:59.682Z</time>
      </trkpt>
      <trkpt lat="37.9684376" lon="-4.8067242">
        <ele>617</ele>
        <time>2026-08-18T19:47:00.682Z</time>
      </trkpt>
      <trkpt lat="37.9684509" lon="-4.8067203">
        <ele>617</ele>
        <time>2026-08-18T19:47:01.682Z</time>
      </trkpt>
      <trkpt lat="37.9684635" lon="-4.8067158">
        <ele>617</ele>
        <time>2026-08-18T19:47:02.682Z</time>
      </trkpt>
      <trkpt lat="37.9684761" lon="-4.8067113">
        <ele>617</ele>
        <time>2026-08-18T19:47:03.682Z</time>
      </trkpt>
      <trkpt lat="37.9684882" lon="-4.8067067">
        <ele>617</ele>
        <time>2026-08-18T19:47:04.682Z</time>
      </trkpt>
      <trkpt lat="37.9685003" lon="-4.8067022">
        <ele>617</ele>
        <time>2026-08-18T19:47:05.682Z</time>
      </trkpt>
      <trkpt lat="37.9685122" lon="-4.8066985">
        <ele>617</ele>
        <time>2026-08-18T19:47:06.682Z</time>
      </trkpt>
      <trkpt lat="37.9685242" lon="-4.8066948">
        <ele>617</ele>
        <time>2026-08-18T19:47:07.682Z</time>
      </trkpt>
      <trkpt lat="37.9685362" lon="-4.8066899">
        <ele>617</ele>
        <time>2026-08-18T19:47:08.682Z</time>
      </trkpt>
      <trkpt lat="37.9685483" lon="-4.8066851">
        <ele>617</ele>
        <time>2026-08-18T19:47:09.682Z</time>
      </trkpt>
      <trkpt lat="37.9685606" lon="-4.8066803">
        <ele>617</ele>
        <time>2026-08-18T19:47:10.682Z</time>
      </trkpt>
      <trkpt lat="37.9685729" lon="-4.8066756">
        <ele>617</ele>
        <time>2026-08-18T19:47:11.682Z</time>
      </trkpt>
      <trkpt lat="37.9685854" lon="-4.8066719">
        <ele>617</ele>
        <time>2026-08-18T19:47:12.682Z</time>
      </trkpt>
      <trkpt lat="37.9685979" lon="-4.8066683">
        <ele>617</ele>
        <time>2026-08-18T19:47:13.682Z</time>
      </trkpt>
      <trkpt lat="37.9686094" lon="-4.8066652">
        <ele>617</ele>
        <time>2026-08-18T19:47:14.682Z</time>
      </trkpt>
      <trkpt lat="37.968621" lon="-4.8066621">
        <ele>617</ele>
        <time>2026-08-18T19:47:15.682Z</time>
      </trkpt>
      <trkpt lat="37.9686317" lon="-4.8066584">
        <ele>617</ele>
        <time>2026-08-18T19:47:16.682Z</time>
      </trkpt>
      <trkpt lat="37.9686424" lon="-4.8066547">
        <ele>617</ele>
        <time>2026-08-18T19:47:17.682Z</time>
      </trkpt>
      <trkpt lat="37.9686531" lon="-4.8066499">
        <ele>617</ele>
        <time>2026-08-18T19:47:18.682Z</time>
      </trkpt>
      <trkpt lat="37.9686639" lon="-4.8066451">
        <ele>618</ele>
        <time>2026-08-18T19:47:19.682Z</time>
      </trkpt>
      <trkpt lat="37.968675" lon="-4.806639">
        <ele>618</ele>
        <time>2026-08-18T19:47:20.682Z</time>
      </trkpt>
      <trkpt lat="37.9686861" lon="-4.806633">
        <ele>618</ele>
        <time>2026-08-18T19:47:21.682Z</time>
      </trkpt>
      <trkpt lat="37.9686968" lon="-4.8066258">
        <ele>618</ele>
        <time>2026-08-18T19:47:22.682Z</time>
      </trkpt>
      <trkpt lat="37.9687076" lon="-4.8066186">
        <ele>618</ele>
        <time>2026-08-18T19:47:23.682Z</time>
      </trkpt>
      <trkpt lat="37.9687173" lon="-4.8066102">
        <ele>617</ele>
        <time>2026-08-18T19:47:24.682Z</time>
      </trkpt>
      <trkpt lat="37.968727" lon="-4.8066018">
        <ele>617</ele>
        <time>2026-08-18T19:47:25.682Z</time>
      </trkpt>
      <trkpt lat="37.9687361" lon="-4.8065932">
        <ele>617</ele>
        <time>2026-08-18T19:47:26.682Z</time>
      </trkpt>
      <trkpt lat="37.9687453" lon="-4.8065847">
        <ele>617</ele>
        <time>2026-08-18T19:47:27.682Z</time>
      </trkpt>
      <trkpt lat="37.9687546" lon="-4.8065759">
        <ele>617</ele>
        <time>2026-08-18T19:47:28.682Z</time>
      </trkpt>
      <trkpt lat="37.968764" lon="-4.8065672">
        <ele>617</ele>
        <time>2026-08-18T19:47:29.682Z</time>
      </trkpt>
      <trkpt lat="37.968774" lon="-4.8065575">
        <ele>617</ele>
        <time>2026-08-18T19:47:30.682Z</time>
      </trkpt>
      <trkpt lat="37.968784" lon="-4.8065478">
        <ele>617</ele>
        <time>2026-08-18T19:47:31.682Z</time>
      </trkpt>
      <trkpt lat="37.9687941" lon="-4.8065367">
        <ele>617</ele>
        <time>2026-08-18T19:47:32.682Z</time>
      </trkpt>
      <trkpt lat="37.9688043" lon="-4.8065256">
        <ele>617</ele>
        <time>2026-08-18T19:47:33.682Z</time>
      </trkpt>
      <trkpt lat="37.9688148" lon="-4.8065139">
        <ele>617</ele>
        <time>2026-08-18T19:47:34.682Z</time>
      </trkpt>
      <trkpt lat="37.9688254" lon="-4.8065023">
        <ele>617</ele>
        <time>2026-08-18T19:47:35.682Z</time>
      </trkpt>
      <trkpt lat="37.9688368" lon="-4.8064902">
        <ele>617</ele>
        <time>2026-08-18T19:47:36.682Z</time>
      </trkpt>
      <trkpt lat="37.9688483" lon="-4.8064781">
        <ele>617</ele>
        <time>2026-08-18T19:47:37.682Z</time>
      </trkpt>
      <trkpt lat="37.9688591" lon="-4.8064666">
        <ele>617</ele>
        <time>2026-08-18T19:47:38.682Z</time>
      </trkpt>
      <trkpt lat="37.96887" lon="-4.8064552">
        <ele>617</ele>
        <time>2026-08-18T19:47:39.682Z</time>
      </trkpt>
      <trkpt lat="37.9688799" lon="-4.806443">
        <ele>617</ele>
        <time>2026-08-18T19:47:40.682Z</time>
      </trkpt>
      <trkpt lat="37.9688899" lon="-4.8064308">
        <ele>617</ele>
        <time>2026-08-18T19:47:41.682Z</time>
      </trkpt>
      <trkpt lat="37.9688995" lon="-4.8064186">
        <ele>617</ele>
        <time>2026-08-18T19:47:42.682Z</time>
      </trkpt>
      <trkpt lat="37.9689091" lon="-4.8064065">
        <ele>617</ele>
        <time>2026-08-18T19:47:43.682Z</time>
      </trkpt>
      <trkpt lat="37.9689193" lon="-4.806396">
        <ele>616</ele>
        <time>2026-08-18T19:47:44.682Z</time>
      </trkpt>
      <trkpt lat="37.9689296" lon="-4.8063856">
        <ele>616</ele>
        <time>2026-08-18T19:47:45.682Z</time>
      </trkpt>
      <trkpt lat="37.9689402" lon="-4.8063764">
        <ele>616</ele>
        <time>2026-08-18T19:47:46.682Z</time>
      </trkpt>
      <trkpt lat="37.9689509" lon="-4.8063672">
        <ele>616</ele>
        <time>2026-08-18T19:47:47.682Z</time>
      </trkpt>
      <trkpt lat="37.9689622" lon="-4.8063584">
        <ele>616</ele>
        <time>2026-08-18T19:47:48.682Z</time>
      </trkpt>
      <trkpt lat="37.9689736" lon="-4.8063497">
        <ele>616</ele>
        <time>2026-08-18T19:47:49.682Z</time>
      </trkpt>
      <trkpt lat="37.9689857" lon="-4.8063442">
        <ele>616</ele>
        <time>2026-08-18T19:47:50.682Z</time>
      </trkpt>
      <trkpt lat="37.9689978" lon="-4.8063388">
        <ele>616</ele>
        <time>2026-08-18T19:47:51.682Z</time>
      </trkpt>
      <trkpt lat="37.9690109" lon="-4.8063344">
        <ele>615</ele>
        <time>2026-08-18T19:47:52.682Z</time>
      </trkpt>
      <trkpt lat="37.9690241" lon="-4.80633">
        <ele>615</ele>
        <time>2026-08-18T19:47:53.682Z</time>
      </trkpt>
      <trkpt lat="37.9690376" lon="-4.8063262">
        <ele>615</ele>
        <time>2026-08-18T19:47:54.682Z</time>
      </trkpt>
      <trkpt lat="37.9690511" lon="-4.8063225">
        <ele>615</ele>
        <time>2026-08-18T19:47:55.682Z</time>
      </trkpt>
      <trkpt lat="37.9690646" lon="-4.8063156">
        <ele>615</ele>
        <time>2026-08-18T19:47:56.682Z</time>
      </trkpt>
      <trkpt lat="37.9690782" lon="-4.8063088">
        <ele>615</ele>
        <time>2026-08-18T19:47:57.682Z</time>
      </trkpt>
      <trkpt lat="37.9690916" lon="-4.8063003">
        <ele>615</ele>
        <time>2026-08-18T19:47:58.682Z</time>
      </trkpt>
      <trkpt lat="37.969105" lon="-4.8062918">
        <ele>615</ele>
        <time>2026-08-18T19:47:59.682Z</time>
      </trkpt>
      <trkpt lat="37.9691179" lon="-4.8062839">
        <ele>615</ele>
        <time>2026-08-18T19:48:00.682Z</time>
      </trkpt>
      <trkpt lat="37.9691309" lon="-4.8062761">
        <ele>615</ele>
        <time>2026-08-18T19:48:01.682Z</time>
      </trkpt>
      <trkpt lat="37.9691433" lon="-4.8062701">
        <ele>615</ele>
        <time>2026-08-18T19:48:02.682Z</time>
      </trkpt>
      <trkpt lat="37.9691557" lon="-4.8062642">
        <ele>615</ele>
        <time>2026-08-18T19:48:03.682Z</time>
      </trkpt>
      <trkpt lat="37.9691674" lon="-4.8062609">
        <ele>615</ele>
        <time>2026-08-18T19:48:04.682Z</time>
      </trkpt>
      <trkpt lat="37.9691791" lon="-4.8062577">
        <ele>615</ele>
        <time>2026-08-18T19:48:05.682Z</time>
      </trkpt>
      <trkpt lat="37.96919" lon="-4.8062553">
        <ele>615</ele>
        <time>2026-08-18T19:48:06.682Z</time>
      </trkpt>
      <trkpt lat="37.969201" lon="-4.806253">
        <ele>615</ele>
        <time>2026-08-18T19:48:07.682Z</time>
      </trkpt>
      <trkpt lat="37.9692118" lon="-4.8062509">
        <ele>615</ele>
        <time>2026-08-18T19:48:08.682Z</time>
      </trkpt>
      <trkpt lat="37.9692227" lon="-4.8062488">
        <ele>615</ele>
        <time>2026-08-18T19:48:09.682Z</time>
      </trkpt>
      <trkpt lat="37.969233" lon="-4.8062463">
        <ele>615</ele>
        <time>2026-08-18T19:48:10.682Z</time>
      </trkpt>
      <trkpt lat="37.9692434" lon="-4.8062439">
        <ele>615</ele>
        <time>2026-08-18T19:48:11.682Z</time>
      </trkpt>
      <trkpt lat="37.9692522" lon="-4.8062385">
        <ele>615</ele>
        <time>2026-08-18T19:48:12.682Z</time>
      </trkpt>
      <trkpt lat="37.969261" lon="-4.8062332">
        <ele>615</ele>
        <time>2026-08-18T19:48:13.682Z</time>
      </trkpt>
      <trkpt lat="37.9692722" lon="-4.8062254">
        <ele>615</ele>
        <time>2026-08-18T19:48:14.682Z</time>
      </trkpt>
      <trkpt lat="37.9692834" lon="-4.8062176">
        <ele>615</ele>
        <time>2026-08-18T19:48:15.682Z</time>
      </trkpt>
      <trkpt lat="37.9692977" lon="-4.8062105">
        <ele>615</ele>
        <time>2026-08-18T19:48:16.682Z</time>
      </trkpt>
      <trkpt lat="37.9693121" lon="-4.8062034">
        <ele>615</ele>
        <time>2026-08-18T19:48:17.682Z</time>
      </trkpt>
      <trkpt lat="37.9693266" lon="-4.8061972">
        <ele>615</ele>
        <time>2026-08-18T19:48:18.682Z</time>
      </trkpt>
      <trkpt lat="37.9693411" lon="-4.806191">
        <ele>615</ele>
        <time>2026-08-18T19:48:19.682Z</time>
      </trkpt>
      <trkpt lat="37.969355" lon="-4.8061864">
        <ele>615</ele>
        <time>2026-08-18T19:48:20.682Z</time>
      </trkpt>
      <trkpt lat="37.9693689" lon="-4.8061818">
        <ele>615</ele>
        <time>2026-08-18T19:48:21.682Z</time>
      </trkpt>
      <trkpt lat="37.9693826" lon="-4.8061782">
        <ele>615</ele>
        <time>2026-08-18T19:48:22.682Z</time>
      </trkpt>
      <trkpt lat="37.9693963" lon="-4.8061747">
        <ele>615</ele>
        <time>2026-08-18T19:48:23.682Z</time>
      </trkpt>
      <trkpt lat="37.9694098" lon="-4.8061714">
        <ele>615</ele>
        <time>2026-08-18T19:48:24.682Z</time>
      </trkpt>
      <trkpt lat="37.9694234" lon="-4.8061681">
        <ele>615</ele>
        <time>2026-08-18T19:48:25.682Z</time>
      </trkpt>
      <trkpt lat="37.969436" lon="-4.8061649">
        <ele>615</ele>
        <time>2026-08-18T19:48:26.682Z</time>
      </trkpt>
      <trkpt lat="37.9694486" lon="-4.8061617">
        <ele>615</ele>
        <time>2026-08-18T19:48:27.682Z</time>
      </trkpt>
      <trkpt lat="37.9694604" lon="-4.8061592">
        <ele>615</ele>
        <time>2026-08-18T19:48:28.682Z</time>
      </trkpt>
      <trkpt lat="37.9694722" lon="-4.8061568">
        <ele>615</ele>
        <time>2026-08-18T19:48:29.682Z</time>
      </trkpt>
      <trkpt lat="37.9694837" lon="-4.8061554">
        <ele>615</ele>
        <time>2026-08-18T19:48:30.682Z</time>
      </trkpt>
      <trkpt lat="37.9694953" lon="-4.806154">
        <ele>615</ele>
        <time>2026-08-18T19:48:31.682Z</time>
      </trkpt>
      <trkpt lat="37.969507" lon="-4.806153">
        <ele>615</ele>
        <time>2026-08-18T19:48:32.682Z</time>
      </trkpt>
      <trkpt lat="37.9695187" lon="-4.8061521">
        <ele>615</ele>
        <time>2026-08-18T19:48:33.682Z</time>
      </trkpt>
      <trkpt lat="37.9695314" lon="-4.8061518">
        <ele>615</ele>
        <time>2026-08-18T19:48:34.682Z</time>
      </trkpt>
      <trkpt lat="37.9695441" lon="-4.8061515">
        <ele>616</ele>
        <time>2026-08-18T19:48:35.682Z</time>
      </trkpt>
      <trkpt lat="37.9695581" lon="-4.8061506">
        <ele>616</ele>
        <time>2026-08-18T19:48:36.682Z</time>
      </trkpt>
      <trkpt lat="37.9695722" lon="-4.8061498">
        <ele>616</ele>
        <time>2026-08-18T19:48:37.682Z</time>
      </trkpt>
      <trkpt lat="37.9695862" lon="-4.8061487">
        <ele>616</ele>
        <time>2026-08-18T19:48:38.682Z</time>
      </trkpt>
      <trkpt lat="37.9696003" lon="-4.8061476">
        <ele>616</ele>
        <time>2026-08-18T19:48:39.682Z</time>
      </trkpt>
      <trkpt lat="37.9696127" lon="-4.8061455">
        <ele>616</ele>
        <time>2026-08-18T19:48:40.682Z</time>
      </trkpt>
      <trkpt lat="37.9696251" lon="-4.8061435">
        <ele>616</ele>
        <time>2026-08-18T19:48:41.682Z</time>
      </trkpt>
      <trkpt lat="37.9696355" lon="-4.8061423">
        <ele>616</ele>
        <time>2026-08-18T19:48:42.682Z</time>
      </trkpt>
      <trkpt lat="37.9696459" lon="-4.8061411">
        <ele>616</ele>
        <time>2026-08-18T19:48:43.682Z</time>
      </trkpt>
      <trkpt lat="37.9696568" lon="-4.806143">
        <ele>616</ele>
        <time>2026-08-18T19:48:44.682Z</time>
      </trkpt>
      <trkpt lat="37.9696677" lon="-4.806145">
        <ele>616</ele>
        <time>2026-08-18T19:48:45.682Z</time>
      </trkpt>
      <trkpt lat="37.9696814" lon="-4.806149">
        <ele>616</ele>
        <time>2026-08-18T19:48:46.682Z</time>
      </trkpt>
      <trkpt lat="37.9696951" lon="-4.8061531">
        <ele>617</ele>
        <time>2026-08-18T19:48:47.682Z</time>
      </trkpt>
      <trkpt lat="37.9697093" lon="-4.8061572">
        <ele>617</ele>
        <time>2026-08-18T19:48:48.682Z</time>
      </trkpt>
      <trkpt lat="37.9697236" lon="-4.8061613">
        <ele>617</ele>
        <time>2026-08-18T19:48:49.682Z</time>
      </trkpt>
      <trkpt lat="37.969736" lon="-4.806162">
        <ele>617</ele>
        <time>2026-08-18T19:48:50.682Z</time>
      </trkpt>
      <trkpt lat="37.9697484" lon="-4.8061628">
        <ele>617</ele>
        <time>2026-08-18T19:48:51.682Z</time>
      </trkpt>
      <trkpt lat="37.9697567" lon="-4.8061611">
        <ele>617</ele>
        <time>2026-08-18T19:48:52.682Z</time>
      </trkpt>
      <trkpt lat="37.9697651" lon="-4.8061594">
        <ele>617</ele>
        <time>2026-08-18T19:48:53.682Z</time>
      </trkpt>
      <trkpt lat="37.9697772" lon="-4.8061605">
        <ele>617</ele>
        <time>2026-08-18T19:48:54.682Z</time>
      </trkpt>
      <trkpt lat="37.9697894" lon="-4.8061617">
        <ele>618</ele>
        <time>2026-08-18T19:48:55.682Z</time>
      </trkpt>
      <trkpt lat="37.9698043" lon="-4.8061667">
        <ele>618</ele>
        <time>2026-08-18T19:48:56.682Z</time>
      </trkpt>
      <trkpt lat="37.9698193" lon="-4.8061718">
        <ele>618</ele>
        <time>2026-08-18T19:48:57.682Z</time>
      </trkpt>
      <trkpt lat="37.9698327" lon="-4.8061807">
        <ele>618</ele>
        <time>2026-08-18T19:48:58.682Z</time>
      </trkpt>
      <trkpt lat="37.9698462" lon="-4.8061897">
        <ele>618</ele>
        <time>2026-08-18T19:48:59.682Z</time>
      </trkpt>
      <trkpt lat="37.9698579" lon="-4.8061991">
        <ele>618</ele>
        <time>2026-08-18T19:49:00.682Z</time>
      </trkpt>
      <trkpt lat="37.9698697" lon="-4.8062085">
        <ele>618</ele>
        <time>2026-08-18T19:49:01.682Z</time>
      </trkpt>
      <trkpt lat="37.9698801" lon="-4.8062155">
        <ele>618</ele>
        <time>2026-08-18T19:49:02.682Z</time>
      </trkpt>
      <trkpt lat="37.9698905" lon="-4.8062226">
        <ele>619</ele>
        <time>2026-08-18T19:49:03.682Z</time>
      </trkpt>
      <trkpt lat="37.9698999" lon="-4.8062282">
        <ele>619</ele>
        <time>2026-08-18T19:49:04.682Z</time>
      </trkpt>
      <trkpt lat="37.9699094" lon="-4.8062338">
        <ele>619</ele>
        <time>2026-08-18T19:49:05.682Z</time>
      </trkpt>
      <trkpt lat="37.9699195" lon="-4.806238">
        <ele>619</ele>
        <time>2026-08-18T19:49:06.682Z</time>
      </trkpt>
      <trkpt lat="37.9699297" lon="-4.8062422">
        <ele>620</ele>
        <time>2026-08-18T19:49:07.682Z</time>
      </trkpt>
      <trkpt lat="37.9699405" lon="-4.8062468">
        <ele>620</ele>
        <time>2026-08-18T19:49:08.682Z</time>
      </trkpt>
      <trkpt lat="37.9699514" lon="-4.8062515">
        <ele>620</ele>
        <time>2026-08-18T19:49:09.682Z</time>
      </trkpt>
      <trkpt lat="37.9699626" lon="-4.8062565">
        <ele>620</ele>
        <time>2026-08-18T19:49:10.682Z</time>
      </trkpt>
      <trkpt lat="37.9699739" lon="-4.8062616">
        <ele>620</ele>
        <time>2026-08-18T19:49:11.682Z</time>
      </trkpt>
      <trkpt lat="37.969984" lon="-4.8062682">
        <ele>620</ele>
        <time>2026-08-18T19:49:12.682Z</time>
      </trkpt>
      <trkpt lat="37.9699942" lon="-4.8062749">
        <ele>620</ele>
        <time>2026-08-18T19:49:13.682Z</time>
      </trkpt>
      <trkpt lat="37.9700034" lon="-4.8062833">
        <ele>620</ele>
        <time>2026-08-18T19:49:14.682Z</time>
      </trkpt>
      <trkpt lat="37.9700127" lon="-4.8062917">
        <ele>620</ele>
        <time>2026-08-18T19:49:15.682Z</time>
      </trkpt>
      <trkpt lat="37.9700233" lon="-4.8062979">
        <ele>620</ele>
        <time>2026-08-18T19:49:16.682Z</time>
      </trkpt>
      <trkpt lat="37.9700339" lon="-4.8063041">
        <ele>620</ele>
        <time>2026-08-18T19:49:17.682Z</time>
      </trkpt>
      <trkpt lat="37.970044" lon="-4.8063094">
        <ele>620</ele>
        <time>2026-08-18T19:49:18.682Z</time>
      </trkpt>
      <trkpt lat="37.9700542" lon="-4.8063147">
        <ele>620</ele>
        <time>2026-08-18T19:49:19.682Z</time>
      </trkpt>
      <trkpt lat="37.9700654" lon="-4.806321">
        <ele>620</ele>
        <time>2026-08-18T19:49:20.682Z</time>
      </trkpt>
      <trkpt lat="37.9700766" lon="-4.8063274">
        <ele>620</ele>
        <time>2026-08-18T19:49:21.682Z</time>
      </trkpt>
      <trkpt lat="37.9700873" lon="-4.806334">
        <ele>620</ele>
        <time>2026-08-18T19:49:22.682Z</time>
      </trkpt>
      <trkpt lat="37.9700981" lon="-4.8063406">
        <ele>620</ele>
        <time>2026-08-18T19:49:23.682Z</time>
      </trkpt>
      <trkpt lat="37.9701071" lon="-4.8063479">
        <ele>620</ele>
        <time>2026-08-18T19:49:24.682Z</time>
      </trkpt>
      <trkpt lat="37.9701161" lon="-4.8063553">
        <ele>620</ele>
        <time>2026-08-18T19:49:25.682Z</time>
      </trkpt>
      <trkpt lat="37.9701247" lon="-4.8063628">
        <ele>620</ele>
        <time>2026-08-18T19:49:26.682Z</time>
      </trkpt>
      <trkpt lat="37.9701334" lon="-4.8063703">
        <ele>621</ele>
        <time>2026-08-18T19:49:27.682Z</time>
      </trkpt>
      <trkpt lat="37.9701429" lon="-4.806376">
        <ele>621</ele>
        <time>2026-08-18T19:49:28.682Z</time>
      </trkpt>
      <trkpt lat="37.9701525" lon="-4.8063818">
        <ele>621</ele>
        <time>2026-08-18T19:49:29.682Z</time>
      </trkpt>
      <trkpt lat="37.9701579" lon="-4.8063844">
        <ele>621</ele>
        <time>2026-08-18T19:49:30.682Z</time>
      </trkpt>
      <trkpt lat="37.9701633" lon="-4.806387">
        <ele>621</ele>
        <time>2026-08-18T19:49:31.682Z</time>
      </trkpt>
      <trkpt lat="37.9701723" lon="-4.8063921">
        <ele>621</ele>
        <time>2026-08-18T19:49:32.682Z</time>
      </trkpt>
      <trkpt lat="37.9701813" lon="-4.8063972">
        <ele>621</ele>
        <time>2026-08-18T19:49:33.682Z</time>
      </trkpt>
      <trkpt lat="37.9701933" lon="-4.8064031">
        <ele>621</ele>
        <time>2026-08-18T19:49:34.682Z</time>
      </trkpt>
      <trkpt lat="37.9702054" lon="-4.8064091">
        <ele>622</ele>
        <time>2026-08-18T19:49:35.682Z</time>
      </trkpt>
      <trkpt lat="37.9702197" lon="-4.8064159">
        <ele>622</ele>
        <time>2026-08-18T19:49:36.682Z</time>
      </trkpt>
      <trkpt lat="37.970234" lon="-4.8064227">
        <ele>622</ele>
        <time>2026-08-18T19:49:37.682Z</time>
      </trkpt>
      <trkpt lat="37.9702476" lon="-4.8064288">
        <ele>622</ele>
        <time>2026-08-18T19:49:38.682Z</time>
      </trkpt>
      <trkpt lat="37.9702613" lon="-4.806435">
        <ele>622</ele>
        <time>2026-08-18T19:49:39.682Z</time>
      </trkpt>
      <trkpt lat="37.9702729" lon="-4.8064406">
        <ele>622</ele>
        <time>2026-08-18T19:49:40.682Z</time>
      </trkpt>
      <trkpt lat="37.9702845" lon="-4.8064463">
        <ele>622</ele>
        <time>2026-08-18T19:49:41.682Z</time>
      </trkpt>
      <trkpt lat="37.9702943" lon="-4.8064501">
        <ele>622</ele>
        <time>2026-08-18T19:49:42.682Z</time>
      </trkpt>
      <trkpt lat="37.9703042" lon="-4.806454">
        <ele>622</ele>
        <time>2026-08-18T19:49:43.682Z</time>
      </trkpt>
      <trkpt lat="37.9703139" lon="-4.8064572">
        <ele>622</ele>
        <time>2026-08-18T19:49:44.682Z</time>
      </trkpt>
      <trkpt lat="37.9703237" lon="-4.8064605">
        <ele>622</ele>
        <time>2026-08-18T19:49:45.682Z</time>
      </trkpt>
      <trkpt lat="37.9703342" lon="-4.8064633">
        <ele>622</ele>
        <time>2026-08-18T19:49:46.682Z</time>
      </trkpt>
      <trkpt lat="37.9703447" lon="-4.8064662">
        <ele>623</ele>
        <time>2026-08-18T19:49:47.682Z</time>
      </trkpt>
      <trkpt lat="37.9703557" lon="-4.8064675">
        <ele>623</ele>
        <time>2026-08-18T19:49:48.682Z</time>
      </trkpt>
      <trkpt lat="37.9703668" lon="-4.8064688">
        <ele>623</ele>
        <time>2026-08-18T19:49:49.682Z</time>
      </trkpt>
      <trkpt lat="37.9703789" lon="-4.8064682">
        <ele>623</ele>
        <time>2026-08-18T19:49:50.682Z</time>
      </trkpt>
      <trkpt lat="37.970391" lon="-4.8064677">
        <ele>623</ele>
        <time>2026-08-18T19:49:51.682Z</time>
      </trkpt>
      <trkpt lat="37.9704023" lon="-4.806466">
        <ele>623</ele>
        <time>2026-08-18T19:49:52.682Z</time>
      </trkpt>
      <trkpt lat="37.9704137" lon="-4.8064644">
        <ele>623</ele>
        <time>2026-08-18T19:49:53.682Z</time>
      </trkpt>
      <trkpt lat="37.97042453613193" lon="-4.806462098520652">
        <ele>623</ele>
        <time>2026-08-18T19:49:54.697Z</time>
      </trkpt>
      <trkpt lat="37.97042453613193" lon="-4.806462098520652">
        <ele>617.5126812081339</ele>
        <time>2026-08-18T19:49:54.697Z</time>
      </trkpt>
      <trkpt lat="37.970586180489136" lon="-4.806392826727915">
        <ele>618.3352227845533</ele>
        <time>2026-08-18T19:50:10.460Z</time>
      </trkpt>
      <trkpt lat="37.970776948750824" lon="-4.805971581941861">
        <ele>613.1780009683174</ele>
        <time>2026-08-18T19:50:45.843Z</time>
      </trkpt>
      <trkpt lat="37.970776948750824" lon="-4.805971581941861">
        <ele>613.1780009683174</ele>
        <time>2026-08-18T19:50:45.843Z</time>
      </trkpt>
      <trkpt lat="37.97093238919018" lon="-4.805568262466068">
        <ele>610.4535081007214</ele>
        <time>2026-08-18T19:52:03.464Z</time>
      </trkpt>
      <trkpt lat="37.97093238919018" lon="-4.805568262466068">
        <ele>610.4535081007214</ele>
        <time>2026-08-18T19:52:03.464Z</time>
      </trkpt>
      <trkpt lat="37.97110196020331" lon="-4.8053441960905445">
        <ele>609.7785245647644</ele>
        <time>2026-08-18T19:52:08.448Z</time>
      </trkpt>
      <trkpt lat="37.97110196020331" lon="-4.8053441960905445">
        <ele>609.7785245647644</ele>
        <time>2026-08-18T19:52:08.448Z</time>
      </trkpt>
      <trkpt lat="37.97131392341856" lon="-4.805236644230206">
        <ele>608.0677995899325</ele>
        <time>2026-08-18T19:52:19.449Z</time>
      </trkpt>
      <trkpt lat="37.97131392341856" lon="-4.805236644230206">
        <ele>608.0677995899325</ele>
        <time>2026-08-18T19:52:19.449Z</time>
      </trkpt>
      <trkpt lat="37.97156827846942" lon="-4.8051290923698105">
        <ele>607.6118924013451</ele>
        <time>2026-08-18T19:52:31.888Z</time>
      </trkpt>
      <trkpt lat="37.97156827846942" lon="-4.8051290923698105">
        <ele>607.6118924013451</ele>
        <time>2026-08-18T19:52:31.888Z</time>
      </trkpt>
      <trkpt lat="37.97156827846942" lon="-4.8051290923698105">
        <ele>607.6118924013451</ele>
        <time>2026-08-18T19:52:31.888Z</time>
      </trkpt>
      <trkpt lat="37.971886221043135" lon="-4.804860212719262">
        <ele>607.7747638439573</ele>
        <time>2026-08-18T19:52:59.507Z</time>
      </trkpt>
      <trkpt lat="37.97209111663909" lon="-4.804537557138076">
        <ele>607.7286194093917</ele>
        <time>2026-08-18T19:53:23.114Z</time>
      </trkpt>
    </trkseg>
  </trk>
</gpx>
