<?xml version="1.0" encoding="UTF-8"?>
<gpx creator="StravaGPX" version="1.1" xmlns="http://www.topografix.com/GPX/1/1" xmlns:xsi="http://www.w3.org/2001/XMLSchema-instance" xsi:schemaLocation="http://www.topografix.com/GPX/1/1 http://www.topografix.com/GPX/1/1/gpx.xsd">
 <trk>
  <name>Carrera de noche</name>
  <type>running</type>
  <trkseg>
   <trkpt lat="37.9830320" lon="-4.7994870">
    <ele>603.4</ele>
   </trkpt>
   <trkpt lat="37.9830380" lon="-4.7994730">
    <ele>603.6</ele>
   </trkpt>
   <trkpt lat="37.9830450" lon="-4.7994580">
    <ele>603.6</ele>
   </trkpt>
   <trkpt lat="37.9830500" lon="-4.7994450">
    <ele>603.6</ele>
   </trkpt>
   <trkpt lat="37.9830530" lon="-4.7994240">
    <ele>603.8</ele>
   </trkpt>
   <trkpt lat="37.9830530" lon="-4.7994070">
    <ele>604.0</ele>
   </trkpt>
   <trkpt lat="37.9830560" lon="-4.7993930">
    <ele>604.0</ele>
   </trkpt>
   <trkpt lat="37.9830600" lon="-4.7993810">
    <ele>604.2</ele>
   </trkpt>
   <trkpt lat="37.9830620" lon="-4.7993690">
    <ele>604.4</ele>
   </trkpt>
   <trkpt lat="37.9830640" lon="-4.7993550">
    <ele>604.4</ele>
   </trkpt>
   <trkpt lat="37.9830660" lon="-4.7993480">
    <ele>604.6</ele>
   </trkpt>
   <trkpt lat="37.9830690" lon="-4.7993350">
    <ele>604.6</ele>
   </trkpt>
   <trkpt lat="37.9830720" lon="-4.7993250">
    <ele>604.8</ele>
   </trkpt>
   <trkpt lat="37.9830770" lon="-4.7993100">
    <ele>604.8</ele>
   </trkpt>
   <trkpt lat="37.9830810" lon="-4.7992950">
    <ele>604.8</ele>
   </trkpt>
   <trkpt lat="37.9830860" lon="-4.7992780">
    <ele>605.0</ele>
   </trkpt>
   <trkpt lat="37.9830900" lon="-4.7992630">
    <ele>605.0</ele>
   </trkpt>
   <trkpt lat="37.9830940" lon="-4.7992500">
    <ele>605.2</ele>
   </trkpt>
   <trkpt lat="37.9830990" lon="-4.7992330">
    <ele>605.4</ele>
   </trkpt>
   <trkpt lat="37.9831030" lon="-4.7992210">
    <ele>605.6</ele>
   </trkpt>
   <trkpt lat="37.9831070" lon="-4.7992120">
    <ele>605.8</ele>
   </trkpt>
   <trkpt lat="37.9831090" lon="-4.7992020">
    <ele>606.0</ele>
   </trkpt>
   <trkpt lat="37.9831120" lon="-4.7991900">
    <ele>606.2</ele>
   </trkpt>
   <trkpt lat="37.9831140" lon="-4.7991800">
    <ele>606.4</ele>
   </trkpt>
   <trkpt lat="37.9831160" lon="-4.7991700">
    <ele>606.6</ele>
   </trkpt>
   <trkpt lat="37.9831190" lon="-4.7991610">
    <ele>606.6</ele>
   </trkpt>
   <trkpt lat="37.9831240" lon="-4.7991500">
    <ele>606.8</ele>
   </trkpt>
   <trkpt lat="37.9831280" lon="-4.7991390">
    <ele>607.0</ele>
   </trkpt>
   <trkpt lat="37.9831300" lon="-4.7991230">
    <ele>607.2</ele>
   </trkpt>
   <trkpt lat="37.9831350" lon="-4.7991080">
    <ele>607.4</ele>
   </trkpt>
   <trkpt lat="37.9831410" lon="-4.7990980">
    <ele>607.6</ele>
   </trkpt>
   <trkpt lat="37.9831480" lon="-4.7990860">
    <ele>607.8</ele>
   </trkpt>
   <trkpt lat="37.9831540" lon="-4.7990700">
    <ele>608.0</ele>
   </trkpt>
   <trkpt lat="37.9831560" lon="-4.7990530">
    <ele>608.2</ele>
   </trkpt>
   <trkpt lat="37.9831570" lon="-4.7990350">
    <ele>608.6</ele>
   </trkpt>
   <trkpt lat="37.9831640" lon="-4.7990210">
    <ele>608.8</ele>
   </trkpt>
   <trkpt lat="37.9831680" lon="-4.7990060">
    <ele>609.0</ele>
   </trkpt>
   <trkpt lat="37.9831730" lon="-4.7989900">
    <ele>609.4</ele>
   </trkpt>
   <trkpt lat="37.9831710" lon="-4.7989690">
    <ele>609.6</ele>
   </trkpt>
   <trkpt lat="37.9831790" lon="-4.7989530">
    <ele>610.0</ele>
   </trkpt>
   <trkpt lat="37.9831850" lon="-4.7989410">
    <ele>610.2</ele>
   </trkpt>
   <trkpt lat="37.9831920" lon="-4.7989280">
    <ele>610.4</ele>
   </trkpt>
   <trkpt lat="37.9831990" lon="-4.7989140">
    <ele>610.6</ele>
   </trkpt>
   <trkpt lat="37.9832010" lon="-4.7989030">
    <ele>610.6</ele>
   </trkpt>
   <trkpt lat="37.9832070" lon="-4.7988880">
    <ele>610.6</ele>
   </trkpt>
   <trkpt lat="37.9832100" lon="-4.7988750">
    <ele>610.6</ele>
   </trkpt>
   <trkpt lat="37.9832110" lon="-4.7988590">
    <ele>610.6</ele>
   </trkpt>
   <trkpt lat="37.9832150" lon="-4.7988350">
    <ele>610.6</ele>
   </trkpt>
   <trkpt lat="37.9832180" lon="-4.7988220">
    <ele>610.6</ele>
   </trkpt>
   <trkpt lat="37.9832270" lon="-4.7988080">
    <ele>610.6</ele>
   </trkpt>
   <trkpt lat="37.9832370" lon="-4.7988000">
    <ele>610.6</ele>
   </trkpt>
   <trkpt lat="37.9832440" lon="-4.7987950">
    <ele>610.8</ele>
   </trkpt>
   <trkpt lat="37.9832500" lon="-4.7987900">
    <ele>611.0</ele>
   </trkpt>
   <trkpt lat="37.9832560" lon="-4.7987850">
    <ele>611.2</ele>
   </trkpt>
   <trkpt lat="37.9832620" lon="-4.7987790">
    <ele>611.4</ele>
   </trkpt>
   <trkpt lat="37.9832710" lon="-4.7987710">
    <ele>611.6</ele>
   </trkpt>
   <trkpt lat="37.9832790" lon="-4.7987650">
    <ele>611.8</ele>
   </trkpt>
   <trkpt lat="37.9832870" lon="-4.7987600">
    <ele>612.0</ele>
   </trkpt>
   <trkpt lat="37.9832960" lon="-4.7987560">
    <ele>612.0</ele>
   </trkpt>
   <trkpt lat="37.9833030" lon="-4.7987540">
    <ele>612.2</ele>
   </trkpt>
   <trkpt lat="37.9833100" lon="-4.7987520">
    <ele>612.4</ele>
   </trkpt>
   <trkpt lat="37.9833170" lon="-4.7987500">
    <ele>612.4</ele>
   </trkpt>
   <trkpt lat="37.9833270" lon="-4.7987440">
    <ele>612.6</ele>
   </trkpt>
   <trkpt lat="37.9833390" lon="-4.7987400">
    <ele>613.0</ele>
   </trkpt>
   <trkpt lat="37.9833430" lon="-4.7987390">
    <ele>613.2</ele>
   </trkpt>
   <trkpt lat="37.9833560" lon="-4.7987430">
    <ele>613.6</ele>
   </trkpt>
   <trkpt lat="37.9833620" lon="-4.7987460">
    <ele>613.8</ele>
   </trkpt>
   <trkpt lat="37.9833740" lon="-4.7987490">
    <ele>614.2</ele>
   </trkpt>
   <trkpt lat="37.9833890" lon="-4.7987520">
    <ele>614.4</ele>
   </trkpt>
   <trkpt lat="37.9833990" lon="-4.7987490">
    <ele>614.8</ele>
   </trkpt>
   <trkpt lat="37.9834130" lon="-4.7987500">
    <ele>615.0</ele>
   </trkpt>
   <trkpt lat="37.9834180" lon="-4.7987460">
    <ele>615.4</ele>
   </trkpt>
   <trkpt lat="37.9834310" lon="-4.7987500">
    <ele>615.6</ele>
   </trkpt>
   <trkpt lat="37.9834380" lon="-4.7987480">
    <ele>616.0</ele>
   </trkpt>
   <trkpt lat="37.9834430" lon="-4.7987510">
    <ele>616.0</ele>
   </trkpt>
   <trkpt lat="37.9834510" lon="-4.7987540">
    <ele>616.2</ele>
   </trkpt>
   <trkpt lat="37.9834600" lon="-4.7987540">
    <ele>616.4</ele>
   </trkpt>
   <trkpt lat="37.9834670" lon="-4.7987570">
    <ele>616.6</ele>
   </trkpt>
   <trkpt lat="37.9834730" lon="-4.7987610">
    <ele>616.8</ele>
   </trkpt>
   <trkpt lat="37.9834790" lon="-4.7987650">
    <ele>617.0</ele>
   </trkpt>
   <trkpt lat="37.9834850" lon="-4.7987640">
    <ele>617.0</ele>
   </trkpt>
   <trkpt lat="37.9834910" lon="-4.7987670">
    <ele>617.2</ele>
   </trkpt>
   <trkpt lat="37.9835000" lon="-4.7987680">
    <ele>617.2</ele>
   </trkpt>
   <trkpt lat="37.9835080" lon="-4.7987680">
    <ele>617.4</ele>
   </trkpt>
   <trkpt lat="37.9835200" lon="-4.7987630">
    <ele>617.4</ele>
   </trkpt>
   <trkpt lat="37.9835310" lon="-4.7987570">
    <ele>617.6</ele>
   </trkpt>
   <trkpt lat="37.9835440" lon="-4.7987570">
    <ele>617.8</ele>
   </trkpt>
   <trkpt lat="37.9835580" lon="-4.7987570">
    <ele>618.2</ele>
   </trkpt>
   <trkpt lat="37.9835700" lon="-4.7987580">
    <ele>618.4</ele>
   </trkpt>
   <trkpt lat="37.9835800" lon="-4.7987600">
    <ele>618.6</ele>
   </trkpt>
   <trkpt lat="37.9835860" lon="-4.7987650">
    <ele>618.8</ele>
   </trkpt>
   <trkpt lat="37.9835930" lon="-4.7987710">
    <ele>619.0</ele>
   </trkpt>
   <trkpt lat="37.9835980" lon="-4.7987790">
    <ele>619.4</ele>
   </trkpt>
   <trkpt lat="37.9836020" lon="-4.7987850">
    <ele>619.6</ele>
   </trkpt>
   <trkpt lat="37.9836090" lon="-4.7987910">
    <ele>620.0</ele>
   </trkpt>
   <trkpt lat="37.9836230" lon="-4.7987920">
    <ele>620.4</ele>
   </trkpt>
   <trkpt lat="37.9836340" lon="-4.7987970">
    <ele>620.6</ele>
   </trkpt>
   <trkpt lat="37.9836440" lon="-4.7988030">
    <ele>620.8</ele>
   </trkpt>
   <trkpt lat="37.9836550" lon="-4.7988080">
    <ele>620.6</ele>
   </trkpt>
   <trkpt lat="37.9836670" lon="-4.7988140">
    <ele>620.6</ele>
   </trkpt>
   <trkpt lat="37.9836750" lon="-4.7988200">
    <ele>620.4</ele>
   </trkpt>
   <trkpt lat="37.9836830" lon="-4.7988240">
    <ele>620.4</ele>
   </trkpt>
   <trkpt lat="37.9836950" lon="-4.7988150">
    <ele>620.4</ele>
   </trkpt>
   <trkpt lat="37.9837030" lon="-4.7988090">
    <ele>620.6</ele>
   </trkpt>
   <trkpt lat="37.9837130" lon="-4.7987990">
    <ele>620.8</ele>
   </trkpt>
   <trkpt lat="37.9837190" lon="-4.7987900">
    <ele>621.0</ele>
   </trkpt>
   <trkpt lat="37.9837270" lon="-4.7987810">
    <ele>621.2</ele>
   </trkpt>
   <trkpt lat="37.9837340" lon="-4.7987780">
    <ele>621.4</ele>
   </trkpt>
   <trkpt lat="37.9837430" lon="-4.7987780">
    <ele>621.6</ele>
   </trkpt>
   <trkpt lat="37.9837520" lon="-4.7987770">
    <ele>621.8</ele>
   </trkpt>
   <trkpt lat="37.9837630" lon="-4.7987780">
    <ele>621.8</ele>
   </trkpt>
   <trkpt lat="37.9837740" lon="-4.7987830">
    <ele>621.8</ele>
   </trkpt>
   <trkpt lat="37.9837810" lon="-4.7987870">
    <ele>621.8</ele>
   </trkpt>
   <trkpt lat="37.9837900" lon="-4.7987930">
    <ele>622.0</ele>
   </trkpt>
   <trkpt lat="37.9838010" lon="-4.7987930">
    <ele>622.0</ele>
   </trkpt>
   <trkpt lat="37.9838130" lon="-4.7987920">
    <ele>622.2</ele>
   </trkpt>
   <trkpt lat="37.9838210" lon="-4.7987880">
    <ele>622.2</ele>
   </trkpt>
   <trkpt lat="37.9838300" lon="-4.7987850">
    <ele>622.4</ele>
   </trkpt>
   <trkpt lat="37.9838370" lon="-4.7987870">
    <ele>622.2</ele>
   </trkpt>
   <trkpt lat="37.9838520" lon="-4.7987800">
    <ele>622.2</ele>
   </trkpt>
   <trkpt lat="37.9838620" lon="-4.7987730">
    <ele>622.0</ele>
   </trkpt>
   <trkpt lat="37.9838650" lon="-4.7987520">
    <ele>622.0</ele>
   </trkpt>
   <trkpt lat="37.9838700" lon="-4.7987490">
    <ele>622.0</ele>
   </trkpt>
   <trkpt lat="37.9838760" lon="-4.7987470">
    <ele>621.8</ele>
   </trkpt>
   <trkpt lat="37.9838830" lon="-4.7987390">
    <ele>621.8</ele>
   </trkpt>
   <trkpt lat="37.9838890" lon="-4.7987360">
    <ele>621.8</ele>
   </trkpt>
   <trkpt lat="37.9838900" lon="-4.7987360">
    <ele>621.8</ele>
   </trkpt>
   <trkpt lat="37.9838920" lon="-4.7987340">
    <ele>621.8</ele>
   </trkpt>
   <trkpt lat="37.9838940" lon="-4.7987330">
    <ele>621.8</ele>
   </trkpt>
   <trkpt lat="37.9838960" lon="-4.7987320">
    <ele>621.8</ele>
   </trkpt>
   <trkpt lat="37.9838990" lon="-4.7987300">
    <ele>622.0</ele>
   </trkpt>
   <trkpt lat="37.9839020" lon="-4.7987280">
    <ele>622.0</ele>
   </trkpt>
   <trkpt lat="37.9839060" lon="-4.7987250">
    <ele>622.0</ele>
   </trkpt>
   <trkpt lat="37.9839110" lon="-4.7987200">
    <ele>622.0</ele>
   </trkpt>
   <trkpt lat="37.9839180" lon="-4.7987190">
    <ele>621.8</ele>
   </trkpt>
   <trkpt lat="37.9839260" lon="-4.7987200">
    <ele>621.4</ele>
   </trkpt>
   <trkpt lat="37.9839280" lon="-4.7987250">
    <ele>621.4</ele>
   </trkpt>
   <trkpt lat="37.9839320" lon="-4.7987340">
    <ele>621.2</ele>
   </trkpt>
   <trkpt lat="37.9839330" lon="-4.7987410">
    <ele>621.2</ele>
   </trkpt>
   <trkpt lat="37.9839410" lon="-4.7987510">
    <ele>621.4</ele>
   </trkpt>
   <trkpt lat="37.9839460" lon="-4.7987610">
    <ele>621.6</ele>
   </trkpt>
   <trkpt lat="37.9839490" lon="-4.7987700">
    <ele>622.0</ele>
   </trkpt>
   <trkpt lat="37.9839540" lon="-4.7987820">
    <ele>622.2</ele>
   </trkpt>
   <trkpt lat="37.9839590" lon="-4.7987920">
    <ele>622.4</ele>
   </trkpt>
   <trkpt lat="37.9839620" lon="-4.7987990">
    <ele>622.8</ele>
   </trkpt>
   <trkpt lat="37.9839650" lon="-4.7988090">
    <ele>623.0</ele>
   </trkpt>
   <trkpt lat="37.9839680" lon="-4.7988190">
    <ele>623.2</ele>
   </trkpt>
   <trkpt lat="37.9839730" lon="-4.7988310">
    <ele>623.6</ele>
   </trkpt>
   <trkpt lat="37.9839750" lon="-4.7988380">
    <ele>624.0</ele>
   </trkpt>
   <trkpt lat="37.9839780" lon="-4.7988480">
    <ele>624.2</ele>
   </trkpt>
   <trkpt lat="37.9839820" lon="-4.7988550">
    <ele>624.4</ele>
   </trkpt>
   <trkpt lat="37.9839870" lon="-4.7988640">
    <ele>624.8</ele>
   </trkpt>
   <trkpt lat="37.9839930" lon="-4.7988730">
    <ele>625.0</ele>
   </trkpt>
   <trkpt lat="37.9839980" lon="-4.7988810">
    <ele>625.4</ele>
   </trkpt>
   <trkpt lat="37.9840050" lon="-4.7988870">
    <ele>625.8</ele>
   </trkpt>
   <trkpt lat="37.9840070" lon="-4.7988910">
    <ele>626.2</ele>
   </trkpt>
   <trkpt lat="37.9840090" lon="-4.7988980">
    <ele>626.4</ele>
   </trkpt>
   <trkpt lat="37.9840080" lon="-4.7989040">
    <ele>626.8</ele>
   </trkpt>
   <trkpt lat="37.9840090" lon="-4.7989140">
    <ele>627.0</ele>
   </trkpt>
   <trkpt lat="37.9840090" lon="-4.7989210">
    <ele>627.2</ele>
   </trkpt>
   <trkpt lat="37.9840130" lon="-4.7989270">
    <ele>627.6</ele>
   </trkpt>
   <trkpt lat="37.9840160" lon="-4.7989360">
    <ele>627.8</ele>
   </trkpt>
   <trkpt lat="37.9840210" lon="-4.7989460">
    <ele>628.2</ele>
   </trkpt>
   <trkpt lat="37.9840270" lon="-4.7989530">
    <ele>628.4</ele>
   </trkpt>
   <trkpt lat="37.9840310" lon="-4.7989570">
    <ele>629.0</ele>
   </trkpt>
   <trkpt lat="37.9840380" lon="-4.7989630">
    <ele>629.4</ele>
   </trkpt>
   <trkpt lat="37.9840440" lon="-4.7989720">
    <ele>629.8</ele>
   </trkpt>
   <trkpt lat="37.9840490" lon="-4.7989810">
    <ele>630.2</ele>
   </trkpt>
   <trkpt lat="37.9840550" lon="-4.7989910">
    <ele>630.4</ele>
   </trkpt>
   <trkpt lat="37.9840610" lon="-4.7989980">
    <ele>630.8</ele>
   </trkpt>
   <trkpt lat="37.9840640" lon="-4.7990030">
    <ele>631.0</ele>
   </trkpt>
   <trkpt lat="37.9840710" lon="-4.7990120">
    <ele>631.4</ele>
   </trkpt>
   <trkpt lat="37.9840750" lon="-4.7990210">
    <ele>631.6</ele>
   </trkpt>
   <trkpt lat="37.9840820" lon="-4.7990300">
    <ele>632.0</ele>
   </trkpt>
   <trkpt lat="37.9840840" lon="-4.7990350">
    <ele>632.4</ele>
   </trkpt>
   <trkpt lat="37.9840860" lon="-4.7990410">
    <ele>633.0</ele>
   </trkpt>
   <trkpt lat="37.9840870" lon="-4.7990510">
    <ele>633.2</ele>
   </trkpt>
   <trkpt lat="37.9840910" lon="-4.7990650">
    <ele>633.6</ele>
   </trkpt>
   <trkpt lat="37.9840940" lon="-4.7990750">
    <ele>634.0</ele>
   </trkpt>
   <trkpt lat="37.9840980" lon="-4.7990790">
    <ele>634.2</ele>
   </trkpt>
   <trkpt lat="37.9841020" lon="-4.7990910">
    <ele>634.4</ele>
   </trkpt>
   <trkpt lat="37.9841040" lon="-4.7991020">
    <ele>634.6</ele>
   </trkpt>
   <trkpt lat="37.9841100" lon="-4.7991090">
    <ele>635.0</ele>
   </trkpt>
   <trkpt lat="37.9841140" lon="-4.7991160">
    <ele>635.2</ele>
   </trkpt>
   <trkpt lat="37.9841160" lon="-4.7991220">
    <ele>635.6</ele>
   </trkpt>
   <trkpt lat="37.9841240" lon="-4.7991340">
    <ele>635.8</ele>
   </trkpt>
   <trkpt lat="37.9841300" lon="-4.7991430">
    <ele>636.2</ele>
   </trkpt>
   <trkpt lat="37.9841390" lon="-4.7991510">
    <ele>636.4</ele>
   </trkpt>
   <trkpt lat="37.9841440" lon="-4.7991600">
    <ele>636.8</ele>
   </trkpt>
   <trkpt lat="37.9841470" lon="-4.7991670">
    <ele>637.0</ele>
   </trkpt>
   <trkpt lat="37.9841510" lon="-4.7991770">
    <ele>637.4</ele>
   </trkpt>
   <trkpt lat="37.9841600" lon="-4.7991840">
    <ele>637.6</ele>
   </trkpt>
   <trkpt lat="37.9841640" lon="-4.7991900">
    <ele>638.0</ele>
   </trkpt>
   <trkpt lat="37.9841730" lon="-4.7992040">
    <ele>638.4</ele>
   </trkpt>
   <trkpt lat="37.9841780" lon="-4.7992130">
    <ele>638.8</ele>
   </trkpt>
   <trkpt lat="37.9841820" lon="-4.7992220">
    <ele>639.2</ele>
   </trkpt>
   <trkpt lat="37.9841850" lon="-4.7992330">
    <ele>639.6</ele>
   </trkpt>
   <trkpt lat="37.9841910" lon="-4.7992450">
    <ele>640.0</ele>
   </trkpt>
   <trkpt lat="37.9841970" lon="-4.7992540">
    <ele>640.2</ele>
   </trkpt>
   <trkpt lat="37.9842030" lon="-4.7992610">
    <ele>640.4</ele>
   </trkpt>
   <trkpt lat="37.9842060" lon="-4.7992730">
    <ele>640.8</ele>
   </trkpt>
   <trkpt lat="37.9842100" lon="-4.7992850">
    <ele>641.0</ele>
   </trkpt>
   <trkpt lat="37.9842150" lon="-4.7992980">
    <ele>641.2</ele>
   </trkpt>
   <trkpt lat="37.9842230" lon="-4.7993130">
    <ele>641.6</ele>
   </trkpt>
   <trkpt lat="37.9842290" lon="-4.7993230">
    <ele>642.0</ele>
   </trkpt>
   <trkpt lat="37.9842320" lon="-4.7993260">
    <ele>642.4</ele>
   </trkpt>
   <trkpt lat="37.9842340" lon="-4.7993330">
    <ele>642.8</ele>
   </trkpt>
   <trkpt lat="37.9842410" lon="-4.7993440">
    <ele>643.2</ele>
   </trkpt>
   <trkpt lat="37.9842490" lon="-4.7993530">
    <ele>643.6</ele>
   </trkpt>
   <trkpt lat="37.9842540" lon="-4.7993590">
    <ele>644.0</ele>
   </trkpt>
   <trkpt lat="37.9842590" lon="-4.7993640">
    <ele>644.4</ele>
   </trkpt>
   <trkpt lat="37.9842650" lon="-4.7993710">
    <ele>644.8</ele>
   </trkpt>
   <trkpt lat="37.9842730" lon="-4.7993810">
    <ele>645.0</ele>
   </trkpt>
   <trkpt lat="37.9842810" lon="-4.7993890">
    <ele>645.4</ele>
   </trkpt>
   <trkpt lat="37.9842900" lon="-4.7993950">
    <ele>645.6</ele>
   </trkpt>
   <trkpt lat="37.9842970" lon="-4.7993980">
    <ele>646.0</ele>
   </trkpt>
   <trkpt lat="37.9843080" lon="-4.7994030">
    <ele>646.4</ele>
   </trkpt>
   <trkpt lat="37.9843190" lon="-4.7994140">
    <ele>646.6</ele>
   </trkpt>
   <trkpt lat="37.9843270" lon="-4.7994220">
    <ele>647.0</ele>
   </trkpt>
   <trkpt lat="37.9843320" lon="-4.7994310">
    <ele>647.2</ele>
   </trkpt>
   <trkpt lat="37.9843400" lon="-4.7994360">
    <ele>647.6</ele>
   </trkpt>
   <trkpt lat="37.9843560" lon="-4.7994420">
    <ele>647.8</ele>
   </trkpt>
   <trkpt lat="37.9843620" lon="-4.7994530">
    <ele>648.2</ele>
   </trkpt>
   <trkpt lat="37.9843680" lon="-4.7994650">
    <ele>648.4</ele>
   </trkpt>
   <trkpt lat="37.9843740" lon="-4.7994740">
    <ele>648.6</ele>
   </trkpt>
   <trkpt lat="37.9843810" lon="-4.7994760">
    <ele>649.0</ele>
   </trkpt>
   <trkpt lat="37.9843930" lon="-4.7994800">
    <ele>649.2</ele>
   </trkpt>
   <trkpt lat="37.9844020" lon="-4.7994840">
    <ele>649.6</ele>
   </trkpt>
   <trkpt lat="37.9844130" lon="-4.7994880">
    <ele>650.0</ele>
   </trkpt>
   <trkpt lat="37.9844220" lon="-4.7994970">
    <ele>650.4</ele>
   </trkpt>
   <trkpt lat="37.9844290" lon="-4.7995040">
    <ele>650.6</ele>
   </trkpt>
   <trkpt lat="37.9844390" lon="-4.7995160">
    <ele>650.8</ele>
   </trkpt>
   <trkpt lat="37.9844430" lon="-4.7995220">
    <ele>651.0</ele>
   </trkpt>
   <trkpt lat="37.9844540" lon="-4.7995270">
    <ele>651.2</ele>
   </trkpt>
   <trkpt lat="37.9844620" lon="-4.7995320">
    <ele>651.4</ele>
   </trkpt>
   <trkpt lat="37.9844690" lon="-4.7995390">
    <ele>651.4</ele>
   </trkpt>
   <trkpt lat="37.9844770" lon="-4.7995490">
    <ele>651.6</ele>
   </trkpt>
   <trkpt lat="37.9844830" lon="-4.7995610">
    <ele>651.8</ele>
   </trkpt>
   <trkpt lat="37.9844880" lon="-4.7995720">
    <ele>652.0</ele>
   </trkpt>
   <trkpt lat="37.9844930" lon="-4.7995810">
    <ele>652.2</ele>
   </trkpt>
   <trkpt lat="37.9845030" lon="-4.7995900">
    <ele>652.4</ele>
   </trkpt>
   <trkpt lat="37.9845150" lon="-4.7996030">
    <ele>652.6</ele>
   </trkpt>
   <trkpt lat="37.9845220" lon="-4.7996150">
    <ele>652.6</ele>
   </trkpt>
   <trkpt lat="37.9845240" lon="-4.7996290">
    <ele>652.8</ele>
   </trkpt>
   <trkpt lat="37.9845310" lon="-4.7996420">
    <ele>652.8</ele>
   </trkpt>
   <trkpt lat="37.9845360" lon="-4.7996540">
    <ele>653.0</ele>
   </trkpt>
   <trkpt lat="37.9845390" lon="-4.7996660">
    <ele>653.0</ele>
   </trkpt>
   <trkpt lat="37.9845430" lon="-4.7996780">
    <ele>653.0</ele>
   </trkpt>
   <trkpt lat="37.9845480" lon="-4.7996950">
    <ele>653.0</ele>
   </trkpt>
   <trkpt lat="37.9845520" lon="-4.7997120">
    <ele>653.0</ele>
   </trkpt>
   <trkpt lat="37.9845530" lon="-4.7997290">
    <ele>652.8</ele>
   </trkpt>
   <trkpt lat="37.9845600" lon="-4.7997470">
    <ele>652.8</ele>
   </trkpt>
   <trkpt lat="37.9845660" lon="-4.7997650">
    <ele>652.6</ele>
   </trkpt>
   <trkpt lat="37.9845710" lon="-4.7997780">
    <ele>652.4</ele>
   </trkpt>
   <trkpt lat="37.9845770" lon="-4.7997880">
    <ele>652.4</ele>
   </trkpt>
   <trkpt lat="37.9845830" lon="-4.7998000">
    <ele>652.4</ele>
   </trkpt>
   <trkpt lat="37.9845890" lon="-4.7998140">
    <ele>652.4</ele>
   </trkpt>
   <trkpt lat="37.9845980" lon="-4.7998350">
    <ele>652.2</ele>
   </trkpt>
   <trkpt lat="37.9846050" lon="-4.7998510">
    <ele>652.2</ele>
   </trkpt>
   <trkpt lat="37.9846150" lon="-4.7998710">
    <ele>652.0</ele>
   </trkpt>
   <trkpt lat="37.9846230" lon="-4.7998910">
    <ele>651.8</ele>
   </trkpt>
   <trkpt lat="37.9846300" lon="-4.7999160">
    <ele>651.6</ele>
   </trkpt>
   <trkpt lat="37.9846370" lon="-4.7999420">
    <ele>651.4</ele>
   </trkpt>
   <trkpt lat="37.9846430" lon="-4.7999600">
    <ele>651.4</ele>
   </trkpt>
   <trkpt lat="37.9846490" lon="-4.7999780">
    <ele>651.0</ele>
   </trkpt>
   <trkpt lat="37.9846580" lon="-4.7999980">
    <ele>650.8</ele>
   </trkpt>
   <trkpt lat="37.9846680" lon="-4.8000180">
    <ele>650.6</ele>
   </trkpt>
   <trkpt lat="37.9846770" lon="-4.8000370">
    <ele>650.2</ele>
   </trkpt>
   <trkpt lat="37.9846850" lon="-4.8000570">
    <ele>650.0</ele>
   </trkpt>
   <trkpt lat="37.9846870" lon="-4.8000680">
    <ele>649.6</ele>
   </trkpt>
   <trkpt lat="37.9846960" lon="-4.8000830">
    <ele>649.4</ele>
   </trkpt>
   <trkpt lat="37.9847090" lon="-4.8001090">
    <ele>649.2</ele>
   </trkpt>
   <trkpt lat="37.9847220" lon="-4.8001210">
    <ele>649.0</ele>
   </trkpt>
   <trkpt lat="37.9847380" lon="-4.8001340">
    <ele>648.8</ele>
   </trkpt>
   <trkpt lat="37.9847490" lon="-4.8001410">
    <ele>648.6</ele>
   </trkpt>
   <trkpt lat="37.9847610" lon="-4.8001450">
    <ele>648.6</ele>
   </trkpt>
   <trkpt lat="37.9847750" lon="-4.8001500">
    <ele>648.6</ele>
   </trkpt>
   <trkpt lat="37.9847860" lon="-4.8001550">
    <ele>648.6</ele>
   </trkpt>
   <trkpt lat="37.9847980" lon="-4.8001630">
    <ele>648.6</ele>
   </trkpt>
   <trkpt lat="37.9848110" lon="-4.8001670">
    <ele>648.6</ele>
   </trkpt>
   <trkpt lat="37.9848250" lon="-4.8001700">
    <ele>648.6</ele>
   </trkpt>
   <trkpt lat="37.9848360" lon="-4.8001770">
    <ele>648.6</ele>
   </trkpt>
   <trkpt lat="37.9848500" lon="-4.8001830">
    <ele>648.6</ele>
   </trkpt>
   <trkpt lat="37.9848610" lon="-4.8001860">
    <ele>648.4</ele>
   </trkpt>
   <trkpt lat="37.9848720" lon="-4.8001900">
    <ele>648.4</ele>
   </trkpt>
   <trkpt lat="37.9848840" lon="-4.8001910">
    <ele>648.6</ele>
   </trkpt>
   <trkpt lat="37.9848960" lon="-4.8001910">
    <ele>648.6</ele>
   </trkpt>
   <trkpt lat="37.9849110" lon="-4.8001920">
    <ele>648.6</ele>
   </trkpt>
   <trkpt lat="37.9849280" lon="-4.8001940">
    <ele>648.8</ele>
   </trkpt>
   <trkpt lat="37.9849420" lon="-4.8001940">
    <ele>648.8</ele>
   </trkpt>
   <trkpt lat="37.9849560" lon="-4.8001920">
    <ele>648.6</ele>
   </trkpt>
   <trkpt lat="37.9849680" lon="-4.8001910">
    <ele>648.6</ele>
   </trkpt>
   <trkpt lat="37.9849810" lon="-4.8001890">
    <ele>648.4</ele>
   </trkpt>
   <trkpt lat="37.9849950" lon="-4.8001870">
    <ele>648.4</ele>
   </trkpt>
   <trkpt lat="37.9850070" lon="-4.8001840">
    <ele>648.4</ele>
   </trkpt>
   <trkpt lat="37.9850120" lon="-4.8001820">
    <ele>648.4</ele>
   </trkpt>
   <trkpt lat="37.9850220" lon="-4.8001780">
    <ele>648.4</ele>
   </trkpt>
   <trkpt lat="37.9850380" lon="-4.8001740">
    <ele>648.4</ele>
   </trkpt>
   <trkpt lat="37.9850550" lon="-4.8001690">
    <ele>648.4</ele>
   </trkpt>
   <trkpt lat="37.9850690" lon="-4.8001650">
    <ele>648.4</ele>
   </trkpt>
   <trkpt lat="37.9850830" lon="-4.8001580">
    <ele>648.4</ele>
   </trkpt>
   <trkpt lat="37.9850960" lon="-4.8001540">
    <ele>648.4</ele>
   </trkpt>
   <trkpt lat="37.9851110" lon="-4.8001570">
    <ele>648.4</ele>
   </trkpt>
   <trkpt lat="37.9851270" lon="-4.8001560">
    <ele>648.4</ele>
   </trkpt>
   <trkpt lat="37.9851360" lon="-4.8001560">
    <ele>648.2</ele>
   </trkpt>
   <trkpt lat="37.9851500" lon="-4.8001570">
    <ele>648.2</ele>
   </trkpt>
   <trkpt lat="37.9851660" lon="-4.8001610">
    <ele>648.0</ele>
   </trkpt>
   <trkpt lat="37.9851790" lon="-4.8001620">
    <ele>647.8</ele>
   </trkpt>
   <trkpt lat="37.9851900" lon="-4.8001640">
    <ele>647.6</ele>
   </trkpt>
   <trkpt lat="37.9852020" lon="-4.8001610">
    <ele>647.6</ele>
   </trkpt>
   <trkpt lat="37.9852130" lon="-4.8001630">
    <ele>647.4</ele>
   </trkpt>
   <trkpt lat="37.9852250" lon="-4.8001620">
    <ele>647.4</ele>
   </trkpt>
   <trkpt lat="37.9852360" lon="-4.8001630">
    <ele>647.2</ele>
   </trkpt>
   <trkpt lat="37.9852490" lon="-4.8001650">
    <ele>647.2</ele>
   </trkpt>
   <trkpt lat="37.9852700" lon="-4.8001630">
    <ele>647.0</ele>
   </trkpt>
   <trkpt lat="37.9852890" lon="-4.8001560">
    <ele>647.0</ele>
   </trkpt>
   <trkpt lat="37.9853050" lon="-4.8001450">
    <ele>646.8</ele>
   </trkpt>
   <trkpt lat="37.9853210" lon="-4.8001350">
    <ele>646.8</ele>
   </trkpt>
   <trkpt lat="37.9853370" lon="-4.8001230">
    <ele>646.8</ele>
   </trkpt>
   <trkpt lat="37.9853500" lon="-4.8001100">
    <ele>646.8</ele>
   </trkpt>
   <trkpt lat="37.9853630" lon="-4.8000970">
    <ele>646.8</ele>
   </trkpt>
   <trkpt lat="37.9853750" lon="-4.8000810">
    <ele>646.8</ele>
   </trkpt>
   <trkpt lat="37.9853860" lon="-4.8000650">
    <ele>646.8</ele>
   </trkpt>
   <trkpt lat="37.9853950" lon="-4.8000500">
    <ele>647.0</ele>
   </trkpt>
   <trkpt lat="37.9854040" lon="-4.8000350">
    <ele>647.2</ele>
   </trkpt>
   <trkpt lat="37.9854100" lon="-4.8000170">
    <ele>647.2</ele>
   </trkpt>
   <trkpt lat="37.9854150" lon="-4.8000010">
    <ele>647.4</ele>
   </trkpt>
   <trkpt lat="37.9854200" lon="-4.7999870">
    <ele>647.6</ele>
   </trkpt>
   <trkpt lat="37.9854260" lon="-4.7999760">
    <ele>647.8</ele>
   </trkpt>
   <trkpt lat="37.9854310" lon="-4.7999610">
    <ele>647.8</ele>
   </trkpt>
   <trkpt lat="37.9854380" lon="-4.7999450">
    <ele>648.0</ele>
   </trkpt>
   <trkpt lat="37.9854440" lon="-4.7999310">
    <ele>648.2</ele>
   </trkpt>
   <trkpt lat="37.9854510" lon="-4.7999160">
    <ele>648.4</ele>
   </trkpt>
   <trkpt lat="37.9854610" lon="-4.7998970">
    <ele>648.6</ele>
   </trkpt>
   <trkpt lat="37.9854690" lon="-4.7998820">
    <ele>648.8</ele>
   </trkpt>
   <trkpt lat="37.9854790" lon="-4.7998650">
    <ele>649.2</ele>
   </trkpt>
   <trkpt lat="37.9854900" lon="-4.7998520">
    <ele>649.4</ele>
   </trkpt>
   <trkpt lat="37.9855010" lon="-4.7998360">
    <ele>649.6</ele>
   </trkpt>
   <trkpt lat="37.9855110" lon="-4.7998240">
    <ele>649.8</ele>
   </trkpt>
   <trkpt lat="37.9855190" lon="-4.7998100">
    <ele>650.0</ele>
   </trkpt>
   <trkpt lat="37.9855280" lon="-4.7997970">
    <ele>650.0</ele>
   </trkpt>
   <trkpt lat="37.9855390" lon="-4.7997810">
    <ele>650.2</ele>
   </trkpt>
   <trkpt lat="37.9855490" lon="-4.7997700">
    <ele>650.0</ele>
   </trkpt>
   <trkpt lat="37.9855580" lon="-4.7997600">
    <ele>650.0</ele>
   </trkpt>
   <trkpt lat="37.9855700" lon="-4.7997510">
    <ele>649.8</ele>
   </trkpt>
   <trkpt lat="37.9855810" lon="-4.7997420">
    <ele>649.6</ele>
   </trkpt>
   <trkpt lat="37.9855930" lon="-4.7997300">
    <ele>649.6</ele>
   </trkpt>
   <trkpt lat="37.9856040" lon="-4.7997190">
    <ele>649.4</ele>
   </trkpt>
   <trkpt lat="37.9856140" lon="-4.7997050">
    <ele>649.6</ele>
   </trkpt>
   <trkpt lat="37.9856260" lon="-4.7996940">
    <ele>649.6</ele>
   </trkpt>
   <trkpt lat="37.9856370" lon="-4.7996830">
    <ele>649.4</ele>
   </trkpt>
   <trkpt lat="37.9856470" lon="-4.7996770">
    <ele>649.6</ele>
   </trkpt>
   <trkpt lat="37.9856540" lon="-4.7996740">
    <ele>649.4</ele>
   </trkpt>
   <trkpt lat="37.9856650" lon="-4.7996610">
    <ele>649.4</ele>
   </trkpt>
   <trkpt lat="37.9856790" lon="-4.7996480">
    <ele>649.0</ele>
   </trkpt>
   <trkpt lat="37.9856900" lon="-4.7996380">
    <ele>648.8</ele>
   </trkpt>
   <trkpt lat="37.9857040" lon="-4.7996270">
    <ele>648.6</ele>
   </trkpt>
   <trkpt lat="37.9857160" lon="-4.7996140">
    <ele>648.4</ele>
   </trkpt>
   <trkpt lat="37.9857270" lon="-4.7996020">
    <ele>648.2</ele>
   </trkpt>
   <trkpt lat="37.9857400" lon="-4.7995880">
    <ele>648.0</ele>
   </trkpt>
   <trkpt lat="37.9857530" lon="-4.7995750">
    <ele>648.0</ele>
   </trkpt>
   <trkpt lat="37.9857630" lon="-4.7995650">
    <ele>647.8</ele>
   </trkpt>
   <trkpt lat="37.9857740" lon="-4.7995570">
    <ele>647.6</ele>
   </trkpt>
   <trkpt lat="37.9857850" lon="-4.7995490">
    <ele>647.4</ele>
   </trkpt>
   <trkpt lat="37.9857980" lon="-4.7995390">
    <ele>647.2</ele>
   </trkpt>
   <trkpt lat="37.9858020" lon="-4.7995310">
    <ele>647.0</ele>
   </trkpt>
   <trkpt lat="37.9858100" lon="-4.7995250">
    <ele>646.8</ele>
   </trkpt>
   <trkpt lat="37.9858210" lon="-4.7995130">
    <ele>646.6</ele>
   </trkpt>
   <trkpt lat="37.9858330" lon="-4.7995030">
    <ele>646.6</ele>
   </trkpt>
   <trkpt lat="37.9858430" lon="-4.7994930">
    <ele>646.4</ele>
   </trkpt>
   <trkpt lat="37.9858560" lon="-4.7994790">
    <ele>646.2</ele>
   </trkpt>
   <trkpt lat="37.9858640" lon="-4.7994680">
    <ele>646.0</ele>
   </trkpt>
   <trkpt lat="37.9858760" lon="-4.7994550">
    <ele>645.8</ele>
   </trkpt>
   <trkpt lat="37.9858870" lon="-4.7994430">
    <ele>645.8</ele>
   </trkpt>
   <trkpt lat="37.9859000" lon="-4.7994310">
    <ele>645.6</ele>
   </trkpt>
   <trkpt lat="37.9859130" lon="-4.7994190">
    <ele>645.4</ele>
   </trkpt>
   <trkpt lat="37.9859210" lon="-4.7994120">
    <ele>645.4</ele>
   </trkpt>
   <trkpt lat="37.9859320" lon="-4.7994020">
    <ele>645.4</ele>
   </trkpt>
   <trkpt lat="37.9859450" lon="-4.7993910">
    <ele>645.2</ele>
   </trkpt>
   <trkpt lat="37.9859580" lon="-4.7993820">
    <ele>645.2</ele>
   </trkpt>
   <trkpt lat="37.9859690" lon="-4.7993730">
    <ele>645.2</ele>
   </trkpt>
   <trkpt lat="37.9859790" lon="-4.7993640">
    <ele>645.0</ele>
   </trkpt>
   <trkpt lat="37.9859930" lon="-4.7993520">
    <ele>645.0</ele>
   </trkpt>
   <trkpt lat="37.9860040" lon="-4.7993410">
    <ele>645.0</ele>
   </trkpt>
   <trkpt lat="37.9860160" lon="-4.7993310">
    <ele>645.0</ele>
   </trkpt>
   <trkpt lat="37.9860250" lon="-4.7993260">
    <ele>645.0</ele>
   </trkpt>
   <trkpt lat="37.9860340" lon="-4.7993200">
    <ele>645.0</ele>
   </trkpt>
   <trkpt lat="37.9860460" lon="-4.7993080">
    <ele>644.8</ele>
   </trkpt>
   <trkpt lat="37.9860590" lon="-4.7992980">
    <ele>644.8</ele>
   </trkpt>
   <trkpt lat="37.9860710" lon="-4.7992890">
    <ele>644.8</ele>
   </trkpt>
   <trkpt lat="37.9860850" lon="-4.7992820">
    <ele>645.0</ele>
   </trkpt>
   <trkpt lat="37.9861000" lon="-4.7992740">
    <ele>645.2</ele>
   </trkpt>
   <trkpt lat="37.9861150" lon="-4.7992670">
    <ele>645.4</ele>
   </trkpt>
   <trkpt lat="37.9861290" lon="-4.7992620">
    <ele>645.6</ele>
   </trkpt>
   <trkpt lat="37.9861450" lon="-4.7992580">
    <ele>645.8</ele>
   </trkpt>
   <trkpt lat="37.9861610" lon="-4.7992530">
    <ele>645.8</ele>
   </trkpt>
   <trkpt lat="37.9861770" lon="-4.7992510">
    <ele>645.8</ele>
   </trkpt>
   <trkpt lat="37.9861920" lon="-4.7992470">
    <ele>645.8</ele>
   </trkpt>
   <trkpt lat="37.9862070" lon="-4.7992450">
    <ele>645.8</ele>
   </trkpt>
   <trkpt lat="37.9862210" lon="-4.7992420">
    <ele>646.0</ele>
   </trkpt>
   <trkpt lat="37.9862350" lon="-4.7992500">
    <ele>646.2</ele>
   </trkpt>
   <trkpt lat="37.9862520" lon="-4.7992550">
    <ele>646.4</ele>
   </trkpt>
   <trkpt lat="37.9862700" lon="-4.7992570">
    <ele>646.4</ele>
   </trkpt>
   <trkpt lat="37.9862820" lon="-4.7992600">
    <ele>646.2</ele>
   </trkpt>
   <trkpt lat="37.9862940" lon="-4.7992620">
    <ele>646.0</ele>
   </trkpt>
   <trkpt lat="37.9863070" lon="-4.7992640">
    <ele>645.8</ele>
   </trkpt>
   <trkpt lat="37.9863200" lon="-4.7992660">
    <ele>645.6</ele>
   </trkpt>
   <trkpt lat="37.9863370" lon="-4.7992690">
    <ele>645.4</ele>
   </trkpt>
   <trkpt lat="37.9863540" lon="-4.7992720">
    <ele>645.4</ele>
   </trkpt>
   <trkpt lat="37.9863700" lon="-4.7992750">
    <ele>645.4</ele>
   </trkpt>
   <trkpt lat="37.9863850" lon="-4.7992800">
    <ele>645.2</ele>
   </trkpt>
   <trkpt lat="37.9864000" lon="-4.7992860">
    <ele>645.2</ele>
   </trkpt>
   <trkpt lat="37.9864150" lon="-4.7992920">
    <ele>645.2</ele>
   </trkpt>
   <trkpt lat="37.9864290" lon="-4.7992970">
    <ele>645.2</ele>
   </trkpt>
   <trkpt lat="37.9864420" lon="-4.7993000">
    <ele>645.4</ele>
   </trkpt>
   <trkpt lat="37.9864560" lon="-4.7993050">
    <ele>645.4</ele>
   </trkpt>
   <trkpt lat="37.9864690" lon="-4.7993110">
    <ele>645.4</ele>
   </trkpt>
   <trkpt lat="37.9864820" lon="-4.7993170">
    <ele>645.4</ele>
   </trkpt>
   <trkpt lat="37.9864970" lon="-4.7993230">
    <ele>645.4</ele>
   </trkpt>
   <trkpt lat="37.9865110" lon="-4.7993280">
    <ele>645.4</ele>
   </trkpt>
   <trkpt lat="37.9865270" lon="-4.7993360">
    <ele>645.2</ele>
   </trkpt>
   <trkpt lat="37.9865420" lon="-4.7993410">
    <ele>645.0</ele>
   </trkpt>
   <trkpt lat="37.9865550" lon="-4.7993490">
    <ele>645.0</ele>
   </trkpt>
   <trkpt lat="37.9865690" lon="-4.7993560">
    <ele>644.8</ele>
   </trkpt>
   <trkpt lat="37.9865840" lon="-4.7993620">
    <ele>644.8</ele>
   </trkpt>
   <trkpt lat="37.9865990" lon="-4.7993680">
    <ele>644.8</ele>
   </trkpt>
   <trkpt lat="37.9866140" lon="-4.7993750">
    <ele>644.8</ele>
   </trkpt>
   <trkpt lat="37.9866290" lon="-4.7993820">
    <ele>644.6</ele>
   </trkpt>
   <trkpt lat="37.9866410" lon="-4.7993900">
    <ele>644.6</ele>
   </trkpt>
   <trkpt lat="37.9866510" lon="-4.7993970">
    <ele>644.4</ele>
   </trkpt>
   <trkpt lat="37.9866620" lon="-4.7994050">
    <ele>644.2</ele>
   </trkpt>
   <trkpt lat="37.9866730" lon="-4.7994140">
    <ele>644.2</ele>
   </trkpt>
   <trkpt lat="37.9866830" lon="-4.7994220">
    <ele>644.0</ele>
   </trkpt>
   <trkpt lat="37.9866920" lon="-4.7994330">
    <ele>644.0</ele>
   </trkpt>
   <trkpt lat="37.9867040" lon="-4.7994470">
    <ele>644.0</ele>
   </trkpt>
   <trkpt lat="37.9867130" lon="-4.7994640">
    <ele>644.0</ele>
   </trkpt>
   <trkpt lat="37.9867230" lon="-4.7994850">
    <ele>644.0</ele>
   </trkpt>
   <trkpt lat="37.9867330" lon="-4.7995050">
    <ele>643.8</ele>
   </trkpt>
   <trkpt lat="37.9867430" lon="-4.7995230">
    <ele>643.8</ele>
   </trkpt>
   <trkpt lat="37.9867520" lon="-4.7995400">
    <ele>643.6</ele>
   </trkpt>
   <trkpt lat="37.9867600" lon="-4.7995540">
    <ele>643.4</ele>
   </trkpt>
   <trkpt lat="37.9867700" lon="-4.7995660">
    <ele>643.2</ele>
   </trkpt>
   <trkpt lat="37.9867780" lon="-4.7995770">
    <ele>643.0</ele>
   </trkpt>
   <trkpt lat="37.9867890" lon="-4.7995890">
    <ele>643.0</ele>
   </trkpt>
   <trkpt lat="37.9867960" lon="-4.7996000">
    <ele>643.0</ele>
   </trkpt>
   <trkpt lat="37.9868010" lon="-4.7996090">
    <ele>643.2</ele>
   </trkpt>
   <trkpt lat="37.9868080" lon="-4.7996160">
    <ele>643.4</ele>
   </trkpt>
   <trkpt lat="37.9868130" lon="-4.7996220">
    <ele>643.4</ele>
   </trkpt>
   <trkpt lat="37.9868150" lon="-4.7996290">
    <ele>643.6</ele>
   </trkpt>
   <trkpt lat="37.9868140" lon="-4.7996340">
    <ele>643.8</ele>
   </trkpt>
   <trkpt lat="37.9868120" lon="-4.7996350">
    <ele>643.8</ele>
   </trkpt>
   <trkpt lat="37.9868070" lon="-4.7996360">
    <ele>643.8</ele>
   </trkpt>
   <trkpt lat="37.9868050" lon="-4.7996350">
    <ele>643.8</ele>
   </trkpt>
   <trkpt lat="37.9868040" lon="-4.7996370">
    <ele>643.8</ele>
   </trkpt>
   <trkpt lat="37.9868040" lon="-4.7996360">
    <ele>643.8</ele>
   </trkpt>
   <trkpt lat="37.9868050" lon="-4.7996360">
    <ele>643.8</ele>
   </trkpt>
   <trkpt lat="37.9868060" lon="-4.7996360">
    <ele>644.0</ele>
   </trkpt>
   <trkpt lat="37.9868060" lon="-4.7996370">
    <ele>644.0</ele>
   </trkpt>
   <trkpt lat="37.9868100" lon="-4.7996310">
    <ele>644.0</ele>
   </trkpt>
   <trkpt lat="37.9868090" lon="-4.7996340">
    <ele>644.2</ele>
   </trkpt>
   <trkpt lat="37.9868070" lon="-4.7996280">
    <ele>644.2</ele>
   </trkpt>
   <trkpt lat="37.9868070" lon="-4.7996280">
    <ele>644.2</ele>
   </trkpt>
   <trkpt lat="37.9868070" lon="-4.7996280">
    <ele>644.2</ele>
   </trkpt>
   <trkpt lat="37.9868070" lon="-4.7996280">
    <ele>644.0</ele>
   </trkpt>
   <trkpt lat="37.9868070" lon="-4.7996280">
    <ele>644.0</ele>
   </trkpt>
   <trkpt lat="37.9868070" lon="-4.7996280">
    <ele>644.0</ele>
   </trkpt>
   <trkpt lat="37.9868070" lon="-4.7996280">
    <ele>643.8</ele>
   </trkpt>
   <trkpt lat="37.9868090" lon="-4.7996250">
    <ele>643.8</ele>
   </trkpt>
   <trkpt lat="37.9868200" lon="-4.7996280">
    <ele>643.8</ele>
   </trkpt>
   <trkpt lat="37.9868270" lon="-4.7996330">
    <ele>643.8</ele>
   </trkpt>
   <trkpt lat="37.9868360" lon="-4.7996390">
    <ele>644.0</ele>
   </trkpt>
   <trkpt lat="37.9868470" lon="-4.7996470">
    <ele>644.2</ele>
   </trkpt>
   <trkpt lat="37.9868530" lon="-4.7996560">
    <ele>644.4</ele>
   </trkpt>
   <trkpt lat="37.9868630" lon="-4.7996640">
    <ele>644.6</ele>
   </trkpt>
   <trkpt lat="37.9868720" lon="-4.7996700">
    <ele>644.6</ele>
   </trkpt>
   <trkpt lat="37.9868810" lon="-4.7996800">
    <ele>644.8</ele>
   </trkpt>
   <trkpt lat="37.9868870" lon="-4.7996880">
    <ele>644.8</ele>
   </trkpt>
   <trkpt lat="37.9868950" lon="-4.7996960">
    <ele>644.8</ele>
   </trkpt>
   <trkpt lat="37.9868990" lon="-4.7997030">
    <ele>645.0</ele>
   </trkpt>
   <trkpt lat="37.9869060" lon="-4.7997100">
    <ele>645.2</ele>
   </trkpt>
   <trkpt lat="37.9869120" lon="-4.7997190">
    <ele>645.4</ele>
   </trkpt>
   <trkpt lat="37.9869190" lon="-4.7997280">
    <ele>645.6</ele>
   </trkpt>
   <trkpt lat="37.9869270" lon="-4.7997340">
    <ele>646.0</ele>
   </trkpt>
   <trkpt lat="37.9869330" lon="-4.7997440">
    <ele>646.2</ele>
   </trkpt>
   <trkpt lat="37.9869420" lon="-4.7997550">
    <ele>646.6</ele>
   </trkpt>
   <trkpt lat="37.9869510" lon="-4.7997660">
    <ele>646.8</ele>
   </trkpt>
   <trkpt lat="37.9869560" lon="-4.7997750">
    <ele>646.8</ele>
   </trkpt>
   <trkpt lat="37.9869630" lon="-4.7997860">
    <ele>646.8</ele>
   </trkpt>
   <trkpt lat="37.9869720" lon="-4.7997970">
    <ele>646.6</ele>
   </trkpt>
   <trkpt lat="37.9869820" lon="-4.7998080">
    <ele>646.8</ele>
   </trkpt>
   <trkpt lat="37.9869890" lon="-4.7998180">
    <ele>646.8</ele>
   </trkpt>
   <trkpt lat="37.9869970" lon="-4.7998280">
    <ele>647.2</ele>
   </trkpt>
   <trkpt lat="37.9870040" lon="-4.7998360">
    <ele>647.4</ele>
   </trkpt>
   <trkpt lat="37.9870110" lon="-4.7998440">
    <ele>647.8</ele>
   </trkpt>
   <trkpt lat="37.9870170" lon="-4.7998550">
    <ele>648.2</ele>
   </trkpt>
   <trkpt lat="37.9870170" lon="-4.7998670">
    <ele>648.2</ele>
   </trkpt>
   <trkpt lat="37.9870210" lon="-4.7998800">
    <ele>648.2</ele>
   </trkpt>
   <trkpt lat="37.9870270" lon="-4.7998930">
    <ele>648.0</ele>
   </trkpt>
   <trkpt lat="37.9870310" lon="-4.7999050">
    <ele>648.0</ele>
   </trkpt>
   <trkpt lat="37.9870340" lon="-4.7999160">
    <ele>648.0</ele>
   </trkpt>
   <trkpt lat="37.9870340" lon="-4.7999300">
    <ele>648.2</ele>
   </trkpt>
   <trkpt lat="37.9870330" lon="-4.7999420">
    <ele>648.4</ele>
   </trkpt>
   <trkpt lat="37.9870380" lon="-4.7999580">
    <ele>648.6</ele>
   </trkpt>
   <trkpt lat="37.9870420" lon="-4.7999740">
    <ele>648.8</ele>
   </trkpt>
   <trkpt lat="37.9870520" lon="-4.7999910">
    <ele>648.8</ele>
   </trkpt>
   <trkpt lat="37.9870500" lon="-4.8000020">
    <ele>649.0</ele>
   </trkpt>
   <trkpt lat="37.9870550" lon="-4.8000210">
    <ele>648.8</ele>
   </trkpt>
   <trkpt lat="37.9870590" lon="-4.8000390">
    <ele>648.8</ele>
   </trkpt>
   <trkpt lat="37.9870630" lon="-4.8000580">
    <ele>648.6</ele>
   </trkpt>
   <trkpt lat="37.9870660" lon="-4.8000750">
    <ele>648.4</ele>
   </trkpt>
   <trkpt lat="37.9870680" lon="-4.8000880">
    <ele>648.2</ele>
   </trkpt>
   <trkpt lat="37.9870680" lon="-4.8000960">
    <ele>648.0</ele>
   </trkpt>
   <trkpt lat="37.9870690" lon="-4.8001080">
    <ele>647.8</ele>
   </trkpt>
   <trkpt lat="37.9870690" lon="-4.8001220">
    <ele>647.8</ele>
   </trkpt>
   <trkpt lat="37.9870670" lon="-4.8001360">
    <ele>647.6</ele>
   </trkpt>
   <trkpt lat="37.9870690" lon="-4.8001570">
    <ele>647.4</ele>
   </trkpt>
   <trkpt lat="37.9870700" lon="-4.8001770">
    <ele>647.0</ele>
   </trkpt>
   <trkpt lat="37.9870700" lon="-4.8001980">
    <ele>646.6</ele>
   </trkpt>
   <trkpt lat="37.9870690" lon="-4.8002150">
    <ele>646.2</ele>
   </trkpt>
   <trkpt lat="37.9870700" lon="-4.8002290">
    <ele>645.8</ele>
   </trkpt>
   <trkpt lat="37.9870710" lon="-4.8002410">
    <ele>645.6</ele>
   </trkpt>
   <trkpt lat="37.9870720" lon="-4.8002550">
    <ele>645.4</ele>
   </trkpt>
   <trkpt lat="37.9870760" lon="-4.8002720">
    <ele>645.2</ele>
   </trkpt>
   <trkpt lat="37.9870790" lon="-4.8002890">
    <ele>645.0</ele>
   </trkpt>
   <trkpt lat="37.9870810" lon="-4.8003040">
    <ele>644.6</ele>
   </trkpt>
   <trkpt lat="37.9870870" lon="-4.8003180">
    <ele>644.2</ele>
   </trkpt>
   <trkpt lat="37.9870930" lon="-4.8003360">
    <ele>643.6</ele>
   </trkpt>
   <trkpt lat="37.9870990" lon="-4.8003580">
    <ele>643.2</ele>
   </trkpt>
   <trkpt lat="37.9871100" lon="-4.8003870">
    <ele>642.6</ele>
   </trkpt>
   <trkpt lat="37.9871110" lon="-4.8004200">
    <ele>642.0</ele>
   </trkpt>
   <trkpt lat="37.9871160" lon="-4.8004560">
    <ele>641.4</ele>
   </trkpt>
   <trkpt lat="37.9871220" lon="-4.8004980">
    <ele>640.8</ele>
   </trkpt>
   <trkpt lat="37.9871280" lon="-4.8005390">
    <ele>639.8</ele>
   </trkpt>
   <trkpt lat="37.9871310" lon="-4.8005780">
    <ele>638.8</ele>
   </trkpt>
   <trkpt lat="37.9871380" lon="-4.8006140">
    <ele>638.0</ele>
   </trkpt>
   <trkpt lat="37.9871520" lon="-4.8006550">
    <ele>637.4</ele>
   </trkpt>
   <trkpt lat="37.9871580" lon="-4.8006960">
    <ele>636.6</ele>
   </trkpt>
   <trkpt lat="37.9871660" lon="-4.8007290">
    <ele>636.0</ele>
   </trkpt>
   <trkpt lat="37.9871730" lon="-4.8007610">
    <ele>635.2</ele>
   </trkpt>
   <trkpt lat="37.9871860" lon="-4.8007900">
    <ele>634.4</ele>
   </trkpt>
   <trkpt lat="37.9871940" lon="-4.8008220">
    <ele>633.6</ele>
   </trkpt>
   <trkpt lat="37.9871960" lon="-4.8008620">
    <ele>632.6</ele>
   </trkpt>
   <trkpt lat="37.9871990" lon="-4.8008870">
    <ele>631.8</ele>
   </trkpt>
   <trkpt lat="37.9872070" lon="-4.8009190">
    <ele>631.2</ele>
   </trkpt>
   <trkpt lat="37.9872150" lon="-4.8009490">
    <ele>630.2</ele>
   </trkpt>
   <trkpt lat="37.9872240" lon="-4.8009830">
    <ele>629.0</ele>
   </trkpt>
   <trkpt lat="37.9872320" lon="-4.8010100">
    <ele>628.0</ele>
   </trkpt>
   <trkpt lat="37.9872380" lon="-4.8010380">
    <ele>627.0</ele>
   </trkpt>
   <trkpt lat="37.9872400" lon="-4.8010660">
    <ele>626.2</ele>
   </trkpt>
   <trkpt lat="37.9872490" lon="-4.8011000">
    <ele>625.6</ele>
   </trkpt>
   <trkpt lat="37.9872570" lon="-4.8011280">
    <ele>624.8</ele>
   </trkpt>
   <trkpt lat="37.9872640" lon="-4.8011590">
    <ele>624.2</ele>
   </trkpt>
   <trkpt lat="37.9872730" lon="-4.8011930">
    <ele>623.4</ele>
   </trkpt>
   <trkpt lat="37.9872830" lon="-4.8012270">
    <ele>622.8</ele>
   </trkpt>
   <trkpt lat="37.9872990" lon="-4.8012700">
    <ele>621.8</ele>
   </trkpt>
   <trkpt lat="37.9873080" lon="-4.8013050">
    <ele>620.6</ele>
   </trkpt>
   <trkpt lat="37.9873130" lon="-4.8013350">
    <ele>619.6</ele>
   </trkpt>
   <trkpt lat="37.9873290" lon="-4.8013620">
    <ele>619.0</ele>
   </trkpt>
   <trkpt lat="37.9873350" lon="-4.8013810">
    <ele>618.6</ele>
   </trkpt>
   <trkpt lat="37.9873440" lon="-4.8014080">
    <ele>618.2</ele>
   </trkpt>
   <trkpt lat="37.9873500" lon="-4.8014290">
    <ele>617.8</ele>
   </trkpt>
   <trkpt lat="37.9873610" lon="-4.8014520">
    <ele>617.2</ele>
   </trkpt>
   <trkpt lat="37.9873700" lon="-4.8014680">
    <ele>616.4</ele>
   </trkpt>
   <trkpt lat="37.9873900" lon="-4.8014890">
    <ele>615.8</ele>
   </trkpt>
   <trkpt lat="37.9874060" lon="-4.8015120">
    <ele>615.2</ele>
   </trkpt>
   <trkpt lat="37.9874200" lon="-4.8015340">
    <ele>614.4</ele>
   </trkpt>
   <trkpt lat="37.9874370" lon="-4.8015590">
    <ele>613.6</ele>
   </trkpt>
   <trkpt lat="37.9874590" lon="-4.8015830">
    <ele>612.8</ele>
   </trkpt>
   <trkpt lat="37.9874680" lon="-4.8016090">
    <ele>612.0</ele>
   </trkpt>
   <trkpt lat="37.9874770" lon="-4.8016340">
    <ele>611.6</ele>
   </trkpt>
   <trkpt lat="37.9874910" lon="-4.8016580">
    <ele>610.8</ele>
   </trkpt>
   <trkpt lat="37.9875010" lon="-4.8016830">
    <ele>610.4</ele>
   </trkpt>
   <trkpt lat="37.9875050" lon="-4.8017080">
    <ele>609.6</ele>
   </trkpt>
   <trkpt lat="37.9875120" lon="-4.8017330">
    <ele>609.0</ele>
   </trkpt>
   <trkpt lat="37.9875190" lon="-4.8017560">
    <ele>608.4</ele>
   </trkpt>
   <trkpt lat="37.9875230" lon="-4.8017770">
    <ele>607.8</ele>
   </trkpt>
   <trkpt lat="37.9875270" lon="-4.8017950">
    <ele>607.2</ele>
   </trkpt>
   <trkpt lat="37.9875350" lon="-4.8018170">
    <ele>606.8</ele>
   </trkpt>
   <trkpt lat="37.9875450" lon="-4.8018360">
    <ele>606.4</ele>
   </trkpt>
   <trkpt lat="37.9875550" lon="-4.8018470">
    <ele>605.8</ele>
   </trkpt>
   <trkpt lat="37.9875600" lon="-4.8018740">
    <ele>605.4</ele>
   </trkpt>
   <trkpt lat="37.9875620" lon="-4.8018940">
    <ele>604.6</ele>
   </trkpt>
   <trkpt lat="37.9875720" lon="-4.8019180">
    <ele>603.6</ele>
   </trkpt>
   <trkpt lat="37.9875770" lon="-4.8019450">
    <ele>602.8</ele>
   </trkpt>
   <trkpt lat="37.9875780" lon="-4.8019730">
    <ele>602.2</ele>
   </trkpt>
   <trkpt lat="37.9875760" lon="-4.8020070">
    <ele>601.2</ele>
   </trkpt>
   <trkpt lat="37.9875690" lon="-4.8020360">
    <ele>600.2</ele>
   </trkpt>
   <trkpt lat="37.9875600" lon="-4.8020600">
    <ele>599.2</ele>
   </trkpt>
   <trkpt lat="37.9875500" lon="-4.8020840">
    <ele>598.4</ele>
   </trkpt>
   <trkpt lat="37.9875400" lon="-4.8021190">
    <ele>597.6</ele>
   </trkpt>
   <trkpt lat="37.9875300" lon="-4.8021470">
    <ele>597.0</ele>
   </trkpt>
   <trkpt lat="37.9875210" lon="-4.8021710">
    <ele>596.4</ele>
   </trkpt>
   <trkpt lat="37.9875160" lon="-4.8021980">
    <ele>595.6</ele>
   </trkpt>
   <trkpt lat="37.9875100" lon="-4.8022230">
    <ele>594.8</ele>
   </trkpt>
   <trkpt lat="37.9875010" lon="-4.8022530">
    <ele>594.0</ele>
   </trkpt>
   <trkpt lat="37.9874950" lon="-4.8022760">
    <ele>593.4</ele>
   </trkpt>
   <trkpt lat="37.9874930" lon="-4.8022830">
    <ele>592.8</ele>
   </trkpt>
   <trkpt lat="37.9874910" lon="-4.8023030">
    <ele>592.4</ele>
   </trkpt>
   <trkpt lat="37.9874830" lon="-4.8023180">
    <ele>592.2</ele>
   </trkpt>
   <trkpt lat="37.9874750" lon="-4.8023310">
    <ele>591.8</ele>
   </trkpt>
   <trkpt lat="37.9874690" lon="-4.8023430">
    <ele>591.6</ele>
   </trkpt>
   <trkpt lat="37.9874610" lon="-4.8023580">
    <ele>591.4</ele>
   </trkpt>
   <trkpt lat="37.9874540" lon="-4.8023700">
    <ele>591.0</ele>
   </trkpt>
   <trkpt lat="37.9874470" lon="-4.8023800">
    <ele>590.8</ele>
   </trkpt>
   <trkpt lat="37.9874410" lon="-4.8023850">
    <ele>590.6</ele>
   </trkpt>
   <trkpt lat="37.9874350" lon="-4.8023890">
    <ele>590.4</ele>
   </trkpt>
   <trkpt lat="37.9874300" lon="-4.8023940">
    <ele>590.2</ele>
   </trkpt>
   <trkpt lat="37.9874220" lon="-4.8023980">
    <ele>590.0</ele>
   </trkpt>
   <trkpt lat="37.9874170" lon="-4.8024040">
    <ele>590.0</ele>
   </trkpt>
   <trkpt lat="37.9874110" lon="-4.8024150">
    <ele>589.8</ele>
   </trkpt>
   <trkpt lat="37.9874040" lon="-4.8024220">
    <ele>589.6</ele>
   </trkpt>
   <trkpt lat="37.9873990" lon="-4.8024290">
    <ele>589.6</ele>
   </trkpt>
   <trkpt lat="37.9873960" lon="-4.8024340">
    <ele>589.4</ele>
   </trkpt>
   <trkpt lat="37.9873950" lon="-4.8024500">
    <ele>589.2</ele>
   </trkpt>
   <trkpt lat="37.9873980" lon="-4.8024560">
    <ele>589.2</ele>
   </trkpt>
   <trkpt lat="37.9873970" lon="-4.8024530">
    <ele>589.0</ele>
   </trkpt>
   <trkpt lat="37.9873930" lon="-4.8024470">
    <ele>589.0</ele>
   </trkpt>
   <trkpt lat="37.9873890" lon="-4.8024490">
    <ele>589.0</ele>
   </trkpt>
   <trkpt lat="37.9873850" lon="-4.8024520">
    <ele>588.8</ele>
   </trkpt>
   <trkpt lat="37.9873810" lon="-4.8024550">
    <ele>588.8</ele>
   </trkpt>
   <trkpt lat="37.9873740" lon="-4.8024640">
    <ele>588.8</ele>
   </trkpt>
   <trkpt lat="37.9873630" lon="-4.8024750">
    <ele>588.8</ele>
   </trkpt>
   <trkpt lat="37.9873530" lon="-4.8024880">
    <ele>588.8</ele>
   </trkpt>
   <trkpt lat="37.9873410" lon="-4.8025010">
    <ele>589.0</ele>
   </trkpt>
   <trkpt lat="37.9873320" lon="-4.8025090">
    <ele>589.0</ele>
   </trkpt>
   <trkpt lat="37.9873250" lon="-4.8025150">
    <ele>589.2</ele>
   </trkpt>
   <trkpt lat="37.9873180" lon="-4.8025230">
    <ele>589.2</ele>
   </trkpt>
   <trkpt lat="37.9873080" lon="-4.8025350">
    <ele>589.4</ele>
   </trkpt>
   <trkpt lat="37.9873000" lon="-4.8025430">
    <ele>589.4</ele>
   </trkpt>
   <trkpt lat="37.9872980" lon="-4.8025440">
    <ele>589.6</ele>
   </trkpt>
   <trkpt lat="37.9872850" lon="-4.8025560">
    <ele>589.6</ele>
   </trkpt>
   <trkpt lat="37.9872790" lon="-4.8025530">
    <ele>589.6</ele>
   </trkpt>
   <trkpt lat="37.9872770" lon="-4.8025560">
    <ele>589.8</ele>
   </trkpt>
   <trkpt lat="37.9872690" lon="-4.8025630">
    <ele>589.8</ele>
   </trkpt>
   <trkpt lat="37.9872650" lon="-4.8025640">
    <ele>590.0</ele>
   </trkpt>
   <trkpt lat="37.9872600" lon="-4.8025730">
    <ele>590.0</ele>
   </trkpt>
   <trkpt lat="37.9872500" lon="-4.8025780">
    <ele>590.2</ele>
   </trkpt>
   <trkpt lat="37.9872440" lon="-4.8025810">
    <ele>590.2</ele>
   </trkpt>
   <trkpt lat="37.9872330" lon="-4.8025880">
    <ele>590.4</ele>
   </trkpt>
   <trkpt lat="37.9872220" lon="-4.8025950">
    <ele>590.6</ele>
   </trkpt>
   <trkpt lat="37.9872130" lon="-4.8026000">
    <ele>590.8</ele>
   </trkpt>
   <trkpt lat="37.9872030" lon="-4.8026050">
    <ele>591.0</ele>
   </trkpt>
   <trkpt lat="37.9871950" lon="-4.8026080">
    <ele>591.2</ele>
   </trkpt>
   <trkpt lat="37.9871920" lon="-4.8026100">
    <ele>591.2</ele>
   </trkpt>
   <trkpt lat="37.9871850" lon="-4.8026130">
    <ele>591.2</ele>
   </trkpt>
   <trkpt lat="37.9871690" lon="-4.8026150">
    <ele>591.4</ele>
   </trkpt>
   <trkpt lat="37.9871650" lon="-4.8026180">
    <ele>591.6</ele>
   </trkpt>
   <trkpt lat="37.9871620" lon="-4.8026150">
    <ele>591.8</ele>
   </trkpt>
   <trkpt lat="37.9871570" lon="-4.8026160">
    <ele>592.0</ele>
   </trkpt>
   <trkpt lat="37.9871500" lon="-4.8026190">
    <ele>592.2</ele>
   </trkpt>
   <trkpt lat="37.9871470" lon="-4.8026220">
    <ele>592.4</ele>
   </trkpt>
   <trkpt lat="37.9871460" lon="-4.8026210">
    <ele>592.8</ele>
   </trkpt>
   <trkpt lat="37.9871400" lon="-4.8026240">
    <ele>593.0</ele>
   </trkpt>
   <trkpt lat="37.9871350" lon="-4.8026240">
    <ele>593.4</ele>
   </trkpt>
   <trkpt lat="37.9871360" lon="-4.8026290">
    <ele>593.6</ele>
   </trkpt>
   <trkpt lat="37.9871310" lon="-4.8026310">
    <ele>593.8</ele>
   </trkpt>
   <trkpt lat="37.9871290" lon="-4.8026320">
    <ele>594.0</ele>
   </trkpt>
   <trkpt lat="37.9871270" lon="-4.8026290">
    <ele>594.2</ele>
   </trkpt>
   <trkpt lat="37.9871220" lon="-4.8026310">
    <ele>594.2</ele>
   </trkpt>
   <trkpt lat="37.9871160" lon="-4.8026310">
    <ele>594.4</ele>
   </trkpt>
   <trkpt lat="37.9871060" lon="-4.8026350">
    <ele>594.4</ele>
   </trkpt>
   <trkpt lat="37.9870940" lon="-4.8026360">
    <ele>594.6</ele>
   </trkpt>
   <trkpt lat="37.9870870" lon="-4.8026380">
    <ele>594.8</ele>
   </trkpt>
   <trkpt lat="37.9870780" lon="-4.8026420">
    <ele>595.0</ele>
   </trkpt>
   <trkpt lat="37.9870700" lon="-4.8026430">
    <ele>595.2</ele>
   </trkpt>
   <trkpt lat="37.9870610" lon="-4.8026450">
    <ele>595.6</ele>
   </trkpt>
   <trkpt lat="37.9870560" lon="-4.8026460">
    <ele>595.8</ele>
   </trkpt>
   <trkpt lat="37.9870540" lon="-4.8026520">
    <ele>596.0</ele>
   </trkpt>
   <trkpt lat="37.9870470" lon="-4.8026490">
    <ele>596.2</ele>
   </trkpt>
   <trkpt lat="37.9870400" lon="-4.8026520">
    <ele>596.4</ele>
   </trkpt>
   <trkpt lat="37.9870380" lon="-4.8026570">
    <ele>596.8</ele>
   </trkpt>
   <trkpt lat="37.9870370" lon="-4.8026580">
    <ele>597.0</ele>
   </trkpt>
   <trkpt lat="37.9870310" lon="-4.8026580">
    <ele>597.2</ele>
   </trkpt>
   <trkpt lat="37.9870250" lon="-4.8026640">
    <ele>597.4</ele>
   </trkpt>
   <trkpt lat="37.9870200" lon="-4.8026650">
    <ele>597.8</ele>
   </trkpt>
   <trkpt lat="37.9870150" lon="-4.8026690">
    <ele>598.2</ele>
   </trkpt>
   <trkpt lat="37.9870120" lon="-4.8026710">
    <ele>598.6</ele>
   </trkpt>
   <trkpt lat="37.9870070" lon="-4.8026710">
    <ele>598.8</ele>
   </trkpt>
   <trkpt lat="37.9869980" lon="-4.8026690">
    <ele>599.2</ele>
   </trkpt>
   <trkpt lat="37.9869880" lon="-4.8026720">
    <ele>599.4</ele>
   </trkpt>
   <trkpt lat="37.9869870" lon="-4.8026720">
    <ele>599.8</ele>
   </trkpt>
   <trkpt lat="37.9869820" lon="-4.8026720">
    <ele>600.0</ele>
   </trkpt>
   <trkpt lat="37.9869790" lon="-4.8026720">
    <ele>600.2</ele>
   </trkpt>
   <trkpt lat="37.9869740" lon="-4.8026730">
    <ele>600.4</ele>
   </trkpt>
   <trkpt lat="37.9869710" lon="-4.8026750">
    <ele>600.8</ele>
   </trkpt>
   <trkpt lat="37.9869660" lon="-4.8026730">
    <ele>601.0</ele>
   </trkpt>
   <trkpt lat="37.9869620" lon="-4.8026730">
    <ele>601.4</ele>
   </trkpt>
   <trkpt lat="37.9869570" lon="-4.8026740">
    <ele>601.6</ele>
   </trkpt>
   <trkpt lat="37.9869540" lon="-4.8026750">
    <ele>602.0</ele>
   </trkpt>
   <trkpt lat="37.9869490" lon="-4.8026750">
    <ele>602.2</ele>
   </trkpt>
   <trkpt lat="37.9869440" lon="-4.8026770">
    <ele>602.4</ele>
   </trkpt>
   <trkpt lat="37.9869380" lon="-4.8026810">
    <ele>602.6</ele>
   </trkpt>
   <trkpt lat="37.9869350" lon="-4.8026810">
    <ele>602.8</ele>
   </trkpt>
   <trkpt lat="37.9869300" lon="-4.8026880">
    <ele>602.8</ele>
   </trkpt>
   <trkpt lat="37.9869220" lon="-4.8026890">
    <ele>603.0</ele>
   </trkpt>
   <trkpt lat="37.9869190" lon="-4.8026930">
    <ele>603.2</ele>
   </trkpt>
   <trkpt lat="37.9869110" lon="-4.8026960">
    <ele>603.4</ele>
   </trkpt>
   <trkpt lat="37.9869070" lon="-4.8026950">
    <ele>603.6</ele>
   </trkpt>
   <trkpt lat="37.9868980" lon="-4.8026980">
    <ele>604.0</ele>
   </trkpt>
   <trkpt lat="37.9868960" lon="-4.8027000">
    <ele>604.4</ele>
   </trkpt>
   <trkpt lat="37.9868900" lon="-4.8027000">
    <ele>604.6</ele>
   </trkpt>
   <trkpt lat="37.9868820" lon="-4.8026990">
    <ele>604.8</ele>
   </trkpt>
   <trkpt lat="37.9868760" lon="-4.8027000">
    <ele>605.0</ele>
   </trkpt>
   <trkpt lat="37.9868690" lon="-4.8026990">
    <ele>605.2</ele>
   </trkpt>
   <trkpt lat="37.9868580" lon="-4.8027010">
    <ele>605.4</ele>
   </trkpt>
   <trkpt lat="37.9868490" lon="-4.8027040">
    <ele>605.6</ele>
   </trkpt>
   <trkpt lat="37.9868450" lon="-4.8027070">
    <ele>605.6</ele>
   </trkpt>
   <trkpt lat="37.9868450" lon="-4.8027090">
    <ele>605.8</ele>
   </trkpt>
   <trkpt lat="37.9868450" lon="-4.8027090">
    <ele>606.0</ele>
   </trkpt>
   <trkpt lat="37.9868460" lon="-4.8027070">
    <ele>606.2</ele>
   </trkpt>
   <trkpt lat="37.9868480" lon="-4.8027060">
    <ele>606.2</ele>
   </trkpt>
   <trkpt lat="37.9868490" lon="-4.8027050">
    <ele>606.4</ele>
   </trkpt>
   <trkpt lat="37.9868490" lon="-4.8027040">
    <ele>606.2</ele>
   </trkpt>
   <trkpt lat="37.9868440" lon="-4.8027000">
    <ele>606.2</ele>
   </trkpt>
   <trkpt lat="37.9868400" lon="-4.8027040">
    <ele>606.2</ele>
   </trkpt>
   <trkpt lat="37.9868350" lon="-4.8027050">
    <ele>606.4</ele>
   </trkpt>
   <trkpt lat="37.9868280" lon="-4.8027060">
    <ele>606.4</ele>
   </trkpt>
   <trkpt lat="37.9868230" lon="-4.8027030">
    <ele>606.6</ele>
   </trkpt>
   <trkpt lat="37.9868180" lon="-4.8027030">
    <ele>607.0</ele>
   </trkpt>
   <trkpt lat="37.9868090" lon="-4.8027010">
    <ele>607.2</ele>
   </trkpt>
   <trkpt lat="37.9868030" lon="-4.8027000">
    <ele>607.6</ele>
   </trkpt>
   <trkpt lat="37.9867950" lon="-4.8026990">
    <ele>607.8</ele>
   </trkpt>
   <trkpt lat="37.9867880" lon="-4.8026990">
    <ele>608.0</ele>
   </trkpt>
   <trkpt lat="37.9867830" lon="-4.8027010">
    <ele>608.4</ele>
   </trkpt>
   <trkpt lat="37.9867780" lon="-4.8027020">
    <ele>608.6</ele>
   </trkpt>
   <trkpt lat="37.9867690" lon="-4.8027050">
    <ele>608.8</ele>
   </trkpt>
   <trkpt lat="37.9867630" lon="-4.8027110">
    <ele>609.0</ele>
   </trkpt>
   <trkpt lat="37.9867570" lon="-4.8027120">
    <ele>609.2</ele>
   </trkpt>
   <trkpt lat="37.9867550" lon="-4.8027180">
    <ele>609.4</ele>
   </trkpt>
   <trkpt lat="37.9867500" lon="-4.8027200">
    <ele>609.6</ele>
   </trkpt>
   <trkpt lat="37.9867470" lon="-4.8027240">
    <ele>609.8</ele>
   </trkpt>
   <trkpt lat="37.9867400" lon="-4.8027270">
    <ele>610.0</ele>
   </trkpt>
   <trkpt lat="37.9867320" lon="-4.8027290">
    <ele>610.0</ele>
   </trkpt>
   <trkpt lat="37.9867270" lon="-4.8027340">
    <ele>610.4</ele>
   </trkpt>
   <trkpt lat="37.9867250" lon="-4.8027400">
    <ele>610.6</ele>
   </trkpt>
   <trkpt lat="37.9867290" lon="-4.8027430">
    <ele>610.6</ele>
   </trkpt>
   <trkpt lat="37.9867320" lon="-4.8027430">
    <ele>610.8</ele>
   </trkpt>
   <trkpt lat="37.9867340" lon="-4.8027420">
    <ele>610.8</ele>
   </trkpt>
   <trkpt lat="37.9867340" lon="-4.8027420">
    <ele>610.8</ele>
   </trkpt>
   <trkpt lat="37.9867340" lon="-4.8027420">
    <ele>610.8</ele>
   </trkpt>
   <trkpt lat="37.9867340" lon="-4.8027420">
    <ele>610.8</ele>
   </trkpt>
   <trkpt lat="37.9867340" lon="-4.8027420">
    <ele>610.8</ele>
   </trkpt>
   <trkpt lat="37.9867340" lon="-4.8027420">
    <ele>610.8</ele>
   </trkpt>
   <trkpt lat="37.9867340" lon="-4.8027420">
    <ele>610.8</ele>
   </trkpt>
   <trkpt lat="37.9867340" lon="-4.8027420">
    <ele>610.8</ele>
   </trkpt>
   <trkpt lat="37.9867340" lon="-4.8027420">
    <ele>610.8</ele>
   </trkpt>
   <trkpt lat="37.9867340" lon="-4.8027420">
    <ele>610.8</ele>
   </trkpt>
   <trkpt lat="37.9867340" lon="-4.8027420">
    <ele>610.8</ele>
   </trkpt>
   <trkpt lat="37.9867340" lon="-4.8027420">
    <ele>610.8</ele>
   </trkpt>
   <trkpt lat="37.9867340" lon="-4.8027420">
    <ele>610.8</ele>
   </trkpt>
   <trkpt lat="37.9867340" lon="-4.8027420">
    <ele>611.0</ele>
   </trkpt>
   <trkpt lat="37.9867340" lon="-4.8027420">
    <ele>611.0</ele>
   </trkpt>
   <trkpt lat="37.9867340" lon="-4.8027420">
    <ele>611.0</ele>
   </trkpt>
   <trkpt lat="37.9867340" lon="-4.8027420">
    <ele>611.2</ele>
   </trkpt>
   <trkpt lat="37.9867340" lon="-4.8027420">
    <ele>611.2</ele>
   </trkpt>
   <trkpt lat="37.9867340" lon="-4.8027420">
    <ele>611.4</ele>
   </trkpt>
   <trkpt lat="37.9867340" lon="-4.8027420">
    <ele>611.6</ele>
   </trkpt>
   <trkpt lat="37.9867340" lon="-4.8027420">
    <ele>611.8</ele>
   </trkpt>
   <trkpt lat="37.9867340" lon="-4.8027420">
    <ele>611.8</ele>
   </trkpt>
   <trkpt lat="37.9867340" lon="-4.8027420">
    <ele>612.0</ele>
   </trkpt>
   <trkpt lat="37.9867300" lon="-4.8027360">
    <ele>612.0</ele>
   </trkpt>
   <trkpt lat="37.9867240" lon="-4.8027370">
    <ele>612.2</ele>
   </trkpt>
   <trkpt lat="37.9867190" lon="-4.8027360">
    <ele>612.2</ele>
   </trkpt>
   <trkpt lat="37.9867130" lon="-4.8027370">
    <ele>612.4</ele>
   </trkpt>
   <trkpt lat="37.9867100" lon="-4.8027340">
    <ele>612.4</ele>
   </trkpt>
   <trkpt lat="37.9867050" lon="-4.8027340">
    <ele>612.6</ele>
   </trkpt>
   <trkpt lat="37.9867050" lon="-4.8027320">
    <ele>612.8</ele>
   </trkpt>
   <trkpt lat="37.9867010" lon="-4.8027310">
    <ele>613.0</ele>
   </trkpt>
   <trkpt lat="37.9866970" lon="-4.8027320">
    <ele>613.2</ele>
   </trkpt>
   <trkpt lat="37.9866930" lon="-4.8027310">
    <ele>613.4</ele>
   </trkpt>
   <trkpt lat="37.9866870" lon="-4.8027310">
    <ele>613.6</ele>
   </trkpt>
   <trkpt lat="37.9866790" lon="-4.8027330">
    <ele>613.8</ele>
   </trkpt>
   <trkpt lat="37.9866710" lon="-4.8027330">
    <ele>614.0</ele>
   </trkpt>
   <trkpt lat="37.9866620" lon="-4.8027340">
    <ele>614.2</ele>
   </trkpt>
   <trkpt lat="37.9866570" lon="-4.8027310">
    <ele>614.6</ele>
   </trkpt>
   <trkpt lat="37.9866520" lon="-4.8027290">
    <ele>614.6</ele>
   </trkpt>
   <trkpt lat="37.9866440" lon="-4.8027270">
    <ele>614.8</ele>
   </trkpt>
   <trkpt lat="37.9866400" lon="-4.8027220">
    <ele>615.0</ele>
   </trkpt>
   <trkpt lat="37.9866300" lon="-4.8027140">
    <ele>615.2</ele>
   </trkpt>
   <trkpt lat="37.9866270" lon="-4.8027080">
    <ele>615.4</ele>
   </trkpt>
   <trkpt lat="37.9866220" lon="-4.8027000">
    <ele>615.6</ele>
   </trkpt>
   <trkpt lat="37.9866190" lon="-4.8026920">
    <ele>615.6</ele>
   </trkpt>
   <trkpt lat="37.9866150" lon="-4.8026860">
    <ele>615.6</ele>
   </trkpt>
   <trkpt lat="37.9866090" lon="-4.8026830">
    <ele>615.6</ele>
   </trkpt>
   <trkpt lat="37.9866040" lon="-4.8026770">
    <ele>615.8</ele>
   </trkpt>
   <trkpt lat="37.9866010" lon="-4.8026680">
    <ele>615.8</ele>
   </trkpt>
   <trkpt lat="37.9865980" lon="-4.8026590">
    <ele>615.8</ele>
   </trkpt>
   <trkpt lat="37.9865970" lon="-4.8026480">
    <ele>615.8</ele>
   </trkpt>
   <trkpt lat="37.9865950" lon="-4.8026340">
    <ele>615.8</ele>
   </trkpt>
   <trkpt lat="37.9865930" lon="-4.8026250">
    <ele>615.8</ele>
   </trkpt>
   <trkpt lat="37.9865900" lon="-4.8026170">
    <ele>615.8</ele>
   </trkpt>
   <trkpt lat="37.9865880" lon="-4.8026140">
    <ele>615.8</ele>
   </trkpt>
   <trkpt lat="37.9865890" lon="-4.8026110">
    <ele>615.6</ele>
   </trkpt>
   <trkpt lat="37.9865890" lon="-4.8026100">
    <ele>615.6</ele>
   </trkpt>
   <trkpt lat="37.9865900" lon="-4.8026070">
    <ele>615.6</ele>
   </trkpt>
   <trkpt lat="37.9865880" lon="-4.8026020">
    <ele>615.6</ele>
   </trkpt>
   <trkpt lat="37.9865830" lon="-4.8026000">
    <ele>615.6</ele>
   </trkpt>
   <trkpt lat="37.9865780" lon="-4.8025940">
    <ele>615.4</ele>
   </trkpt>
   <trkpt lat="37.9865760" lon="-4.8025850">
    <ele>615.4</ele>
   </trkpt>
   <trkpt lat="37.9865740" lon="-4.8025770">
    <ele>615.4</ele>
   </trkpt>
   <trkpt lat="37.9865700" lon="-4.8025690">
    <ele>615.4</ele>
   </trkpt>
   <trkpt lat="37.9865670" lon="-4.8025640">
    <ele>615.2</ele>
   </trkpt>
   <trkpt lat="37.9865640" lon="-4.8025580">
    <ele>615.2</ele>
   </trkpt>
   <trkpt lat="37.9865620" lon="-4.8025530">
    <ele>615.2</ele>
   </trkpt>
   <trkpt lat="37.9865590" lon="-4.8025450">
    <ele>615.2</ele>
   </trkpt>
   <trkpt lat="37.9865570" lon="-4.8025410">
    <ele>615.0</ele>
   </trkpt>
   <trkpt lat="37.9865540" lon="-4.8025330">
    <ele>614.8</ele>
   </trkpt>
   <trkpt lat="37.9865510" lon="-4.8025250">
    <ele>614.8</ele>
   </trkpt>
   <trkpt lat="37.9865440" lon="-4.8025210">
    <ele>614.6</ele>
   </trkpt>
   <trkpt lat="37.9865420" lon="-4.8025160">
    <ele>614.4</ele>
   </trkpt>
   <trkpt lat="37.9865430" lon="-4.8025130">
    <ele>614.4</ele>
   </trkpt>
   <trkpt lat="37.9865410" lon="-4.8025090">
    <ele>614.2</ele>
   </trkpt>
   <trkpt lat="37.9865290" lon="-4.8025050">
    <ele>614.2</ele>
   </trkpt>
   <trkpt lat="37.9865240" lon="-4.8024990">
    <ele>614.2</ele>
   </trkpt>
   <trkpt lat="37.9865220" lon="-4.8024920">
    <ele>614.0</ele>
   </trkpt>
   <trkpt lat="37.9865150" lon="-4.8024860">
    <ele>614.0</ele>
   </trkpt>
   <trkpt lat="37.9865100" lon="-4.8024810">
    <ele>614.0</ele>
   </trkpt>
   <trkpt lat="37.9865030" lon="-4.8024750">
    <ele>614.0</ele>
   </trkpt>
   <trkpt lat="37.9864950" lon="-4.8024690">
    <ele>614.0</ele>
   </trkpt>
   <trkpt lat="37.9864940" lon="-4.8024560">
    <ele>614.2</ele>
   </trkpt>
   <trkpt lat="37.9864870" lon="-4.8024510">
    <ele>614.2</ele>
   </trkpt>
   <trkpt lat="37.9864790" lon="-4.8024460">
    <ele>614.2</ele>
   </trkpt>
   <trkpt lat="37.9864710" lon="-4.8024410">
    <ele>614.2</ele>
   </trkpt>
   <trkpt lat="37.9864630" lon="-4.8024350">
    <ele>614.4</ele>
   </trkpt>
   <trkpt lat="37.9864540" lon="-4.8024340">
    <ele>614.4</ele>
   </trkpt>
   <trkpt lat="37.9864420" lon="-4.8024320">
    <ele>614.4</ele>
   </trkpt>
   <trkpt lat="37.9864320" lon="-4.8024300">
    <ele>614.4</ele>
   </trkpt>
   <trkpt lat="37.9864230" lon="-4.8024290">
    <ele>614.2</ele>
   </trkpt>
   <trkpt lat="37.9864190" lon="-4.8024230">
    <ele>614.4</ele>
   </trkpt>
   <trkpt lat="37.9864120" lon="-4.8024200">
    <ele>614.4</ele>
   </trkpt>
   <trkpt lat="37.9864030" lon="-4.8024160">
    <ele>614.6</ele>
   </trkpt>
   <trkpt lat="37.9863960" lon="-4.8024170">
    <ele>614.6</ele>
   </trkpt>
   <trkpt lat="37.9863910" lon="-4.8024200">
    <ele>614.8</ele>
   </trkpt>
   <trkpt lat="37.9863800" lon="-4.8024150">
    <ele>614.8</ele>
   </trkpt>
   <trkpt lat="37.9863750" lon="-4.8024120">
    <ele>615.0</ele>
   </trkpt>
   <trkpt lat="37.9863680" lon="-4.8024090">
    <ele>615.4</ele>
   </trkpt>
   <trkpt lat="37.9863630" lon="-4.8024060">
    <ele>615.6</ele>
   </trkpt>
   <trkpt lat="37.9863580" lon="-4.8024040">
    <ele>615.8</ele>
   </trkpt>
   <trkpt lat="37.9863500" lon="-4.8024010">
    <ele>616.0</ele>
   </trkpt>
   <trkpt lat="37.9863440" lon="-4.8023950">
    <ele>616.0</ele>
   </trkpt>
   <trkpt lat="37.9863350" lon="-4.8023930">
    <ele>616.2</ele>
   </trkpt>
   <trkpt lat="37.9863290" lon="-4.8023910">
    <ele>616.2</ele>
   </trkpt>
   <trkpt lat="37.9863220" lon="-4.8023930">
    <ele>616.4</ele>
   </trkpt>
   <trkpt lat="37.9863170" lon="-4.8023930">
    <ele>616.4</ele>
   </trkpt>
   <trkpt lat="37.9863110" lon="-4.8023920">
    <ele>616.6</ele>
   </trkpt>
   <trkpt lat="37.9863040" lon="-4.8023930">
    <ele>616.8</ele>
   </trkpt>
   <trkpt lat="37.9862970" lon="-4.8023970">
    <ele>616.8</ele>
   </trkpt>
   <trkpt lat="37.9862930" lon="-4.8024060">
    <ele>617.0</ele>
   </trkpt>
   <trkpt lat="37.9862880" lon="-4.8024110">
    <ele>617.2</ele>
   </trkpt>
   <trkpt lat="37.9862830" lon="-4.8024170">
    <ele>617.4</ele>
   </trkpt>
   <trkpt lat="37.9862770" lon="-4.8024280">
    <ele>617.6</ele>
   </trkpt>
   <trkpt lat="37.9862730" lon="-4.8024360">
    <ele>617.8</ele>
   </trkpt>
   <trkpt lat="37.9862680" lon="-4.8024460">
    <ele>618.0</ele>
   </trkpt>
   <trkpt lat="37.9862580" lon="-4.8024570">
    <ele>618.2</ele>
   </trkpt>
   <trkpt lat="37.9862530" lon="-4.8024640">
    <ele>618.4</ele>
   </trkpt>
   <trkpt lat="37.9862450" lon="-4.8024730">
    <ele>618.8</ele>
   </trkpt>
   <trkpt lat="37.9862400" lon="-4.8024810">
    <ele>619.2</ele>
   </trkpt>
   <trkpt lat="37.9862360" lon="-4.8024880">
    <ele>619.6</ele>
   </trkpt>
   <trkpt lat="37.9862370" lon="-4.8024960">
    <ele>619.8</ele>
   </trkpt>
   <trkpt lat="37.9862320" lon="-4.8025060">
    <ele>620.2</ele>
   </trkpt>
   <trkpt lat="37.9862290" lon="-4.8025160">
    <ele>620.4</ele>
   </trkpt>
   <trkpt lat="37.9862260" lon="-4.8025220">
    <ele>620.8</ele>
   </trkpt>
   <trkpt lat="37.9862240" lon="-4.8025320">
    <ele>621.0</ele>
   </trkpt>
   <trkpt lat="37.9862190" lon="-4.8025430">
    <ele>621.2</ele>
   </trkpt>
   <trkpt lat="37.9862150" lon="-4.8025490">
    <ele>621.4</ele>
   </trkpt>
   <trkpt lat="37.9862100" lon="-4.8025570">
    <ele>621.8</ele>
   </trkpt>
   <trkpt lat="37.9862060" lon="-4.8025620">
    <ele>622.0</ele>
   </trkpt>
   <trkpt lat="37.9862010" lon="-4.8025730">
    <ele>622.4</ele>
   </trkpt>
   <trkpt lat="37.9861980" lon="-4.8025800">
    <ele>622.6</ele>
   </trkpt>
   <trkpt lat="37.9861950" lon="-4.8025860">
    <ele>623.0</ele>
   </trkpt>
   <trkpt lat="37.9861900" lon="-4.8025940">
    <ele>623.2</ele>
   </trkpt>
   <trkpt lat="37.9861890" lon="-4.8026000">
    <ele>623.4</ele>
   </trkpt>
   <trkpt lat="37.9861880" lon="-4.8026050">
    <ele>623.6</ele>
   </trkpt>
   <trkpt lat="37.9861850" lon="-4.8026110">
    <ele>624.0</ele>
   </trkpt>
   <trkpt lat="37.9861800" lon="-4.8026170">
    <ele>624.2</ele>
   </trkpt>
   <trkpt lat="37.9861770" lon="-4.8026270">
    <ele>624.4</ele>
   </trkpt>
   <trkpt lat="37.9861710" lon="-4.8026360">
    <ele>624.6</ele>
   </trkpt>
   <trkpt lat="37.9861660" lon="-4.8026450">
    <ele>624.8</ele>
   </trkpt>
   <trkpt lat="37.9861610" lon="-4.8026550">
    <ele>625.0</ele>
   </trkpt>
   <trkpt lat="37.9861540" lon="-4.8026640">
    <ele>625.2</ele>
   </trkpt>
   <trkpt lat="37.9861500" lon="-4.8026720">
    <ele>625.4</ele>
   </trkpt>
   <trkpt lat="37.9861470" lon="-4.8026850">
    <ele>625.6</ele>
   </trkpt>
   <trkpt lat="37.9861380" lon="-4.8026940">
    <ele>626.0</ele>
   </trkpt>
   <trkpt lat="37.9861330" lon="-4.8027050">
    <ele>626.2</ele>
   </trkpt>
   <trkpt lat="37.9861280" lon="-4.8027210">
    <ele>626.6</ele>
   </trkpt>
   <trkpt lat="37.9861250" lon="-4.8027320">
    <ele>626.8</ele>
   </trkpt>
   <trkpt lat="37.9861200" lon="-4.8027420">
    <ele>627.0</ele>
   </trkpt>
   <trkpt lat="37.9861160" lon="-4.8027560">
    <ele>627.2</ele>
   </trkpt>
   <trkpt lat="37.9861130" lon="-4.8027670">
    <ele>627.4</ele>
   </trkpt>
   <trkpt lat="37.9861100" lon="-4.8027780">
    <ele>627.6</ele>
   </trkpt>
   <trkpt lat="37.9861080" lon="-4.8027920">
    <ele>627.8</ele>
   </trkpt>
   <trkpt lat="37.9861060" lon="-4.8028040">
    <ele>628.0</ele>
   </trkpt>
   <trkpt lat="37.9861040" lon="-4.8028140">
    <ele>628.2</ele>
   </trkpt>
   <trkpt lat="37.9861010" lon="-4.8028240">
    <ele>628.4</ele>
   </trkpt>
   <trkpt lat="37.9860990" lon="-4.8028380">
    <ele>628.6</ele>
   </trkpt>
   <trkpt lat="37.9860970" lon="-4.8028530">
    <ele>628.8</ele>
   </trkpt>
   <trkpt lat="37.9860920" lon="-4.8028660">
    <ele>629.0</ele>
   </trkpt>
   <trkpt lat="37.9860900" lon="-4.8028780">
    <ele>629.0</ele>
   </trkpt>
   <trkpt lat="37.9860860" lon="-4.8028900">
    <ele>629.2</ele>
   </trkpt>
   <trkpt lat="37.9860830" lon="-4.8029030">
    <ele>629.2</ele>
   </trkpt>
   <trkpt lat="37.9860830" lon="-4.8029210">
    <ele>629.4</ele>
   </trkpt>
   <trkpt lat="37.9860810" lon="-4.8029330">
    <ele>629.8</ele>
   </trkpt>
   <trkpt lat="37.9860780" lon="-4.8029500">
    <ele>630.0</ele>
   </trkpt>
   <trkpt lat="37.9860740" lon="-4.8029620">
    <ele>630.2</ele>
   </trkpt>
   <trkpt lat="37.9860720" lon="-4.8029760">
    <ele>630.6</ele>
   </trkpt>
   <trkpt lat="37.9860700" lon="-4.8029880">
    <ele>630.8</ele>
   </trkpt>
   <trkpt lat="37.9860680" lon="-4.8030000">
    <ele>631.2</ele>
   </trkpt>
   <trkpt lat="37.9860630" lon="-4.8030090">
    <ele>631.2</ele>
   </trkpt>
   <trkpt lat="37.9860580" lon="-4.8030170">
    <ele>631.4</ele>
   </trkpt>
   <trkpt lat="37.9860540" lon="-4.8030280">
    <ele>631.6</ele>
   </trkpt>
   <trkpt lat="37.9860490" lon="-4.8030370">
    <ele>631.8</ele>
   </trkpt>
   <trkpt lat="37.9860410" lon="-4.8030510">
    <ele>631.8</ele>
   </trkpt>
   <trkpt lat="37.9860370" lon="-4.8030630">
    <ele>632.0</ele>
   </trkpt>
   <trkpt lat="37.9860300" lon="-4.8030740">
    <ele>632.0</ele>
   </trkpt>
   <trkpt lat="37.9860220" lon="-4.8030910">
    <ele>632.0</ele>
   </trkpt>
   <trkpt lat="37.9860140" lon="-4.8031030">
    <ele>631.8</ele>
   </trkpt>
   <trkpt lat="37.9860090" lon="-4.8031130">
    <ele>631.8</ele>
   </trkpt>
   <trkpt lat="37.9860010" lon="-4.8031250">
    <ele>631.8</ele>
   </trkpt>
   <trkpt lat="37.9859950" lon="-4.8031390">
    <ele>632.0</ele>
   </trkpt>
   <trkpt lat="37.9859890" lon="-4.8031470">
    <ele>632.0</ele>
   </trkpt>
   <trkpt lat="37.9859810" lon="-4.8031640">
    <ele>632.2</ele>
   </trkpt>
   <trkpt lat="37.9859730" lon="-4.8031760">
    <ele>632.2</ele>
   </trkpt>
   <trkpt lat="37.9859670" lon="-4.8031900">
    <ele>632.2</ele>
   </trkpt>
   <trkpt lat="37.9859600" lon="-4.8032030">
    <ele>632.2</ele>
   </trkpt>
   <trkpt lat="37.9859510" lon="-4.8032140">
    <ele>632.2</ele>
   </trkpt>
   <trkpt lat="37.9859430" lon="-4.8032260">
    <ele>632.2</ele>
   </trkpt>
   <trkpt lat="37.9859340" lon="-4.8032380">
    <ele>632.2</ele>
   </trkpt>
   <trkpt lat="37.9859250" lon="-4.8032470">
    <ele>632.0</ele>
   </trkpt>
   <trkpt lat="37.9859160" lon="-4.8032560">
    <ele>631.8</ele>
   </trkpt>
   <trkpt lat="37.9859080" lon="-4.8032640">
    <ele>631.6</ele>
   </trkpt>
   <trkpt lat="37.9859000" lon="-4.8032700">
    <ele>631.4</ele>
   </trkpt>
   <trkpt lat="37.9858880" lon="-4.8032780">
    <ele>631.4</ele>
   </trkpt>
   <trkpt lat="37.9858790" lon="-4.8032850">
    <ele>631.2</ele>
   </trkpt>
   <trkpt lat="37.9858680" lon="-4.8032950">
    <ele>631.2</ele>
   </trkpt>
   <trkpt lat="37.9858570" lon="-4.8033050">
    <ele>631.0</ele>
   </trkpt>
   <trkpt lat="37.9858470" lon="-4.8033170">
    <ele>630.8</ele>
   </trkpt>
   <trkpt lat="37.9858360" lon="-4.8033300">
    <ele>630.4</ele>
   </trkpt>
   <trkpt lat="37.9858260" lon="-4.8033390">
    <ele>630.2</ele>
   </trkpt>
   <trkpt lat="37.9858140" lon="-4.8033510">
    <ele>630.0</ele>
   </trkpt>
   <trkpt lat="37.9858030" lon="-4.8033620">
    <ele>629.8</ele>
   </trkpt>
   <trkpt lat="37.9857920" lon="-4.8033750">
    <ele>629.6</ele>
   </trkpt>
   <trkpt lat="37.9857820" lon="-4.8033840">
    <ele>629.4</ele>
   </trkpt>
   <trkpt lat="37.9857700" lon="-4.8033900">
    <ele>629.0</ele>
   </trkpt>
   <trkpt lat="37.9857570" lon="-4.8033980">
    <ele>628.8</ele>
   </trkpt>
   <trkpt lat="37.9857450" lon="-4.8034060">
    <ele>628.4</ele>
   </trkpt>
   <trkpt lat="37.9857330" lon="-4.8034150">
    <ele>628.2</ele>
   </trkpt>
   <trkpt lat="37.9857200" lon="-4.8034230">
    <ele>628.0</ele>
   </trkpt>
   <trkpt lat="37.9857080" lon="-4.8034280">
    <ele>627.8</ele>
   </trkpt>
   <trkpt lat="37.9856980" lon="-4.8034330">
    <ele>627.6</ele>
   </trkpt>
   <trkpt lat="37.9856870" lon="-4.8034360">
    <ele>627.4</ele>
   </trkpt>
   <trkpt lat="37.9856780" lon="-4.8034420">
    <ele>627.0</ele>
   </trkpt>
   <trkpt lat="37.9856660" lon="-4.8034500">
    <ele>626.8</ele>
   </trkpt>
   <trkpt lat="37.9856550" lon="-4.8034560">
    <ele>626.4</ele>
   </trkpt>
   <trkpt lat="37.9856470" lon="-4.8034590">
    <ele>626.2</ele>
   </trkpt>
   <trkpt lat="37.9856360" lon="-4.8034670">
    <ele>626.0</ele>
   </trkpt>
   <trkpt lat="37.9856270" lon="-4.8034760">
    <ele>625.8</ele>
   </trkpt>
   <trkpt lat="37.9856160" lon="-4.8034850">
    <ele>625.6</ele>
   </trkpt>
   <trkpt lat="37.9856090" lon="-4.8034960">
    <ele>625.4</ele>
   </trkpt>
   <trkpt lat="37.9856010" lon="-4.8035040">
    <ele>625.2</ele>
   </trkpt>
   <trkpt lat="37.9855930" lon="-4.8035120">
    <ele>625.0</ele>
   </trkpt>
   <trkpt lat="37.9855810" lon="-4.8035240">
    <ele>624.6</ele>
   </trkpt>
   <trkpt lat="37.9855710" lon="-4.8035350">
    <ele>624.4</ele>
   </trkpt>
   <trkpt lat="37.9855630" lon="-4.8035420">
    <ele>624.2</ele>
   </trkpt>
   <trkpt lat="37.9855550" lon="-4.8035520">
    <ele>624.0</ele>
   </trkpt>
   <trkpt lat="37.9855460" lon="-4.8035580">
    <ele>623.8</ele>
   </trkpt>
   <trkpt lat="37.9855370" lon="-4.8035670">
    <ele>623.8</ele>
   </trkpt>
   <trkpt lat="37.9855260" lon="-4.8035730">
    <ele>623.6</ele>
   </trkpt>
   <trkpt lat="37.9855130" lon="-4.8035820">
    <ele>623.4</ele>
   </trkpt>
   <trkpt lat="37.9855010" lon="-4.8035870">
    <ele>623.2</ele>
   </trkpt>
   <trkpt lat="37.9854900" lon="-4.8035930">
    <ele>623.0</ele>
   </trkpt>
   <trkpt lat="37.9854800" lon="-4.8035990">
    <ele>622.8</ele>
   </trkpt>
   <trkpt lat="37.9854680" lon="-4.8036090">
    <ele>622.6</ele>
   </trkpt>
   <trkpt lat="37.9854570" lon="-4.8036190">
    <ele>622.4</ele>
   </trkpt>
   <trkpt lat="37.9854450" lon="-4.8036310">
    <ele>622.0</ele>
   </trkpt>
   <trkpt lat="37.9854300" lon="-4.8036460">
    <ele>621.8</ele>
   </trkpt>
   <trkpt lat="37.9854210" lon="-4.8036580">
    <ele>621.4</ele>
   </trkpt>
   <trkpt lat="37.9854090" lon="-4.8036710">
    <ele>621.0</ele>
   </trkpt>
   <trkpt lat="37.9853990" lon="-4.8036830">
    <ele>620.8</ele>
   </trkpt>
   <trkpt lat="37.9853900" lon="-4.8036930">
    <ele>620.4</ele>
   </trkpt>
   <trkpt lat="37.9853810" lon="-4.8037030">
    <ele>620.0</ele>
   </trkpt>
   <trkpt lat="37.9853690" lon="-4.8037190">
    <ele>619.6</ele>
   </trkpt>
   <trkpt lat="37.9853560" lon="-4.8037350">
    <ele>619.2</ele>
   </trkpt>
   <trkpt lat="37.9853440" lon="-4.8037510">
    <ele>618.8</ele>
   </trkpt>
   <trkpt lat="37.9853350" lon="-4.8037670">
    <ele>618.4</ele>
   </trkpt>
   <trkpt lat="37.9853260" lon="-4.8037830">
    <ele>618.0</ele>
   </trkpt>
   <trkpt lat="37.9853160" lon="-4.8037980">
    <ele>617.8</ele>
   </trkpt>
   <trkpt lat="37.9853060" lon="-4.8038140">
    <ele>617.4</ele>
   </trkpt>
   <trkpt lat="37.9852950" lon="-4.8038300">
    <ele>617.2</ele>
   </trkpt>
   <trkpt lat="37.9852840" lon="-4.8038420">
    <ele>616.8</ele>
   </trkpt>
   <trkpt lat="37.9852730" lon="-4.8038530">
    <ele>616.6</ele>
   </trkpt>
   <trkpt lat="37.9852610" lon="-4.8038620">
    <ele>616.2</ele>
   </trkpt>
   <trkpt lat="37.9852510" lon="-4.8038680">
    <ele>615.8</ele>
   </trkpt>
   <trkpt lat="37.9852420" lon="-4.8038770">
    <ele>615.6</ele>
   </trkpt>
   <trkpt lat="37.9852300" lon="-4.8038900">
    <ele>615.2</ele>
   </trkpt>
   <trkpt lat="37.9852210" lon="-4.8039010">
    <ele>615.0</ele>
   </trkpt>
   <trkpt lat="37.9852120" lon="-4.8039110">
    <ele>615.0</ele>
   </trkpt>
   <trkpt lat="37.9852050" lon="-4.8039190">
    <ele>614.8</ele>
   </trkpt>
   <trkpt lat="37.9851970" lon="-4.8039280">
    <ele>614.4</ele>
   </trkpt>
   <trkpt lat="37.9851900" lon="-4.8039340">
    <ele>614.2</ele>
   </trkpt>
   <trkpt lat="37.9851800" lon="-4.8039340">
    <ele>614.0</ele>
   </trkpt>
   <trkpt lat="37.9851690" lon="-4.8039440">
    <ele>613.6</ele>
   </trkpt>
   <trkpt lat="37.9851610" lon="-4.8039520">
    <ele>613.4</ele>
   </trkpt>
   <trkpt lat="37.9851500" lon="-4.8039620">
    <ele>613.0</ele>
   </trkpt>
   <trkpt lat="37.9851390" lon="-4.8039720">
    <ele>612.6</ele>
   </trkpt>
   <trkpt lat="37.9851270" lon="-4.8039840">
    <ele>612.2</ele>
   </trkpt>
   <trkpt lat="37.9851150" lon="-4.8039980">
    <ele>611.8</ele>
   </trkpt>
   <trkpt lat="37.9851060" lon="-4.8040120">
    <ele>611.6</ele>
   </trkpt>
   <trkpt lat="37.9851000" lon="-4.8040290">
    <ele>611.6</ele>
   </trkpt>
   <trkpt lat="37.9850950" lon="-4.8040420">
    <ele>611.6</ele>
   </trkpt>
   <trkpt lat="37.9850950" lon="-4.8040600">
    <ele>611.6</ele>
   </trkpt>
   <trkpt lat="37.9850900" lon="-4.8040760">
    <ele>611.6</ele>
   </trkpt>
   <trkpt lat="37.9850850" lon="-4.8040890">
    <ele>611.4</ele>
   </trkpt>
   <trkpt lat="37.9850790" lon="-4.8041040">
    <ele>611.2</ele>
   </trkpt>
   <trkpt lat="37.9850760" lon="-4.8041200">
    <ele>611.2</ele>
   </trkpt>
   <trkpt lat="37.9850740" lon="-4.8041350">
    <ele>611.0</ele>
   </trkpt>
   <trkpt lat="37.9850700" lon="-4.8041490">
    <ele>611.0</ele>
   </trkpt>
   <trkpt lat="37.9850670" lon="-4.8041640">
    <ele>611.0</ele>
   </trkpt>
   <trkpt lat="37.9850610" lon="-4.8041800">
    <ele>611.0</ele>
   </trkpt>
   <trkpt lat="37.9850540" lon="-4.8041930">
    <ele>610.8</ele>
   </trkpt>
   <trkpt lat="37.9850470" lon="-4.8042040">
    <ele>610.8</ele>
   </trkpt>
   <trkpt lat="37.9850400" lon="-4.8042110">
    <ele>610.6</ele>
   </trkpt>
   <trkpt lat="37.9850330" lon="-4.8042220">
    <ele>610.6</ele>
   </trkpt>
   <trkpt lat="37.9850270" lon="-4.8042330">
    <ele>610.4</ele>
   </trkpt>
   <trkpt lat="37.9850200" lon="-4.8042460">
    <ele>610.4</ele>
   </trkpt>
   <trkpt lat="37.9850130" lon="-4.8042610">
    <ele>610.2</ele>
   </trkpt>
   <trkpt lat="37.9850050" lon="-4.8042860">
    <ele>610.2</ele>
   </trkpt>
   <trkpt lat="37.9850030" lon="-4.8042960">
    <ele>610.2</ele>
   </trkpt>
   <trkpt lat="37.9850000" lon="-4.8043110">
    <ele>610.0</ele>
   </trkpt>
   <trkpt lat="37.9849960" lon="-4.8043320">
    <ele>610.0</ele>
   </trkpt>
   <trkpt lat="37.9849940" lon="-4.8043470">
    <ele>609.8</ele>
   </trkpt>
   <trkpt lat="37.9849900" lon="-4.8043640">
    <ele>609.8</ele>
   </trkpt>
   <trkpt lat="37.9849850" lon="-4.8043840">
    <ele>609.6</ele>
   </trkpt>
   <trkpt lat="37.9849810" lon="-4.8043990">
    <ele>609.6</ele>
   </trkpt>
   <trkpt lat="37.9849770" lon="-4.8044140">
    <ele>609.6</ele>
   </trkpt>
   <trkpt lat="37.9849720" lon="-4.8044200">
    <ele>609.6</ele>
   </trkpt>
   <trkpt lat="37.9849660" lon="-4.8044280">
    <ele>609.4</ele>
   </trkpt>
   <trkpt lat="37.9849620" lon="-4.8044370">
    <ele>609.0</ele>
   </trkpt>
   <trkpt lat="37.9849600" lon="-4.8044450">
    <ele>608.8</ele>
   </trkpt>
   <trkpt lat="37.9849580" lon="-4.8044540">
    <ele>608.6</ele>
   </trkpt>
   <trkpt lat="37.9849560" lon="-4.8044640">
    <ele>608.4</ele>
   </trkpt>
   <trkpt lat="37.9849520" lon="-4.8044740">
    <ele>608.4</ele>
   </trkpt>
   <trkpt lat="37.9849480" lon="-4.8044900">
    <ele>608.2</ele>
   </trkpt>
   <trkpt lat="37.9849450" lon="-4.8045080">
    <ele>608.2</ele>
   </trkpt>
   <trkpt lat="37.9849410" lon="-4.8045240">
    <ele>608.2</ele>
   </trkpt>
   <trkpt lat="37.9849380" lon="-4.8045450">
    <ele>608.4</ele>
   </trkpt>
   <trkpt lat="37.9849360" lon="-4.8045640">
    <ele>608.8</ele>
   </trkpt>
   <trkpt lat="37.9849330" lon="-4.8045810">
    <ele>608.8</ele>
   </trkpt>
   <trkpt lat="37.9849300" lon="-4.8046010">
    <ele>609.0</ele>
   </trkpt>
   <trkpt lat="37.9849300" lon="-4.8046200">
    <ele>609.0</ele>
   </trkpt>
   <trkpt lat="37.9849290" lon="-4.8046420">
    <ele>608.8</ele>
   </trkpt>
   <trkpt lat="37.9849250" lon="-4.8046590">
    <ele>608.8</ele>
   </trkpt>
   <trkpt lat="37.9849220" lon="-4.8046800">
    <ele>608.6</ele>
   </trkpt>
   <trkpt lat="37.9849190" lon="-4.8046960">
    <ele>608.8</ele>
   </trkpt>
   <trkpt lat="37.9849190" lon="-4.8047130">
    <ele>608.8</ele>
   </trkpt>
   <trkpt lat="37.9849160" lon="-4.8047320">
    <ele>608.8</ele>
   </trkpt>
   <trkpt lat="37.9849150" lon="-4.8047520">
    <ele>608.8</ele>
   </trkpt>
   <trkpt lat="37.9849140" lon="-4.8047740">
    <ele>608.6</ele>
   </trkpt>
   <trkpt lat="37.9849120" lon="-4.8047900">
    <ele>608.6</ele>
   </trkpt>
   <trkpt lat="37.9849120" lon="-4.8048060">
    <ele>608.8</ele>
   </trkpt>
   <trkpt lat="37.9849110" lon="-4.8048240">
    <ele>608.6</ele>
   </trkpt>
   <trkpt lat="37.9849100" lon="-4.8048490">
    <ele>608.6</ele>
   </trkpt>
   <trkpt lat="37.9849100" lon="-4.8048680">
    <ele>608.6</ele>
   </trkpt>
   <trkpt lat="37.9849100" lon="-4.8048900">
    <ele>608.4</ele>
   </trkpt>
   <trkpt lat="37.9849110" lon="-4.8049130">
    <ele>608.2</ele>
   </trkpt>
   <trkpt lat="37.9849130" lon="-4.8049330">
    <ele>608.0</ele>
   </trkpt>
   <trkpt lat="37.9849130" lon="-4.8049510">
    <ele>608.0</ele>
   </trkpt>
   <trkpt lat="37.9849150" lon="-4.8049700">
    <ele>608.0</ele>
   </trkpt>
   <trkpt lat="37.9849150" lon="-4.8049920">
    <ele>608.0</ele>
   </trkpt>
   <trkpt lat="37.9849140" lon="-4.8050120">
    <ele>608.0</ele>
   </trkpt>
   <trkpt lat="37.9849120" lon="-4.8050310">
    <ele>608.2</ele>
   </trkpt>
   <trkpt lat="37.9849120" lon="-4.8050490">
    <ele>608.2</ele>
   </trkpt>
   <trkpt lat="37.9849110" lon="-4.8050650">
    <ele>608.4</ele>
   </trkpt>
   <trkpt lat="37.9849110" lon="-4.8050830">
    <ele>608.6</ele>
   </trkpt>
   <trkpt lat="37.9849110" lon="-4.8051050">
    <ele>608.4</ele>
   </trkpt>
   <trkpt lat="37.9849100" lon="-4.8051210">
    <ele>608.4</ele>
   </trkpt>
   <trkpt lat="37.9849120" lon="-4.8051390">
    <ele>608.2</ele>
   </trkpt>
   <trkpt lat="37.9849100" lon="-4.8051550">
    <ele>608.0</ele>
   </trkpt>
   <trkpt lat="37.9849090" lon="-4.8051720">
    <ele>607.8</ele>
   </trkpt>
   <trkpt lat="37.9849080" lon="-4.8051910">
    <ele>607.6</ele>
   </trkpt>
   <trkpt lat="37.9849100" lon="-4.8052120">
    <ele>607.4</ele>
   </trkpt>
   <trkpt lat="37.9849090" lon="-4.8052320">
    <ele>607.4</ele>
   </trkpt>
   <trkpt lat="37.9849120" lon="-4.8052530">
    <ele>607.6</ele>
   </trkpt>
   <trkpt lat="37.9849140" lon="-4.8052740">
    <ele>607.6</ele>
   </trkpt>
   <trkpt lat="37.9849160" lon="-4.8052980">
    <ele>607.6</ele>
   </trkpt>
   <trkpt lat="37.9849170" lon="-4.8053160">
    <ele>607.4</ele>
   </trkpt>
   <trkpt lat="37.9849190" lon="-4.8053320">
    <ele>607.4</ele>
   </trkpt>
   <trkpt lat="37.9849210" lon="-4.8053500">
    <ele>607.2</ele>
   </trkpt>
   <trkpt lat="37.9849230" lon="-4.8053700">
    <ele>607.0</ele>
   </trkpt>
   <trkpt lat="37.9849250" lon="-4.8053910">
    <ele>606.8</ele>
   </trkpt>
   <trkpt lat="37.9849260" lon="-4.8054110">
    <ele>606.8</ele>
   </trkpt>
   <trkpt lat="37.9849260" lon="-4.8054300">
    <ele>607.2</ele>
   </trkpt>
   <trkpt lat="37.9849270" lon="-4.8054490">
    <ele>607.4</ele>
   </trkpt>
   <trkpt lat="37.9849280" lon="-4.8054680">
    <ele>607.6</ele>
   </trkpt>
   <trkpt lat="37.9849280" lon="-4.8054850">
    <ele>607.8</ele>
   </trkpt>
   <trkpt lat="37.9849300" lon="-4.8055000">
    <ele>607.4</ele>
   </trkpt>
   <trkpt lat="37.9849320" lon="-4.8055200">
    <ele>607.0</ele>
   </trkpt>
   <trkpt lat="37.9849340" lon="-4.8055410">
    <ele>606.4</ele>
   </trkpt>
   <trkpt lat="37.9849360" lon="-4.8055610">
    <ele>606.0</ele>
   </trkpt>
   <trkpt lat="37.9849380" lon="-4.8055790">
    <ele>605.6</ele>
   </trkpt>
   <trkpt lat="37.9849400" lon="-4.8056010">
    <ele>605.4</ele>
   </trkpt>
   <trkpt lat="37.9849430" lon="-4.8056220">
    <ele>605.2</ele>
   </trkpt>
   <trkpt lat="37.9849460" lon="-4.8056400">
    <ele>605.2</ele>
   </trkpt>
   <trkpt lat="37.9849480" lon="-4.8056630">
    <ele>605.0</ele>
   </trkpt>
   <trkpt lat="37.9849490" lon="-4.8056780">
    <ele>605.2</ele>
   </trkpt>
   <trkpt lat="37.9849490" lon="-4.8056950">
    <ele>605.4</ele>
   </trkpt>
   <trkpt lat="37.9849510" lon="-4.8057110">
    <ele>605.6</ele>
   </trkpt>
   <trkpt lat="37.9849500" lon="-4.8057250">
    <ele>605.8</ele>
   </trkpt>
   <trkpt lat="37.9849500" lon="-4.8057420">
    <ele>606.0</ele>
   </trkpt>
   <trkpt lat="37.9849490" lon="-4.8057570">
    <ele>606.2</ele>
   </trkpt>
   <trkpt lat="37.9849520" lon="-4.8057800">
    <ele>606.2</ele>
   </trkpt>
   <trkpt lat="37.9849530" lon="-4.8057990">
    <ele>606.0</ele>
   </trkpt>
   <trkpt lat="37.9849570" lon="-4.8058170">
    <ele>605.8</ele>
   </trkpt>
   <trkpt lat="37.9849600" lon="-4.8058370">
    <ele>605.6</ele>
   </trkpt>
   <trkpt lat="37.9849660" lon="-4.8058580">
    <ele>605.4</ele>
   </trkpt>
   <trkpt lat="37.9849690" lon="-4.8058780">
    <ele>605.4</ele>
   </trkpt>
   <trkpt lat="37.9849750" lon="-4.8058970">
    <ele>605.2</ele>
   </trkpt>
   <trkpt lat="37.9849810" lon="-4.8059230">
    <ele>605.0</ele>
   </trkpt>
   <trkpt lat="37.9849860" lon="-4.8059390">
    <ele>605.0</ele>
   </trkpt>
   <trkpt lat="37.9849890" lon="-4.8059570">
    <ele>605.0</ele>
   </trkpt>
   <trkpt lat="37.9849890" lon="-4.8059730">
    <ele>605.0</ele>
   </trkpt>
   <trkpt lat="37.9849900" lon="-4.8059930">
    <ele>605.2</ele>
   </trkpt>
   <trkpt lat="37.9849920" lon="-4.8060100">
    <ele>605.4</ele>
   </trkpt>
   <trkpt lat="37.9849950" lon="-4.8060320">
    <ele>605.6</ele>
   </trkpt>
   <trkpt lat="37.9849960" lon="-4.8060500">
    <ele>605.8</ele>
   </trkpt>
   <trkpt lat="37.9849950" lon="-4.8060710">
    <ele>606.2</ele>
   </trkpt>
   <trkpt lat="37.9849970" lon="-4.8060880">
    <ele>606.6</ele>
   </trkpt>
   <trkpt lat="37.9849940" lon="-4.8061010">
    <ele>607.0</ele>
   </trkpt>
   <trkpt lat="37.9849950" lon="-4.8061210">
    <ele>607.2</ele>
   </trkpt>
   <trkpt lat="37.9849960" lon="-4.8061430">
    <ele>607.4</ele>
   </trkpt>
   <trkpt lat="37.9849950" lon="-4.8061580">
    <ele>607.4</ele>
   </trkpt>
   <trkpt lat="37.9849910" lon="-4.8061750">
    <ele>607.4</ele>
   </trkpt>
   <trkpt lat="37.9849810" lon="-4.8061940">
    <ele>607.4</ele>
   </trkpt>
   <trkpt lat="37.9849710" lon="-4.8062100">
    <ele>607.4</ele>
   </trkpt>
   <trkpt lat="37.9849620" lon="-4.8062250">
    <ele>607.6</ele>
   </trkpt>
   <trkpt lat="37.9849510" lon="-4.8062400">
    <ele>607.8</ele>
   </trkpt>
   <trkpt lat="37.9849410" lon="-4.8062540">
    <ele>608.0</ele>
   </trkpt>
   <trkpt lat="37.9849320" lon="-4.8062690">
    <ele>608.2</ele>
   </trkpt>
   <trkpt lat="37.9849240" lon="-4.8062820">
    <ele>608.2</ele>
   </trkpt>
   <trkpt lat="37.9849130" lon="-4.8062950">
    <ele>608.2</ele>
   </trkpt>
   <trkpt lat="37.9849040" lon="-4.8063090">
    <ele>608.0</ele>
   </trkpt>
   <trkpt lat="37.9848940" lon="-4.8063160">
    <ele>608.0</ele>
   </trkpt>
   <trkpt lat="37.9848790" lon="-4.8063260">
    <ele>608.0</ele>
   </trkpt>
   <trkpt lat="37.9848650" lon="-4.8063400">
    <ele>608.0</ele>
   </trkpt>
   <trkpt lat="37.9848520" lon="-4.8063500">
    <ele>608.0</ele>
   </trkpt>
   <trkpt lat="37.9848390" lon="-4.8063600">
    <ele>608.0</ele>
   </trkpt>
   <trkpt lat="37.9848250" lon="-4.8063700">
    <ele>608.0</ele>
   </trkpt>
   <trkpt lat="37.9848130" lon="-4.8063770">
    <ele>608.0</ele>
   </trkpt>
   <trkpt lat="37.9847990" lon="-4.8063850">
    <ele>608.0</ele>
   </trkpt>
   <trkpt lat="37.9847850" lon="-4.8063900">
    <ele>608.2</ele>
   </trkpt>
   <trkpt lat="37.9847680" lon="-4.8063950">
    <ele>608.0</ele>
   </trkpt>
   <trkpt lat="37.9847530" lon="-4.8063970">
    <ele>608.0</ele>
   </trkpt>
   <trkpt lat="37.9847370" lon="-4.8063990">
    <ele>608.0</ele>
   </trkpt>
   <trkpt lat="37.9847220" lon="-4.8064010">
    <ele>607.8</ele>
   </trkpt>
   <trkpt lat="37.9847090" lon="-4.8064010">
    <ele>607.8</ele>
   </trkpt>
   <trkpt lat="37.9846930" lon="-4.8064040">
    <ele>607.6</ele>
   </trkpt>
   <trkpt lat="37.9846750" lon="-4.8064060">
    <ele>607.6</ele>
   </trkpt>
   <trkpt lat="37.9846590" lon="-4.8064080">
    <ele>607.6</ele>
   </trkpt>
   <trkpt lat="37.9846430" lon="-4.8064110">
    <ele>607.6</ele>
   </trkpt>
   <trkpt lat="37.9846260" lon="-4.8064120">
    <ele>607.6</ele>
   </trkpt>
   <trkpt lat="37.9846090" lon="-4.8064100">
    <ele>607.4</ele>
   </trkpt>
   <trkpt lat="37.9845920" lon="-4.8064090">
    <ele>607.4</ele>
   </trkpt>
   <trkpt lat="37.9845760" lon="-4.8064080">
    <ele>607.2</ele>
   </trkpt>
   <trkpt lat="37.9845610" lon="-4.8064060">
    <ele>607.2</ele>
   </trkpt>
   <trkpt lat="37.9845470" lon="-4.8064030">
    <ele>607.2</ele>
   </trkpt>
   <trkpt lat="37.9845340" lon="-4.8064010">
    <ele>607.4</ele>
   </trkpt>
   <trkpt lat="37.9845210" lon="-4.8063970">
    <ele>607.6</ele>
   </trkpt>
   <trkpt lat="37.9845070" lon="-4.8063920">
    <ele>607.8</ele>
   </trkpt>
   <trkpt lat="37.9844940" lon="-4.8063860">
    <ele>607.8</ele>
   </trkpt>
   <trkpt lat="37.9844790" lon="-4.8063800">
    <ele>607.8</ele>
   </trkpt>
   <trkpt lat="37.9844650" lon="-4.8063730">
    <ele>607.8</ele>
   </trkpt>
   <trkpt lat="37.9844510" lon="-4.8063670">
    <ele>607.6</ele>
   </trkpt>
   <trkpt lat="37.9844360" lon="-4.8063610">
    <ele>607.6</ele>
   </trkpt>
   <trkpt lat="37.9844210" lon="-4.8063550">
    <ele>607.8</ele>
   </trkpt>
   <trkpt lat="37.9844050" lon="-4.8063490">
    <ele>607.8</ele>
   </trkpt>
   <trkpt lat="37.9843910" lon="-4.8063430">
    <ele>607.6</ele>
   </trkpt>
   <trkpt lat="37.9843760" lon="-4.8063370">
    <ele>607.6</ele>
   </trkpt>
   <trkpt lat="37.9843600" lon="-4.8063300">
    <ele>607.4</ele>
   </trkpt>
   <trkpt lat="37.9843450" lon="-4.8063250">
    <ele>607.4</ele>
   </trkpt>
   <trkpt lat="37.9843290" lon="-4.8063200">
    <ele>607.2</ele>
   </trkpt>
   <trkpt lat="37.9843120" lon="-4.8063130">
    <ele>607.2</ele>
   </trkpt>
   <trkpt lat="37.9842910" lon="-4.8063070">
    <ele>607.0</ele>
   </trkpt>
   <trkpt lat="37.9842710" lon="-4.8063030">
    <ele>606.8</ele>
   </trkpt>
   <trkpt lat="37.9842510" lon="-4.8062960">
    <ele>606.4</ele>
   </trkpt>
   <trkpt lat="37.9842300" lon="-4.8062910">
    <ele>606.2</ele>
   </trkpt>
   <trkpt lat="37.9842090" lon="-4.8062860">
    <ele>606.0</ele>
   </trkpt>
   <trkpt lat="37.9841920" lon="-4.8062780">
    <ele>605.8</ele>
   </trkpt>
   <trkpt lat="37.9841720" lon="-4.8062560">
    <ele>605.6</ele>
   </trkpt>
   <trkpt lat="37.9841520" lon="-4.8062510">
    <ele>605.4</ele>
   </trkpt>
   <trkpt lat="37.9841310" lon="-4.8062430">
    <ele>605.2</ele>
   </trkpt>
   <trkpt lat="37.9841030" lon="-4.8062310">
    <ele>604.8</ele>
   </trkpt>
   <trkpt lat="37.9840810" lon="-4.8062250">
    <ele>604.6</ele>
   </trkpt>
   <trkpt lat="37.9840650" lon="-4.8062180">
    <ele>604.6</ele>
   </trkpt>
   <trkpt lat="37.9840390" lon="-4.8062070">
    <ele>604.6</ele>
   </trkpt>
   <trkpt lat="37.9840160" lon="-4.8062050">
    <ele>604.4</ele>
   </trkpt>
   <trkpt lat="37.9839990" lon="-4.8061940">
    <ele>604.2</ele>
   </trkpt>
   <trkpt lat="37.9839720" lon="-4.8061840">
    <ele>603.8</ele>
   </trkpt>
   <trkpt lat="37.9839500" lon="-4.8061770">
    <ele>603.4</ele>
   </trkpt>
   <trkpt lat="37.9839280" lon="-4.8061660">
    <ele>603.0</ele>
   </trkpt>
   <trkpt lat="37.9838970" lon="-4.8061580">
    <ele>602.8</ele>
   </trkpt>
   <trkpt lat="37.9838780" lon="-4.8061500">
    <ele>602.4</ele>
   </trkpt>
   <trkpt lat="37.9838610" lon="-4.8061420">
    <ele>602.0</ele>
   </trkpt>
   <trkpt lat="37.9838470" lon="-4.8061320">
    <ele>601.8</ele>
   </trkpt>
   <trkpt lat="37.9838350" lon="-4.8061280">
    <ele>601.6</ele>
   </trkpt>
   <trkpt lat="37.9838190" lon="-4.8061230">
    <ele>601.4</ele>
   </trkpt>
   <trkpt lat="37.9838060" lon="-4.8061160">
    <ele>601.4</ele>
   </trkpt>
   <trkpt lat="37.9837980" lon="-4.8061070">
    <ele>601.2</ele>
   </trkpt>
   <trkpt lat="37.9837890" lon="-4.8061010">
    <ele>601.2</ele>
   </trkpt>
   <trkpt lat="37.9837820" lon="-4.8060950">
    <ele>601.0</ele>
   </trkpt>
   <trkpt lat="37.9837740" lon="-4.8060890">
    <ele>601.0</ele>
   </trkpt>
   <trkpt lat="37.9837670" lon="-4.8060840">
    <ele>600.8</ele>
   </trkpt>
   <trkpt lat="37.9837580" lon="-4.8060800">
    <ele>600.8</ele>
   </trkpt>
   <trkpt lat="37.9837480" lon="-4.8060800">
    <ele>600.8</ele>
   </trkpt>
   <trkpt lat="37.9837360" lon="-4.8060830">
    <ele>600.8</ele>
   </trkpt>
   <trkpt lat="37.9837240" lon="-4.8060880">
    <ele>600.6</ele>
   </trkpt>
   <trkpt lat="37.9837140" lon="-4.8060930">
    <ele>600.6</ele>
   </trkpt>
   <trkpt lat="37.9837040" lon="-4.8060990">
    <ele>600.6</ele>
   </trkpt>
   <trkpt lat="37.9836960" lon="-4.8061030">
    <ele>600.6</ele>
   </trkpt>
   <trkpt lat="37.9836870" lon="-4.8061060">
    <ele>600.6</ele>
   </trkpt>
   <trkpt lat="37.9836800" lon="-4.8061040">
    <ele>600.4</ele>
   </trkpt>
   <trkpt lat="37.9836730" lon="-4.8061000">
    <ele>600.2</ele>
   </trkpt>
   <trkpt lat="37.9836660" lon="-4.8060970">
    <ele>600.2</ele>
   </trkpt>
   <trkpt lat="37.9836600" lon="-4.8060910">
    <ele>600.0</ele>
   </trkpt>
   <trkpt lat="37.9836510" lon="-4.8060840">
    <ele>599.8</ele>
   </trkpt>
   <trkpt lat="37.9836390" lon="-4.8060740">
    <ele>599.6</ele>
   </trkpt>
   <trkpt lat="37.9836290" lon="-4.8060660">
    <ele>599.4</ele>
   </trkpt>
   <trkpt lat="37.9836160" lon="-4.8060590">
    <ele>599.2</ele>
   </trkpt>
   <trkpt lat="37.9836030" lon="-4.8060520">
    <ele>598.8</ele>
   </trkpt>
   <trkpt lat="37.9835890" lon="-4.8060450">
    <ele>598.6</ele>
   </trkpt>
   <trkpt lat="37.9835730" lon="-4.8060360">
    <ele>598.2</ele>
   </trkpt>
   <trkpt lat="37.9835620" lon="-4.8060290">
    <ele>598.0</ele>
   </trkpt>
   <trkpt lat="37.9835500" lon="-4.8060230">
    <ele>597.8</ele>
   </trkpt>
   <trkpt lat="37.9835350" lon="-4.8060180">
    <ele>597.6</ele>
   </trkpt>
   <trkpt lat="37.9835180" lon="-4.8060180">
    <ele>597.2</ele>
   </trkpt>
   <trkpt lat="37.9834990" lon="-4.8060170">
    <ele>596.8</ele>
   </trkpt>
   <trkpt lat="37.9834840" lon="-4.8060210">
    <ele>596.4</ele>
   </trkpt>
   <trkpt lat="37.9834730" lon="-4.8060240">
    <ele>596.0</ele>
   </trkpt>
   <trkpt lat="37.9834590" lon="-4.8060250">
    <ele>595.6</ele>
   </trkpt>
   <trkpt lat="37.9834430" lon="-4.8060280">
    <ele>595.2</ele>
   </trkpt>
   <trkpt lat="37.9834250" lon="-4.8060260">
    <ele>594.8</ele>
   </trkpt>
   <trkpt lat="37.9834090" lon="-4.8060270">
    <ele>594.4</ele>
   </trkpt>
   <trkpt lat="37.9833960" lon="-4.8060290">
    <ele>594.0</ele>
   </trkpt>
   <trkpt lat="37.9833810" lon="-4.8060300">
    <ele>593.6</ele>
   </trkpt>
   <trkpt lat="37.9833670" lon="-4.8060340">
    <ele>593.2</ele>
   </trkpt>
   <trkpt lat="37.9833520" lon="-4.8060410">
    <ele>592.8</ele>
   </trkpt>
   <trkpt lat="37.9833390" lon="-4.8060510">
    <ele>592.4</ele>
   </trkpt>
   <trkpt lat="37.9833250" lon="-4.8060600">
    <ele>592.0</ele>
   </trkpt>
   <trkpt lat="37.9833080" lon="-4.8060630">
    <ele>591.8</ele>
   </trkpt>
   <trkpt lat="37.9832950" lon="-4.8060600">
    <ele>591.6</ele>
   </trkpt>
   <trkpt lat="37.9832790" lon="-4.8060630">
    <ele>591.2</ele>
   </trkpt>
   <trkpt lat="37.9832620" lon="-4.8060750">
    <ele>591.0</ele>
   </trkpt>
   <trkpt lat="37.9832430" lon="-4.8060930">
    <ele>590.8</ele>
   </trkpt>
   <trkpt lat="37.9832300" lon="-4.8061040">
    <ele>590.4</ele>
   </trkpt>
   <trkpt lat="37.9832150" lon="-4.8061150">
    <ele>590.0</ele>
   </trkpt>
   <trkpt lat="37.9832020" lon="-4.8061220">
    <ele>589.6</ele>
   </trkpt>
   <trkpt lat="37.9831890" lon="-4.8061350">
    <ele>589.4</ele>
   </trkpt>
   <trkpt lat="37.9831730" lon="-4.8061470">
    <ele>589.2</ele>
   </trkpt>
   <trkpt lat="37.9831550" lon="-4.8061640">
    <ele>589.0</ele>
   </trkpt>
   <trkpt lat="37.9831390" lon="-4.8061800">
    <ele>589.0</ele>
   </trkpt>
   <trkpt lat="37.9831240" lon="-4.8061910">
    <ele>589.0</ele>
   </trkpt>
   <trkpt lat="37.9831040" lon="-4.8062180">
    <ele>589.0</ele>
   </trkpt>
   <trkpt lat="37.9830880" lon="-4.8062370">
    <ele>588.8</ele>
   </trkpt>
   <trkpt lat="37.9830690" lon="-4.8062600">
    <ele>588.8</ele>
   </trkpt>
   <trkpt lat="37.9830540" lon="-4.8062860">
    <ele>588.8</ele>
   </trkpt>
   <trkpt lat="37.9830390" lon="-4.8063020">
    <ele>588.8</ele>
   </trkpt>
   <trkpt lat="37.9830220" lon="-4.8063260">
    <ele>588.6</ele>
   </trkpt>
   <trkpt lat="37.9830120" lon="-4.8063520">
    <ele>588.8</ele>
   </trkpt>
   <trkpt lat="37.9830030" lon="-4.8063710">
    <ele>588.8</ele>
   </trkpt>
   <trkpt lat="37.9829910" lon="-4.8063950">
    <ele>589.0</ele>
   </trkpt>
   <trkpt lat="37.9829800" lon="-4.8064200">
    <ele>589.0</ele>
   </trkpt>
   <trkpt lat="37.9829680" lon="-4.8064280">
    <ele>589.0</ele>
   </trkpt>
   <trkpt lat="37.9829570" lon="-4.8064370">
    <ele>588.8</ele>
   </trkpt>
   <trkpt lat="37.9829460" lon="-4.8064520">
    <ele>588.8</ele>
   </trkpt>
   <trkpt lat="37.9829370" lon="-4.8064670">
    <ele>588.6</ele>
   </trkpt>
   <trkpt lat="37.9829270" lon="-4.8064790">
    <ele>588.6</ele>
   </trkpt>
   <trkpt lat="37.9829170" lon="-4.8064910">
    <ele>588.6</ele>
   </trkpt>
   <trkpt lat="37.9829090" lon="-4.8065060">
    <ele>588.8</ele>
   </trkpt>
   <trkpt lat="37.9829020" lon="-4.8065190">
    <ele>589.0</ele>
   </trkpt>
   <trkpt lat="37.9828930" lon="-4.8065290">
    <ele>589.2</ele>
   </trkpt>
   <trkpt lat="37.9828830" lon="-4.8065370">
    <ele>589.2</ele>
   </trkpt>
   <trkpt lat="37.9828730" lon="-4.8065460">
    <ele>589.2</ele>
   </trkpt>
   <trkpt lat="37.9828600" lon="-4.8065480">
    <ele>589.0</ele>
   </trkpt>
   <trkpt lat="37.9828490" lon="-4.8065530">
    <ele>589.0</ele>
   </trkpt>
   <trkpt lat="37.9828350" lon="-4.8065580">
    <ele>588.8</ele>
   </trkpt>
   <trkpt lat="37.9828220" lon="-4.8065620">
    <ele>588.6</ele>
   </trkpt>
   <trkpt lat="37.9828080" lon="-4.8065660">
    <ele>588.4</ele>
   </trkpt>
   <trkpt lat="37.9827930" lon="-4.8065680">
    <ele>588.2</ele>
   </trkpt>
   <trkpt lat="37.9827750" lon="-4.8065710">
    <ele>588.0</ele>
   </trkpt>
   <trkpt lat="37.9827620" lon="-4.8065720">
    <ele>587.8</ele>
   </trkpt>
   <trkpt lat="37.9827500" lon="-4.8065740">
    <ele>587.4</ele>
   </trkpt>
   <trkpt lat="37.9827390" lon="-4.8065770">
    <ele>587.2</ele>
   </trkpt>
   <trkpt lat="37.9827290" lon="-4.8065780">
    <ele>586.8</ele>
   </trkpt>
   <trkpt lat="37.9827200" lon="-4.8065770">
    <ele>586.4</ele>
   </trkpt>
   <trkpt lat="37.9827090" lon="-4.8065750">
    <ele>586.2</ele>
   </trkpt>
   <trkpt lat="37.9826950" lon="-4.8065680">
    <ele>585.8</ele>
   </trkpt>
   <trkpt lat="37.9826830" lon="-4.8065620">
    <ele>585.4</ele>
   </trkpt>
   <trkpt lat="37.9826690" lon="-4.8065550">
    <ele>585.0</ele>
   </trkpt>
   <trkpt lat="37.9826560" lon="-4.8065460">
    <ele>584.6</ele>
   </trkpt>
   <trkpt lat="37.9826450" lon="-4.8065350">
    <ele>584.2</ele>
   </trkpt>
   <trkpt lat="37.9826320" lon="-4.8065210">
    <ele>583.8</ele>
   </trkpt>
   <trkpt lat="37.9826210" lon="-4.8065080">
    <ele>583.4</ele>
   </trkpt>
   <trkpt lat="37.9826100" lon="-4.8064920">
    <ele>582.8</ele>
   </trkpt>
   <trkpt lat="37.9825980" lon="-4.8064790">
    <ele>582.4</ele>
   </trkpt>
   <trkpt lat="37.9825870" lon="-4.8064580">
    <ele>581.8</ele>
   </trkpt>
   <trkpt lat="37.9825770" lon="-4.8064450">
    <ele>581.4</ele>
   </trkpt>
   <trkpt lat="37.9825590" lon="-4.8064320">
    <ele>580.8</ele>
   </trkpt>
   <trkpt lat="37.9825480" lon="-4.8064180">
    <ele>580.4</ele>
   </trkpt>
   <trkpt lat="37.9825370" lon="-4.8064050">
    <ele>579.8</ele>
   </trkpt>
   <trkpt lat="37.9825210" lon="-4.8063870">
    <ele>579.2</ele>
   </trkpt>
   <trkpt lat="37.9825140" lon="-4.8063720">
    <ele>578.6</ele>
   </trkpt>
   <trkpt lat="37.9824970" lon="-4.8063540">
    <ele>578.2</ele>
   </trkpt>
   <trkpt lat="37.9824910" lon="-4.8063380">
    <ele>577.6</ele>
   </trkpt>
   <trkpt lat="37.9824760" lon="-4.8063200">
    <ele>577.0</ele>
   </trkpt>
   <trkpt lat="37.9824680" lon="-4.8063090">
    <ele>576.4</ele>
   </trkpt>
   <trkpt lat="37.9824530" lon="-4.8062920">
    <ele>575.8</ele>
   </trkpt>
   <trkpt lat="37.9824430" lon="-4.8062810">
    <ele>575.2</ele>
   </trkpt>
   <trkpt lat="37.9824330" lon="-4.8062690">
    <ele>574.8</ele>
   </trkpt>
   <trkpt lat="37.9824150" lon="-4.8062590">
    <ele>574.2</ele>
   </trkpt>
   <trkpt lat="37.9823960" lon="-4.8062510">
    <ele>573.8</ele>
   </trkpt>
   <trkpt lat="37.9823830" lon="-4.8062420">
    <ele>573.2</ele>
   </trkpt>
   <trkpt lat="37.9823650" lon="-4.8062390">
    <ele>572.6</ele>
   </trkpt>
   <trkpt lat="37.9823480" lon="-4.8062350">
    <ele>571.8</ele>
   </trkpt>
   <trkpt lat="37.9823360" lon="-4.8062240">
    <ele>571.2</ele>
   </trkpt>
   <trkpt lat="37.9823230" lon="-4.8062130">
    <ele>570.4</ele>
   </trkpt>
   <trkpt lat="37.9823140" lon="-4.8062010">
    <ele>569.8</ele>
   </trkpt>
   <trkpt lat="37.9823000" lon="-4.8061940">
    <ele>569.2</ele>
   </trkpt>
   <trkpt lat="37.9822850" lon="-4.8061870">
    <ele>568.8</ele>
   </trkpt>
   <trkpt lat="37.9822680" lon="-4.8061820">
    <ele>568.2</ele>
   </trkpt>
   <trkpt lat="37.9822540" lon="-4.8061760">
    <ele>567.6</ele>
   </trkpt>
   <trkpt lat="37.9822410" lon="-4.8061680">
    <ele>566.8</ele>
   </trkpt>
   <trkpt lat="37.9822270" lon="-4.8061630">
    <ele>566.2</ele>
   </trkpt>
   <trkpt lat="37.9822130" lon="-4.8061650">
    <ele>565.4</ele>
   </trkpt>
   <trkpt lat="37.9821930" lon="-4.8061750">
    <ele>564.6</ele>
   </trkpt>
   <trkpt lat="37.9821720" lon="-4.8061720">
    <ele>563.8</ele>
   </trkpt>
   <trkpt lat="37.9821550" lon="-4.8061690">
    <ele>563.0</ele>
   </trkpt>
   <trkpt lat="37.9821340" lon="-4.8061660">
    <ele>562.2</ele>
   </trkpt>
   <trkpt lat="37.9821160" lon="-4.8061680">
    <ele>561.4</ele>
   </trkpt>
   <trkpt lat="37.9821000" lon="-4.8061700">
    <ele>560.8</ele>
   </trkpt>
   <trkpt lat="37.9820850" lon="-4.8061690">
    <ele>560.0</ele>
   </trkpt>
   <trkpt lat="37.9820660" lon="-4.8061700">
    <ele>559.2</ele>
   </trkpt>
   <trkpt lat="37.9820430" lon="-4.8061680">
    <ele>558.4</ele>
   </trkpt>
   <trkpt lat="37.9820240" lon="-4.8061570">
    <ele>557.8</ele>
   </trkpt>
   <trkpt lat="37.9820020" lon="-4.8061460">
    <ele>556.8</ele>
   </trkpt>
   <trkpt lat="37.9819780" lon="-4.8061390">
    <ele>556.0</ele>
   </trkpt>
   <trkpt lat="37.9819640" lon="-4.8061300">
    <ele>555.2</ele>
   </trkpt>
   <trkpt lat="37.9819470" lon="-4.8061200">
    <ele>554.4</ele>
   </trkpt>
   <trkpt lat="37.9819260" lon="-4.8061140">
    <ele>554.0</ele>
   </trkpt>
   <trkpt lat="37.9819050" lon="-4.8061060">
    <ele>553.2</ele>
   </trkpt>
   <trkpt lat="37.9818890" lon="-4.8060900">
    <ele>552.4</ele>
   </trkpt>
   <trkpt lat="37.9818730" lon="-4.8060780">
    <ele>551.6</ele>
   </trkpt>
   <trkpt lat="37.9818590" lon="-4.8060670">
    <ele>551.0</ele>
   </trkpt>
   <trkpt lat="37.9818440" lon="-4.8060570">
    <ele>550.2</ele>
   </trkpt>
   <trkpt lat="37.9818280" lon="-4.8060440">
    <ele>549.6</ele>
   </trkpt>
   <trkpt lat="37.9818100" lon="-4.8060320">
    <ele>549.2</ele>
   </trkpt>
   <trkpt lat="37.9817960" lon="-4.8060240">
    <ele>548.6</ele>
   </trkpt>
   <trkpt lat="37.9817790" lon="-4.8060140">
    <ele>548.0</ele>
   </trkpt>
   <trkpt lat="37.9817640" lon="-4.8060090">
    <ele>547.4</ele>
   </trkpt>
   <trkpt lat="37.9817450" lon="-4.8060050">
    <ele>546.8</ele>
   </trkpt>
   <trkpt lat="37.9817320" lon="-4.8059930">
    <ele>546.2</ele>
   </trkpt>
   <trkpt lat="37.9817150" lon="-4.8059870">
    <ele>545.6</ele>
   </trkpt>
   <trkpt lat="37.9817010" lon="-4.8059790">
    <ele>545.0</ele>
   </trkpt>
   <trkpt lat="37.9816890" lon="-4.8059690">
    <ele>544.4</ele>
   </trkpt>
   <trkpt lat="37.9816750" lon="-4.8059660">
    <ele>543.8</ele>
   </trkpt>
   <trkpt lat="37.9816670" lon="-4.8059580">
    <ele>543.2</ele>
   </trkpt>
   <trkpt lat="37.9816600" lon="-4.8059450">
    <ele>542.6</ele>
   </trkpt>
   <trkpt lat="37.9816530" lon="-4.8059340">
    <ele>542.2</ele>
   </trkpt>
   <trkpt lat="37.9816430" lon="-4.8059210">
    <ele>541.6</ele>
   </trkpt>
   <trkpt lat="37.9816310" lon="-4.8059100">
    <ele>541.0</ele>
   </trkpt>
   <trkpt lat="37.9816250" lon="-4.8058970">
    <ele>540.4</ele>
   </trkpt>
   <trkpt lat="37.9816240" lon="-4.8058870">
    <ele>540.0</ele>
   </trkpt>
   <trkpt lat="37.9816180" lon="-4.8058750">
    <ele>539.8</ele>
   </trkpt>
   <trkpt lat="37.9816120" lon="-4.8058630">
    <ele>539.4</ele>
   </trkpt>
   <trkpt lat="37.9816070" lon="-4.8058540">
    <ele>539.2</ele>
   </trkpt>
   <trkpt lat="37.9816020" lon="-4.8058400">
    <ele>538.8</ele>
   </trkpt>
   <trkpt lat="37.9815970" lon="-4.8058300">
    <ele>538.6</ele>
   </trkpt>
   <trkpt lat="37.9815910" lon="-4.8058240">
    <ele>538.4</ele>
   </trkpt>
   <trkpt lat="37.9815830" lon="-4.8058130">
    <ele>538.2</ele>
   </trkpt>
   <trkpt lat="37.9815740" lon="-4.8058020">
    <ele>538.0</ele>
   </trkpt>
   <trkpt lat="37.9815640" lon="-4.8057930">
    <ele>537.6</ele>
   </trkpt>
   <trkpt lat="37.9815550" lon="-4.8057840">
    <ele>537.4</ele>
   </trkpt>
   <trkpt lat="37.9815470" lon="-4.8057770">
    <ele>537.2</ele>
   </trkpt>
   <trkpt lat="37.9815400" lon="-4.8057700">
    <ele>536.8</ele>
   </trkpt>
   <trkpt lat="37.9815340" lon="-4.8057630">
    <ele>536.4</ele>
   </trkpt>
   <trkpt lat="37.9815260" lon="-4.8057640">
    <ele>536.2</ele>
   </trkpt>
   <trkpt lat="37.9815180" lon="-4.8057630">
    <ele>535.8</ele>
   </trkpt>
   <trkpt lat="37.9815070" lon="-4.8057600">
    <ele>535.4</ele>
   </trkpt>
   <trkpt lat="37.9814960" lon="-4.8057580">
    <ele>535.0</ele>
   </trkpt>
   <trkpt lat="37.9814890" lon="-4.8057550">
    <ele>534.8</ele>
   </trkpt>
   <trkpt lat="37.9814820" lon="-4.8057510">
    <ele>534.4</ele>
   </trkpt>
   <trkpt lat="37.9814780" lon="-4.8057490">
    <ele>534.2</ele>
   </trkpt>
   <trkpt lat="37.9814750" lon="-4.8057510">
    <ele>533.8</ele>
   </trkpt>
   <trkpt lat="37.9814730" lon="-4.8057520">
    <ele>533.6</ele>
   </trkpt>
   <trkpt lat="37.9814710" lon="-4.8057540">
    <ele>533.6</ele>
   </trkpt>
   <trkpt lat="37.9814680" lon="-4.8057490">
    <ele>533.4</ele>
   </trkpt>
   <trkpt lat="37.9814640" lon="-4.8057450">
    <ele>533.4</ele>
   </trkpt>
   <trkpt lat="37.9814640" lon="-4.8057450">
    <ele>533.4</ele>
   </trkpt>
   <trkpt lat="37.9814640" lon="-4.8057450">
    <ele>533.4</ele>
   </trkpt>
   <trkpt lat="37.9814640" lon="-4.8057450">
    <ele>533.4</ele>
   </trkpt>
   <trkpt lat="37.9814630" lon="-4.8057450">
    <ele>533.2</ele>
   </trkpt>
   <trkpt lat="37.9814470" lon="-4.8057370">
    <ele>533.2</ele>
   </trkpt>
   <trkpt lat="37.9814400" lon="-4.8057360">
    <ele>533.0</ele>
   </trkpt>
   <trkpt lat="37.9814350" lon="-4.8057340">
    <ele>533.0</ele>
   </trkpt>
   <trkpt lat="37.9814300" lon="-4.8057380">
    <ele>533.0</ele>
   </trkpt>
   <trkpt lat="37.9814260" lon="-4.8057400">
    <ele>533.0</ele>
   </trkpt>
   <trkpt lat="37.9814210" lon="-4.8057400">
    <ele>533.2</ele>
   </trkpt>
   <trkpt lat="37.9814150" lon="-4.8057460">
    <ele>533.4</ele>
   </trkpt>
   <trkpt lat="37.9814110" lon="-4.8057530">
    <ele>533.4</ele>
   </trkpt>
   <trkpt lat="37.9814080" lon="-4.8057570">
    <ele>533.6</ele>
   </trkpt>
   <trkpt lat="37.9813990" lon="-4.8057650">
    <ele>533.8</ele>
   </trkpt>
   <trkpt lat="37.9813940" lon="-4.8057700">
    <ele>534.0</ele>
   </trkpt>
   <trkpt lat="37.9813890" lon="-4.8057720">
    <ele>534.2</ele>
   </trkpt>
   <trkpt lat="37.9813830" lon="-4.8057780">
    <ele>534.4</ele>
   </trkpt>
   <trkpt lat="37.9813760" lon="-4.8057820">
    <ele>534.6</ele>
   </trkpt>
   <trkpt lat="37.9813690" lon="-4.8057840">
    <ele>534.8</ele>
   </trkpt>
   <trkpt lat="37.9813670" lon="-4.8057860">
    <ele>535.0</ele>
   </trkpt>
   <trkpt lat="37.9813650" lon="-4.8057920">
    <ele>535.2</ele>
   </trkpt>
   <trkpt lat="37.9813600" lon="-4.8057940">
    <ele>535.4</ele>
   </trkpt>
   <trkpt lat="37.9813590" lon="-4.8057980">
    <ele>535.4</ele>
   </trkpt>
   <trkpt lat="37.9813550" lon="-4.8057980">
    <ele>535.6</ele>
   </trkpt>
   <trkpt lat="37.9813520" lon="-4.8057990">
    <ele>535.6</ele>
   </trkpt>
   <trkpt lat="37.9813490" lon="-4.8057970">
    <ele>535.8</ele>
   </trkpt>
   <trkpt lat="37.9813440" lon="-4.8058000">
    <ele>536.0</ele>
   </trkpt>
   <trkpt lat="37.9813390" lon="-4.8058030">
    <ele>536.2</ele>
   </trkpt>
   <trkpt lat="37.9813330" lon="-4.8058040">
    <ele>536.4</ele>
   </trkpt>
   <trkpt lat="37.9813260" lon="-4.8058070">
    <ele>536.6</ele>
   </trkpt>
   <trkpt lat="37.9813200" lon="-4.8058100">
    <ele>536.8</ele>
   </trkpt>
   <trkpt lat="37.9813130" lon="-4.8058130">
    <ele>537.2</ele>
   </trkpt>
   <trkpt lat="37.9813120" lon="-4.8058110">
    <ele>537.4</ele>
   </trkpt>
   <trkpt lat="37.9813100" lon="-4.8058110">
    <ele>537.6</ele>
   </trkpt>
   <trkpt lat="37.9813090" lon="-4.8058100">
    <ele>537.8</ele>
   </trkpt>
   <trkpt lat="37.9813030" lon="-4.8058130">
    <ele>538.0</ele>
   </trkpt>
   <trkpt lat="37.9812990" lon="-4.8058160">
    <ele>538.0</ele>
   </trkpt>
   <trkpt lat="37.9812910" lon="-4.8058210">
    <ele>538.2</ele>
   </trkpt>
   <trkpt lat="37.9812860" lon="-4.8058250">
    <ele>538.2</ele>
   </trkpt>
   <trkpt lat="37.9812770" lon="-4.8058270">
    <ele>538.4</ele>
   </trkpt>
   <trkpt lat="37.9812710" lon="-4.8058280">
    <ele>538.8</ele>
   </trkpt>
   <trkpt lat="37.9812680" lon="-4.8058280">
    <ele>539.0</ele>
   </trkpt>
   <trkpt lat="37.9812630" lon="-4.8058290">
    <ele>539.2</ele>
   </trkpt>
   <trkpt lat="37.9812610" lon="-4.8058290">
    <ele>539.4</ele>
   </trkpt>
   <trkpt lat="37.9812550" lon="-4.8058290">
    <ele>539.6</ele>
   </trkpt>
   <trkpt lat="37.9812530" lon="-4.8058270">
    <ele>539.8</ele>
   </trkpt>
   <trkpt lat="37.9812500" lon="-4.8058260">
    <ele>540.0</ele>
   </trkpt>
   <trkpt lat="37.9812450" lon="-4.8058250">
    <ele>540.4</ele>
   </trkpt>
   <trkpt lat="37.9812380" lon="-4.8058200">
    <ele>540.6</ele>
   </trkpt>
   <trkpt lat="37.9812360" lon="-4.8058150">
    <ele>540.8</ele>
   </trkpt>
   <trkpt lat="37.9812290" lon="-4.8058120">
    <ele>541.0</ele>
   </trkpt>
   <trkpt lat="37.9812290" lon="-4.8058110">
    <ele>541.2</ele>
   </trkpt>
   <trkpt lat="37.9812250" lon="-4.8058080">
    <ele>541.4</ele>
   </trkpt>
   <trkpt lat="37.9812210" lon="-4.8058060">
    <ele>541.6</ele>
   </trkpt>
   <trkpt lat="37.9812210" lon="-4.8058060">
    <ele>541.8</ele>
   </trkpt>
   <trkpt lat="37.9812190" lon="-4.8058040">
    <ele>542.0</ele>
   </trkpt>
   <trkpt lat="37.9812120" lon="-4.8057980">
    <ele>542.0</ele>
   </trkpt>
   <trkpt lat="37.9812090" lon="-4.8057940">
    <ele>542.2</ele>
   </trkpt>
   <trkpt lat="37.9812040" lon="-4.8057900">
    <ele>542.4</ele>
   </trkpt>
   <trkpt lat="37.9812000" lon="-4.8057860">
    <ele>542.8</ele>
   </trkpt>
   <trkpt lat="37.9811980" lon="-4.8057830">
    <ele>543.0</ele>
   </trkpt>
   <trkpt lat="37.9811950" lon="-4.8057810">
    <ele>543.2</ele>
   </trkpt>
   <trkpt lat="37.9811910" lon="-4.8057790">
    <ele>543.4</ele>
   </trkpt>
   <trkpt lat="37.9811860" lon="-4.8057760">
    <ele>543.6</ele>
   </trkpt>
   <trkpt lat="37.9811830" lon="-4.8057740">
    <ele>543.8</ele>
   </trkpt>
   <trkpt lat="37.9811800" lon="-4.8057700">
    <ele>544.0</ele>
   </trkpt>
   <trkpt lat="37.9811760" lon="-4.8057670">
    <ele>544.2</ele>
   </trkpt>
   <trkpt lat="37.9811760" lon="-4.8057640">
    <ele>544.4</ele>
   </trkpt>
   <trkpt lat="37.9811740" lon="-4.8057590">
    <ele>544.6</ele>
   </trkpt>
   <trkpt lat="37.9811670" lon="-4.8057520">
    <ele>544.8</ele>
   </trkpt>
   <trkpt lat="37.9811640" lon="-4.8057480">
    <ele>545.2</ele>
   </trkpt>
   <trkpt lat="37.9811620" lon="-4.8057430">
    <ele>545.4</ele>
   </trkpt>
   <trkpt lat="37.9811630" lon="-4.8057380">
    <ele>545.8</ele>
   </trkpt>
   <trkpt lat="37.9811580" lon="-4.8057350">
    <ele>546.2</ele>
   </trkpt>
   <trkpt lat="37.9811550" lon="-4.8057310">
    <ele>546.6</ele>
   </trkpt>
   <trkpt lat="37.9811510" lon="-4.8057260">
    <ele>547.2</ele>
   </trkpt>
   <trkpt lat="37.9811460" lon="-4.8057230">
    <ele>547.4</ele>
   </trkpt>
   <trkpt lat="37.9811400" lon="-4.8057140">
    <ele>547.8</ele>
   </trkpt>
   <trkpt lat="37.9811340" lon="-4.8057110">
    <ele>548.0</ele>
   </trkpt>
   <trkpt lat="37.9811300" lon="-4.8057080">
    <ele>548.2</ele>
   </trkpt>
   <trkpt lat="37.9811270" lon="-4.8057060">
    <ele>548.6</ele>
   </trkpt>
   <trkpt lat="37.9811220" lon="-4.8056990">
    <ele>548.8</ele>
   </trkpt>
   <trkpt lat="37.9811190" lon="-4.8056940">
    <ele>549.0</ele>
   </trkpt>
   <trkpt lat="37.9811140" lon="-4.8056880">
    <ele>549.4</ele>
   </trkpt>
   <trkpt lat="37.9811080" lon="-4.8056820">
    <ele>549.6</ele>
   </trkpt>
   <trkpt lat="37.9811050" lon="-4.8056780">
    <ele>550.0</ele>
   </trkpt>
   <trkpt lat="37.9811000" lon="-4.8056700">
    <ele>550.2</ele>
   </trkpt>
   <trkpt lat="37.9810950" lon="-4.8056620">
    <ele>550.6</ele>
   </trkpt>
   <trkpt lat="37.9810920" lon="-4.8056540">
    <ele>551.0</ele>
   </trkpt>
   <trkpt lat="37.9810900" lon="-4.8056500">
    <ele>551.4</ele>
   </trkpt>
   <trkpt lat="37.9810840" lon="-4.8056370">
    <ele>551.8</ele>
   </trkpt>
   <trkpt lat="37.9810830" lon="-4.8056350">
    <ele>552.0</ele>
   </trkpt>
   <trkpt lat="37.9810790" lon="-4.8056290">
    <ele>552.4</ele>
   </trkpt>
   <trkpt lat="37.9810720" lon="-4.8056220">
    <ele>552.8</ele>
   </trkpt>
   <trkpt lat="37.9810680" lon="-4.8056170">
    <ele>553.0</ele>
   </trkpt>
   <trkpt lat="37.9810600" lon="-4.8056110">
    <ele>553.4</ele>
   </trkpt>
   <trkpt lat="37.9810580" lon="-4.8056070">
    <ele>553.8</ele>
   </trkpt>
   <trkpt lat="37.9810510" lon="-4.8056020">
    <ele>554.2</ele>
   </trkpt>
   <trkpt lat="37.9810390" lon="-4.8055910">
    <ele>554.6</ele>
   </trkpt>
   <trkpt lat="37.9810350" lon="-4.8055910">
    <ele>554.8</ele>
   </trkpt>
   <trkpt lat="37.9810340" lon="-4.8055840">
    <ele>555.2</ele>
   </trkpt>
   <trkpt lat="37.9810280" lon="-4.8055730">
    <ele>555.6</ele>
   </trkpt>
   <trkpt lat="37.9810270" lon="-4.8055680">
    <ele>556.0</ele>
   </trkpt>
   <trkpt lat="37.9810240" lon="-4.8055660">
    <ele>556.4</ele>
   </trkpt>
   <trkpt lat="37.9810190" lon="-4.8055580">
    <ele>556.6</ele>
   </trkpt>
   <trkpt lat="37.9810110" lon="-4.8055570">
    <ele>557.0</ele>
   </trkpt>
   <trkpt lat="37.9810040" lon="-4.8055580">
    <ele>557.4</ele>
   </trkpt>
   <trkpt lat="37.9810000" lon="-4.8055580">
    <ele>557.6</ele>
   </trkpt>
   <trkpt lat="37.9809940" lon="-4.8055570">
    <ele>558.0</ele>
   </trkpt>
   <trkpt lat="37.9809880" lon="-4.8055440">
    <ele>558.4</ele>
   </trkpt>
   <trkpt lat="37.9809880" lon="-4.8055380">
    <ele>558.6</ele>
   </trkpt>
   <trkpt lat="37.9809830" lon="-4.8055340">
    <ele>559.0</ele>
   </trkpt>
   <trkpt lat="37.9809850" lon="-4.8055250">
    <ele>559.2</ele>
   </trkpt>
   <trkpt lat="37.9809790" lon="-4.8055120">
    <ele>559.6</ele>
   </trkpt>
   <trkpt lat="37.9809730" lon="-4.8055040">
    <ele>560.0</ele>
   </trkpt>
   <trkpt lat="37.9809790" lon="-4.8055050">
    <ele>560.4</ele>
   </trkpt>
   <trkpt lat="37.9809740" lon="-4.8055030">
    <ele>560.8</ele>
   </trkpt>
   <trkpt lat="37.9809700" lon="-4.8055000">
    <ele>561.2</ele>
   </trkpt>
   <trkpt lat="37.9809650" lon="-4.8054980">
    <ele>561.6</ele>
   </trkpt>
   <trkpt lat="37.9809610" lon="-4.8054940">
    <ele>561.8</ele>
   </trkpt>
   <trkpt lat="37.9809550" lon="-4.8054880">
    <ele>562.0</ele>
   </trkpt>
   <trkpt lat="37.9809500" lon="-4.8054810">
    <ele>562.2</ele>
   </trkpt>
   <trkpt lat="37.9809460" lon="-4.8054750">
    <ele>562.6</ele>
   </trkpt>
   <trkpt lat="37.9809430" lon="-4.8054710">
    <ele>562.8</ele>
   </trkpt>
   <trkpt lat="37.9809360" lon="-4.8054610">
    <ele>563.0</ele>
   </trkpt>
   <trkpt lat="37.9809300" lon="-4.8054530">
    <ele>563.2</ele>
   </trkpt>
   <trkpt lat="37.9809240" lon="-4.8054440">
    <ele>563.6</ele>
   </trkpt>
   <trkpt lat="37.9809200" lon="-4.8054370">
    <ele>564.0</ele>
   </trkpt>
   <trkpt lat="37.9809170" lon="-4.8054270">
    <ele>564.2</ele>
   </trkpt>
   <trkpt lat="37.9809040" lon="-4.8054190">
    <ele>564.6</ele>
   </trkpt>
   <trkpt lat="37.9809000" lon="-4.8054170">
    <ele>565.0</ele>
   </trkpt>
   <trkpt lat="37.9808930" lon="-4.8054100">
    <ele>565.4</ele>
   </trkpt>
   <trkpt lat="37.9808830" lon="-4.8054000">
    <ele>565.6</ele>
   </trkpt>
   <trkpt lat="37.9808800" lon="-4.8054000">
    <ele>566.0</ele>
   </trkpt>
   <trkpt lat="37.9808730" lon="-4.8053940">
    <ele>566.4</ele>
   </trkpt>
   <trkpt lat="37.9808690" lon="-4.8053820">
    <ele>566.6</ele>
   </trkpt>
   <trkpt lat="37.9808620" lon="-4.8053740">
    <ele>567.0</ele>
   </trkpt>
   <trkpt lat="37.9808580" lon="-4.8053670">
    <ele>567.2</ele>
   </trkpt>
   <trkpt lat="37.9808520" lon="-4.8053620">
    <ele>567.6</ele>
   </trkpt>
   <trkpt lat="37.9808450" lon="-4.8053510">
    <ele>567.8</ele>
   </trkpt>
   <trkpt lat="37.9808440" lon="-4.8053450">
    <ele>568.2</ele>
   </trkpt>
   <trkpt lat="37.9808390" lon="-4.8053460">
    <ele>568.6</ele>
   </trkpt>
   <trkpt lat="37.9808300" lon="-4.8053390">
    <ele>569.0</ele>
   </trkpt>
   <trkpt lat="37.9808270" lon="-4.8053360">
    <ele>569.2</ele>
   </trkpt>
   <trkpt lat="37.9808250" lon="-4.8053320">
    <ele>569.6</ele>
   </trkpt>
   <trkpt lat="37.9808160" lon="-4.8053300">
    <ele>569.8</ele>
   </trkpt>
   <trkpt lat="37.9808070" lon="-4.8053290">
    <ele>570.0</ele>
   </trkpt>
   <trkpt lat="37.9808030" lon="-4.8053280">
    <ele>570.2</ele>
   </trkpt>
   <trkpt lat="37.9807980" lon="-4.8053240">
    <ele>570.4</ele>
   </trkpt>
   <trkpt lat="37.9807910" lon="-4.8053170">
    <ele>570.6</ele>
   </trkpt>
   <trkpt lat="37.9807830" lon="-4.8053140">
    <ele>571.0</ele>
   </trkpt>
   <trkpt lat="37.9807790" lon="-4.8053130">
    <ele>571.2</ele>
   </trkpt>
   <trkpt lat="37.9807730" lon="-4.8053090">
    <ele>571.4</ele>
   </trkpt>
   <trkpt lat="37.9807720" lon="-4.8053080">
    <ele>571.6</ele>
   </trkpt>
   <trkpt lat="37.9807670" lon="-4.8053030">
    <ele>571.8</ele>
   </trkpt>
   <trkpt lat="37.9807610" lon="-4.8052960">
    <ele>572.0</ele>
   </trkpt>
   <trkpt lat="37.9807600" lon="-4.8052940">
    <ele>572.2</ele>
   </trkpt>
   <trkpt lat="37.9807510" lon="-4.8052870">
    <ele>572.4</ele>
   </trkpt>
   <trkpt lat="37.9807480" lon="-4.8052830">
    <ele>572.6</ele>
   </trkpt>
   <trkpt lat="37.9807450" lon="-4.8052760">
    <ele>573.0</ele>
   </trkpt>
   <trkpt lat="37.9807420" lon="-4.8052650">
    <ele>573.2</ele>
   </trkpt>
   <trkpt lat="37.9807390" lon="-4.8052560">
    <ele>573.4</ele>
   </trkpt>
   <trkpt lat="37.9807370" lon="-4.8052510">
    <ele>573.6</ele>
   </trkpt>
   <trkpt lat="37.9807330" lon="-4.8052440">
    <ele>574.0</ele>
   </trkpt>
   <trkpt lat="37.9807290" lon="-4.8052330">
    <ele>574.2</ele>
   </trkpt>
   <trkpt lat="37.9807270" lon="-4.8052290">
    <ele>574.4</ele>
   </trkpt>
   <trkpt lat="37.9807230" lon="-4.8052140">
    <ele>574.6</ele>
   </trkpt>
   <trkpt lat="37.9807270" lon="-4.8052120">
    <ele>575.0</ele>
   </trkpt>
   <trkpt lat="37.9807310" lon="-4.8052110">
    <ele>575.2</ele>
   </trkpt>
   <trkpt lat="37.9807310" lon="-4.8052050">
    <ele>575.4</ele>
   </trkpt>
   <trkpt lat="37.9807350" lon="-4.8052020">
    <ele>575.6</ele>
   </trkpt>
   <trkpt lat="37.9807370" lon="-4.8051970">
    <ele>575.8</ele>
   </trkpt>
   <trkpt lat="37.9807390" lon="-4.8051940">
    <ele>576.0</ele>
   </trkpt>
   <trkpt lat="37.9807410" lon="-4.8051920">
    <ele>576.2</ele>
   </trkpt>
   <trkpt lat="37.9807410" lon="-4.8051920">
    <ele>576.6</ele>
   </trkpt>
   <trkpt lat="37.9807410" lon="-4.8051920">
    <ele>577.0</ele>
   </trkpt>
   <trkpt lat="37.9807410" lon="-4.8051920">
    <ele>577.2</ele>
   </trkpt>
   <trkpt lat="37.9807410" lon="-4.8051920">
    <ele>577.2</ele>
   </trkpt>
   <trkpt lat="37.9807420" lon="-4.8051920">
    <ele>577.2</ele>
   </trkpt>
   <trkpt lat="37.9807430" lon="-4.8051860">
    <ele>577.2</ele>
   </trkpt>
   <trkpt lat="37.9807410" lon="-4.8051870">
    <ele>577.2</ele>
   </trkpt>
   <trkpt lat="37.9807400" lon="-4.8051850">
    <ele>577.2</ele>
   </trkpt>
   <trkpt lat="37.9807410" lon="-4.8051800">
    <ele>577.2</ele>
   </trkpt>
   <trkpt lat="37.9807410" lon="-4.8051920">
    <ele>577.2</ele>
   </trkpt>
   <trkpt lat="37.9807410" lon="-4.8051920">
    <ele>577.2</ele>
   </trkpt>
   <trkpt lat="37.9807410" lon="-4.8051820">
    <ele>577.2</ele>
   </trkpt>
   <trkpt lat="37.9807420" lon="-4.8051850">
    <ele>577.2</ele>
   </trkpt>
   <trkpt lat="37.9807410" lon="-4.8051860">
    <ele>577.2</ele>
   </trkpt>
   <trkpt lat="37.9807420" lon="-4.8051850">
    <ele>577.2</ele>
   </trkpt>
   <trkpt lat="37.9807350" lon="-4.8051910">
    <ele>577.2</ele>
   </trkpt>
   <trkpt lat="37.9807330" lon="-4.8052010">
    <ele>577.2</ele>
   </trkpt>
   <trkpt lat="37.9807310" lon="-4.8051990">
    <ele>577.4</ele>
   </trkpt>
   <trkpt lat="37.9807320" lon="-4.8052020">
    <ele>577.4</ele>
   </trkpt>
   <trkpt lat="37.9807360" lon="-4.8052010">
    <ele>577.4</ele>
   </trkpt>
   <trkpt lat="37.9807370" lon="-4.8052000">
    <ele>577.4</ele>
   </trkpt>
   <trkpt lat="37.9807370" lon="-4.8051930">
    <ele>577.6</ele>
   </trkpt>
   <trkpt lat="37.9807390" lon="-4.8051900">
    <ele>577.6</ele>
   </trkpt>
   <trkpt lat="37.9807390" lon="-4.8051900">
    <ele>577.6</ele>
   </trkpt>
   <trkpt lat="37.9807380" lon="-4.8051840">
    <ele>577.8</ele>
   </trkpt>
   <trkpt lat="37.9807370" lon="-4.8051800">
    <ele>577.8</ele>
   </trkpt>
   <trkpt lat="37.9807330" lon="-4.8051730">
    <ele>577.6</ele>
   </trkpt>
   <trkpt lat="37.9807320" lon="-4.8051670">
    <ele>577.6</ele>
   </trkpt>
   <trkpt lat="37.9807270" lon="-4.8051610">
    <ele>577.6</ele>
   </trkpt>
   <trkpt lat="37.9807230" lon="-4.8051520">
    <ele>577.6</ele>
   </trkpt>
   <trkpt lat="37.9807190" lon="-4.8051450">
    <ele>577.8</ele>
   </trkpt>
   <trkpt lat="37.9807170" lon="-4.8051400">
    <ele>578.0</ele>
   </trkpt>
   <trkpt lat="37.9807130" lon="-4.8051340">
    <ele>578.2</ele>
   </trkpt>
   <trkpt lat="37.9807080" lon="-4.8051280">
    <ele>578.4</ele>
   </trkpt>
   <trkpt lat="37.9807020" lon="-4.8051200">
    <ele>578.6</ele>
   </trkpt>
   <trkpt lat="37.9806940" lon="-4.8051140">
    <ele>579.0</ele>
   </trkpt>
   <trkpt lat="37.9806880" lon="-4.8051070">
    <ele>579.4</ele>
   </trkpt>
   <trkpt lat="37.9806810" lon="-4.8051010">
    <ele>579.8</ele>
   </trkpt>
   <trkpt lat="37.9806760" lon="-4.8050930">
    <ele>580.0</ele>
   </trkpt>
   <trkpt lat="37.9806730" lon="-4.8050860">
    <ele>580.2</ele>
   </trkpt>
   <trkpt lat="37.9806690" lon="-4.8050790">
    <ele>580.4</ele>
   </trkpt>
   <trkpt lat="37.9806640" lon="-4.8050740">
    <ele>580.6</ele>
   </trkpt>
   <trkpt lat="37.9806590" lon="-4.8050680">
    <ele>580.8</ele>
   </trkpt>
   <trkpt lat="37.9806530" lon="-4.8050620">
    <ele>581.0</ele>
   </trkpt>
   <trkpt lat="37.9806480" lon="-4.8050560">
    <ele>581.4</ele>
   </trkpt>
   <trkpt lat="37.9806440" lon="-4.8050510">
    <ele>581.6</ele>
   </trkpt>
   <trkpt lat="37.9806370" lon="-4.8050400">
    <ele>581.8</ele>
   </trkpt>
   <trkpt lat="37.9806320" lon="-4.8050330">
    <ele>582.0</ele>
   </trkpt>
   <trkpt lat="37.9806290" lon="-4.8050290">
    <ele>582.4</ele>
   </trkpt>
   <trkpt lat="37.9806260" lon="-4.8050250">
    <ele>582.6</ele>
   </trkpt>
   <trkpt lat="37.9806220" lon="-4.8050180">
    <ele>582.8</ele>
   </trkpt>
   <trkpt lat="37.9806190" lon="-4.8050150">
    <ele>583.2</ele>
   </trkpt>
   <trkpt lat="37.9806160" lon="-4.8050110">
    <ele>583.4</ele>
   </trkpt>
   <trkpt lat="37.9806120" lon="-4.8050040">
    <ele>583.6</ele>
   </trkpt>
   <trkpt lat="37.9806100" lon="-4.8049980">
    <ele>584.0</ele>
   </trkpt>
   <trkpt lat="37.9806070" lon="-4.8049920">
    <ele>584.2</ele>
   </trkpt>
   <trkpt lat="37.9806050" lon="-4.8049870">
    <ele>584.4</ele>
   </trkpt>
   <trkpt lat="37.9805980" lon="-4.8049830">
    <ele>584.8</ele>
   </trkpt>
   <trkpt lat="37.9805940" lon="-4.8049770">
    <ele>585.0</ele>
   </trkpt>
   <trkpt lat="37.9805930" lon="-4.8049760">
    <ele>585.4</ele>
   </trkpt>
   <trkpt lat="37.9805920" lon="-4.8049710">
    <ele>585.8</ele>
   </trkpt>
   <trkpt lat="37.9805920" lon="-4.8049700">
    <ele>586.0</ele>
   </trkpt>
   <trkpt lat="37.9805860" lon="-4.8049660">
    <ele>586.4</ele>
   </trkpt>
   <trkpt lat="37.9805820" lon="-4.8049580">
    <ele>586.6</ele>
   </trkpt>
   <trkpt lat="37.9805750" lon="-4.8049460">
    <ele>587.0</ele>
   </trkpt>
   <trkpt lat="37.9805720" lon="-4.8049400">
    <ele>587.2</ele>
   </trkpt>
   <trkpt lat="37.9805700" lon="-4.8049300">
    <ele>587.4</ele>
   </trkpt>
   <trkpt lat="37.9805610" lon="-4.8049250">
    <ele>587.6</ele>
   </trkpt>
   <trkpt lat="37.9805580" lon="-4.8049170">
    <ele>588.0</ele>
   </trkpt>
   <trkpt lat="37.9805560" lon="-4.8049140">
    <ele>588.2</ele>
   </trkpt>
   <trkpt lat="37.9805500" lon="-4.8049120">
    <ele>588.4</ele>
   </trkpt>
   <trkpt lat="37.9805440" lon="-4.8049070">
    <ele>588.6</ele>
   </trkpt>
   <trkpt lat="37.9805420" lon="-4.8049050">
    <ele>588.8</ele>
   </trkpt>
   <trkpt lat="37.9805380" lon="-4.8049000">
    <ele>589.2</ele>
   </trkpt>
   <trkpt lat="37.9805340" lon="-4.8048950">
    <ele>589.6</ele>
   </trkpt>
   <trkpt lat="37.9805310" lon="-4.8048920">
    <ele>590.0</ele>
   </trkpt>
   <trkpt lat="37.9805290" lon="-4.8048890">
    <ele>590.4</ele>
   </trkpt>
   <trkpt lat="37.9805210" lon="-4.8048820">
    <ele>590.6</ele>
   </trkpt>
   <trkpt lat="37.9805150" lon="-4.8048750">
    <ele>591.0</ele>
   </trkpt>
   <trkpt lat="37.9805110" lon="-4.8048730">
    <ele>591.2</ele>
   </trkpt>
   <trkpt lat="37.9805070" lon="-4.8048650">
    <ele>591.4</ele>
   </trkpt>
   <trkpt lat="37.9805060" lon="-4.8048580">
    <ele>591.8</ele>
   </trkpt>
   <trkpt lat="37.9805010" lon="-4.8048460">
    <ele>592.2</ele>
   </trkpt>
   <trkpt lat="37.9804990" lon="-4.8048400">
    <ele>592.6</ele>
   </trkpt>
   <trkpt lat="37.9804930" lon="-4.8048390">
    <ele>593.0</ele>
   </trkpt>
   <trkpt lat="37.9804890" lon="-4.8048290">
    <ele>593.4</ele>
   </trkpt>
   <trkpt lat="37.9804850" lon="-4.8048240">
    <ele>593.6</ele>
   </trkpt>
   <trkpt lat="37.9804750" lon="-4.8048050">
    <ele>594.0</ele>
   </trkpt>
   <trkpt lat="37.9804660" lon="-4.8048000">
    <ele>594.2</ele>
   </trkpt>
   <trkpt lat="37.9804630" lon="-4.8047970">
    <ele>594.6</ele>
   </trkpt>
   <trkpt lat="37.9804570" lon="-4.8047880">
    <ele>594.8</ele>
   </trkpt>
   <trkpt lat="37.9804550" lon="-4.8047810">
    <ele>595.2</ele>
   </trkpt>
   <trkpt lat="37.9804520" lon="-4.8047710">
    <ele>595.4</ele>
   </trkpt>
   <trkpt lat="37.9804490" lon="-4.8047640">
    <ele>595.6</ele>
   </trkpt>
   <trkpt lat="37.9804460" lon="-4.8047630">
    <ele>595.8</ele>
   </trkpt>
   <trkpt lat="37.9804430" lon="-4.8047590">
    <ele>596.0</ele>
   </trkpt>
   <trkpt lat="37.9804380" lon="-4.8047600">
    <ele>596.4</ele>
   </trkpt>
   <trkpt lat="37.9804340" lon="-4.8047590">
    <ele>596.6</ele>
   </trkpt>
   <trkpt lat="37.9804270" lon="-4.8047560">
    <ele>597.0</ele>
   </trkpt>
   <trkpt lat="37.9804210" lon="-4.8047530">
    <ele>597.2</ele>
   </trkpt>
   <trkpt lat="37.9804170" lon="-4.8047400">
    <ele>597.6</ele>
   </trkpt>
   <trkpt lat="37.9804120" lon="-4.8047340">
    <ele>597.8</ele>
   </trkpt>
   <trkpt lat="37.9804080" lon="-4.8047310">
    <ele>598.2</ele>
   </trkpt>
   <trkpt lat="37.9804030" lon="-4.8047240">
    <ele>598.6</ele>
   </trkpt>
   <trkpt lat="37.9803960" lon="-4.8047210">
    <ele>599.0</ele>
   </trkpt>
   <trkpt lat="37.9803910" lon="-4.8047140">
    <ele>599.4</ele>
   </trkpt>
   <trkpt lat="37.9803870" lon="-4.8047100">
    <ele>599.8</ele>
   </trkpt>
   <trkpt lat="37.9803830" lon="-4.8047030">
    <ele>600.0</ele>
   </trkpt>
   <trkpt lat="37.9803770" lon="-4.8046960">
    <ele>600.4</ele>
   </trkpt>
   <trkpt lat="37.9803710" lon="-4.8046890">
    <ele>600.6</ele>
   </trkpt>
   <trkpt lat="37.9803650" lon="-4.8046840">
    <ele>601.0</ele>
   </trkpt>
   <trkpt lat="37.9803610" lon="-4.8046790">
    <ele>601.2</ele>
   </trkpt>
   <trkpt lat="37.9803560" lon="-4.8046730">
    <ele>601.6</ele>
   </trkpt>
   <trkpt lat="37.9803530" lon="-4.8046680">
    <ele>601.8</ele>
   </trkpt>
   <trkpt lat="37.9803500" lon="-4.8046620">
    <ele>602.2</ele>
   </trkpt>
   <trkpt lat="37.9803470" lon="-4.8046570">
    <ele>602.4</ele>
   </trkpt>
   <trkpt lat="37.9803440" lon="-4.8046510">
    <ele>602.8</ele>
   </trkpt>
   <trkpt lat="37.9803370" lon="-4.8046430">
    <ele>603.2</ele>
   </trkpt>
   <trkpt lat="37.9803310" lon="-4.8046350">
    <ele>603.6</ele>
   </trkpt>
   <trkpt lat="37.9803260" lon="-4.8046290">
    <ele>604.0</ele>
   </trkpt>
   <trkpt lat="37.9803220" lon="-4.8046270">
    <ele>604.4</ele>
   </trkpt>
   <trkpt lat="37.9803170" lon="-4.8046180">
    <ele>604.8</ele>
   </trkpt>
   <trkpt lat="37.9803140" lon="-4.8046120">
    <ele>605.0</ele>
   </trkpt>
   <trkpt lat="37.9803110" lon="-4.8046050">
    <ele>605.4</ele>
   </trkpt>
   <trkpt lat="37.9803060" lon="-4.8045980">
    <ele>606.0</ele>
   </trkpt>
   <trkpt lat="37.9803000" lon="-4.8045930">
    <ele>606.2</ele>
   </trkpt>
   <trkpt lat="37.9802930" lon="-4.8045850">
    <ele>606.6</ele>
   </trkpt>
   <trkpt lat="37.9802900" lon="-4.8045790">
    <ele>606.8</ele>
   </trkpt>
   <trkpt lat="37.9802870" lon="-4.8045740">
    <ele>607.2</ele>
   </trkpt>
   <trkpt lat="37.9802810" lon="-4.8045670">
    <ele>607.4</ele>
   </trkpt>
   <trkpt lat="37.9802760" lon="-4.8045610">
    <ele>607.6</ele>
   </trkpt>
   <trkpt lat="37.9802740" lon="-4.8045540">
    <ele>608.0</ele>
   </trkpt>
   <trkpt lat="37.9802680" lon="-4.8045460">
    <ele>608.2</ele>
   </trkpt>
   <trkpt lat="37.9802650" lon="-4.8045410">
    <ele>608.4</ele>
   </trkpt>
   <trkpt lat="37.9802630" lon="-4.8045360">
    <ele>608.8</ele>
   </trkpt>
   <trkpt lat="37.9802620" lon="-4.8045310">
    <ele>609.0</ele>
   </trkpt>
   <trkpt lat="37.9802570" lon="-4.8045270">
    <ele>609.2</ele>
   </trkpt>
   <trkpt lat="37.9802520" lon="-4.8045170">
    <ele>609.4</ele>
   </trkpt>
   <trkpt lat="37.9802480" lon="-4.8045120">
    <ele>609.8</ele>
   </trkpt>
   <trkpt lat="37.9802460" lon="-4.8045100">
    <ele>610.0</ele>
   </trkpt>
   <trkpt lat="37.9802400" lon="-4.8045020">
    <ele>610.4</ele>
   </trkpt>
   <trkpt lat="37.9802360" lon="-4.8044950">
    <ele>610.6</ele>
   </trkpt>
   <trkpt lat="37.9802340" lon="-4.8044880">
    <ele>611.0</ele>
   </trkpt>
   <trkpt lat="37.9802310" lon="-4.8044840">
    <ele>611.2</ele>
   </trkpt>
   <trkpt lat="37.9802220" lon="-4.8044750">
    <ele>611.6</ele>
   </trkpt>
   <trkpt lat="37.9802190" lon="-4.8044650">
    <ele>611.8</ele>
   </trkpt>
   <trkpt lat="37.9802170" lon="-4.8044590">
    <ele>612.2</ele>
   </trkpt>
   <trkpt lat="37.9802170" lon="-4.8044550">
    <ele>612.4</ele>
   </trkpt>
   <trkpt lat="37.9802150" lon="-4.8044490">
    <ele>612.6</ele>
   </trkpt>
   <trkpt lat="37.9802110" lon="-4.8044400">
    <ele>613.0</ele>
   </trkpt>
   <trkpt lat="37.9802020" lon="-4.8044320">
    <ele>613.2</ele>
   </trkpt>
   <trkpt lat="37.9801960" lon="-4.8044240">
    <ele>613.6</ele>
   </trkpt>
   <trkpt lat="37.9801900" lon="-4.8044160">
    <ele>613.8</ele>
   </trkpt>
   <trkpt lat="37.9801840" lon="-4.8044080">
    <ele>614.2</ele>
   </trkpt>
   <trkpt lat="37.9801800" lon="-4.8043980">
    <ele>614.4</ele>
   </trkpt>
   <trkpt lat="37.9801760" lon="-4.8043880">
    <ele>614.8</ele>
   </trkpt>
   <trkpt lat="37.9801760" lon="-4.8043820">
    <ele>615.2</ele>
   </trkpt>
   <trkpt lat="37.9801720" lon="-4.8043790">
    <ele>615.4</ele>
   </trkpt>
   <trkpt lat="37.9801680" lon="-4.8043750">
    <ele>615.6</ele>
   </trkpt>
   <trkpt lat="37.9801620" lon="-4.8043670">
    <ele>615.8</ele>
   </trkpt>
   <trkpt lat="37.9801540" lon="-4.8043610">
    <ele>616.2</ele>
   </trkpt>
   <trkpt lat="37.9801520" lon="-4.8043550">
    <ele>616.4</ele>
   </trkpt>
   <trkpt lat="37.9801460" lon="-4.8043460">
    <ele>616.6</ele>
   </trkpt>
   <trkpt lat="37.9801400" lon="-4.8043340">
    <ele>616.8</ele>
   </trkpt>
   <trkpt lat="37.9801350" lon="-4.8043280">
    <ele>617.2</ele>
   </trkpt>
   <trkpt lat="37.9801280" lon="-4.8043230">
    <ele>617.4</ele>
   </trkpt>
   <trkpt lat="37.9801240" lon="-4.8043150">
    <ele>617.6</ele>
   </trkpt>
   <trkpt lat="37.9801220" lon="-4.8043040">
    <ele>618.0</ele>
   </trkpt>
   <trkpt lat="37.9801190" lon="-4.8043010">
    <ele>618.2</ele>
   </trkpt>
   <trkpt lat="37.9801130" lon="-4.8042970">
    <ele>618.4</ele>
   </trkpt>
   <trkpt lat="37.9801070" lon="-4.8042870">
    <ele>618.6</ele>
   </trkpt>
   <trkpt lat="37.9801040" lon="-4.8042800">
    <ele>618.8</ele>
   </trkpt>
   <trkpt lat="37.9800960" lon="-4.8042600">
    <ele>619.0</ele>
   </trkpt>
   <trkpt lat="37.9801000" lon="-4.8042480">
    <ele>619.4</ele>
   </trkpt>
   <trkpt lat="37.9801010" lon="-4.8042400">
    <ele>619.8</ele>
   </trkpt>
   <trkpt lat="37.9801010" lon="-4.8042330">
    <ele>620.0</ele>
   </trkpt>
   <trkpt lat="37.9800960" lon="-4.8042170">
    <ele>620.2</ele>
   </trkpt>
   <trkpt lat="37.9800970" lon="-4.8042090">
    <ele>620.4</ele>
   </trkpt>
   <trkpt lat="37.9800940" lon="-4.8041980">
    <ele>620.6</ele>
   </trkpt>
   <trkpt lat="37.9800880" lon="-4.8041840">
    <ele>620.6</ele>
   </trkpt>
   <trkpt lat="37.9800860" lon="-4.8041760">
    <ele>620.8</ele>
   </trkpt>
   <trkpt lat="37.9800830" lon="-4.8041650">
    <ele>621.0</ele>
   </trkpt>
   <trkpt lat="37.9800810" lon="-4.8041550">
    <ele>621.2</ele>
   </trkpt>
   <trkpt lat="37.9800790" lon="-4.8041450">
    <ele>621.4</ele>
   </trkpt>
   <trkpt lat="37.9800780" lon="-4.8041350">
    <ele>621.6</ele>
   </trkpt>
   <trkpt lat="37.9800760" lon="-4.8041260">
    <ele>621.8</ele>
   </trkpt>
   <trkpt lat="37.9800780" lon="-4.8041120">
    <ele>621.8</ele>
   </trkpt>
   <trkpt lat="37.9800800" lon="-4.8041030">
    <ele>622.0</ele>
   </trkpt>
   <trkpt lat="37.9800830" lon="-4.8040960">
    <ele>622.0</ele>
   </trkpt>
   <trkpt lat="37.9800870" lon="-4.8040850">
    <ele>622.0</ele>
   </trkpt>
   <trkpt lat="37.9800900" lon="-4.8040690">
    <ele>622.0</ele>
   </trkpt>
   <trkpt lat="37.9800900" lon="-4.8040510">
    <ele>622.0</ele>
   </trkpt>
   <trkpt lat="37.9800910" lon="-4.8040390">
    <ele>622.0</ele>
   </trkpt>
   <trkpt lat="37.9800940" lon="-4.8040290">
    <ele>622.0</ele>
   </trkpt>
   <trkpt lat="37.9800970" lon="-4.8040220">
    <ele>622.0</ele>
   </trkpt>
   <trkpt lat="37.9800990" lon="-4.8040090">
    <ele>622.0</ele>
   </trkpt>
   <trkpt lat="37.9800980" lon="-4.8039940">
    <ele>622.0</ele>
   </trkpt>
   <trkpt lat="37.9801010" lon="-4.8039800">
    <ele>622.0</ele>
   </trkpt>
   <trkpt lat="37.9801040" lon="-4.8039630">
    <ele>622.0</ele>
   </trkpt>
   <trkpt lat="37.9801070" lon="-4.8039450">
    <ele>622.0</ele>
   </trkpt>
   <trkpt lat="37.9801090" lon="-4.8039330">
    <ele>622.0</ele>
   </trkpt>
   <trkpt lat="37.9801080" lon="-4.8039220">
    <ele>622.0</ele>
   </trkpt>
   <trkpt lat="37.9801090" lon="-4.8039130">
    <ele>622.0</ele>
   </trkpt>
   <trkpt lat="37.9801120" lon="-4.8039010">
    <ele>622.0</ele>
   </trkpt>
   <trkpt lat="37.9801120" lon="-4.8038880">
    <ele>622.0</ele>
   </trkpt>
   <trkpt lat="37.9801160" lon="-4.8038780">
    <ele>622.0</ele>
   </trkpt>
   <trkpt lat="37.9801190" lon="-4.8038660">
    <ele>622.0</ele>
   </trkpt>
   <trkpt lat="37.9801200" lon="-4.8038570">
    <ele>621.8</ele>
   </trkpt>
   <trkpt lat="37.9801180" lon="-4.8038440">
    <ele>621.8</ele>
   </trkpt>
   <trkpt lat="37.9801090" lon="-4.8038270">
    <ele>622.0</ele>
   </trkpt>
   <trkpt lat="37.9801040" lon="-4.8038130">
    <ele>622.0</ele>
   </trkpt>
   <trkpt lat="37.9801030" lon="-4.8038030">
    <ele>622.0</ele>
   </trkpt>
   <trkpt lat="37.9801020" lon="-4.8037890">
    <ele>622.0</ele>
   </trkpt>
   <trkpt lat="37.9801030" lon="-4.8037790">
    <ele>621.8</ele>
   </trkpt>
   <trkpt lat="37.9801050" lon="-4.8037670">
    <ele>621.8</ele>
   </trkpt>
   <trkpt lat="37.9801080" lon="-4.8037540">
    <ele>621.8</ele>
   </trkpt>
   <trkpt lat="37.9801080" lon="-4.8037400">
    <ele>621.8</ele>
   </trkpt>
   <trkpt lat="37.9801070" lon="-4.8037240">
    <ele>621.8</ele>
   </trkpt>
   <trkpt lat="37.9801070" lon="-4.8037080">
    <ele>621.6</ele>
   </trkpt>
   <trkpt lat="37.9801060" lon="-4.8036930">
    <ele>621.6</ele>
   </trkpt>
   <trkpt lat="37.9801050" lon="-4.8036780">
    <ele>621.6</ele>
   </trkpt>
   <trkpt lat="37.9801040" lon="-4.8036610">
    <ele>621.6</ele>
   </trkpt>
   <trkpt lat="37.9801040" lon="-4.8036470">
    <ele>621.6</ele>
   </trkpt>
   <trkpt lat="37.9801050" lon="-4.8036300">
    <ele>621.6</ele>
   </trkpt>
   <trkpt lat="37.9801050" lon="-4.8036140">
    <ele>621.6</ele>
   </trkpt>
   <trkpt lat="37.9801060" lon="-4.8035970">
    <ele>621.6</ele>
   </trkpt>
   <trkpt lat="37.9801080" lon="-4.8035810">
    <ele>621.6</ele>
   </trkpt>
   <trkpt lat="37.9801090" lon="-4.8035650">
    <ele>621.6</ele>
   </trkpt>
   <trkpt lat="37.9801090" lon="-4.8035500">
    <ele>621.6</ele>
   </trkpt>
   <trkpt lat="37.9801070" lon="-4.8035370">
    <ele>621.6</ele>
   </trkpt>
   <trkpt lat="37.9801070" lon="-4.8035220">
    <ele>621.8</ele>
   </trkpt>
   <trkpt lat="37.9801050" lon="-4.8035050">
    <ele>621.8</ele>
   </trkpt>
   <trkpt lat="37.9801050" lon="-4.8034910">
    <ele>622.0</ele>
   </trkpt>
   <trkpt lat="37.9801030" lon="-4.8034770">
    <ele>622.2</ele>
   </trkpt>
   <trkpt lat="37.9800990" lon="-4.8034640">
    <ele>622.2</ele>
   </trkpt>
   <trkpt lat="37.9800980" lon="-4.8034490">
    <ele>622.2</ele>
   </trkpt>
   <trkpt lat="37.9800970" lon="-4.8034320">
    <ele>622.2</ele>
   </trkpt>
   <trkpt lat="37.9800970" lon="-4.8034170">
    <ele>622.2</ele>
   </trkpt>
   <trkpt lat="37.9800940" lon="-4.8034000">
    <ele>622.2</ele>
   </trkpt>
   <trkpt lat="37.9800910" lon="-4.8033860">
    <ele>622.2</ele>
   </trkpt>
   <trkpt lat="37.9800870" lon="-4.8033740">
    <ele>622.2</ele>
   </trkpt>
   <trkpt lat="37.9800850" lon="-4.8033620">
    <ele>622.2</ele>
   </trkpt>
   <trkpt lat="37.9800810" lon="-4.8033460">
    <ele>622.2</ele>
   </trkpt>
   <trkpt lat="37.9800770" lon="-4.8033270">
    <ele>622.4</ele>
   </trkpt>
   <trkpt lat="37.9800750" lon="-4.8033090">
    <ele>622.4</ele>
   </trkpt>
   <trkpt lat="37.9800740" lon="-4.8032860">
    <ele>622.4</ele>
   </trkpt>
   <trkpt lat="37.9800730" lon="-4.8032740">
    <ele>622.6</ele>
   </trkpt>
   <trkpt lat="37.9800710" lon="-4.8032590">
    <ele>622.6</ele>
   </trkpt>
   <trkpt lat="37.9800700" lon="-4.8032470">
    <ele>622.6</ele>
   </trkpt>
   <trkpt lat="37.9800680" lon="-4.8032330">
    <ele>622.8</ele>
   </trkpt>
   <trkpt lat="37.9800670" lon="-4.8032200">
    <ele>622.8</ele>
   </trkpt>
   <trkpt lat="37.9800650" lon="-4.8032030">
    <ele>622.8</ele>
   </trkpt>
   <trkpt lat="37.9800620" lon="-4.8031850">
    <ele>623.0</ele>
   </trkpt>
   <trkpt lat="37.9800600" lon="-4.8031730">
    <ele>623.0</ele>
   </trkpt>
   <trkpt lat="37.9800580" lon="-4.8031610">
    <ele>623.0</ele>
   </trkpt>
   <trkpt lat="37.9800560" lon="-4.8031530">
    <ele>623.0</ele>
   </trkpt>
   <trkpt lat="37.9800530" lon="-4.8031430">
    <ele>623.0</ele>
   </trkpt>
   <trkpt lat="37.9800520" lon="-4.8031320">
    <ele>623.0</ele>
   </trkpt>
   <trkpt lat="37.9800510" lon="-4.8031110">
    <ele>623.0</ele>
   </trkpt>
   <trkpt lat="37.9800490" lon="-4.8031020">
    <ele>623.0</ele>
   </trkpt>
   <trkpt lat="37.9800450" lon="-4.8030910">
    <ele>623.0</ele>
   </trkpt>
   <trkpt lat="37.9800420" lon="-4.8030780">
    <ele>623.0</ele>
   </trkpt>
   <trkpt lat="37.9800380" lon="-4.8030630">
    <ele>622.8</ele>
   </trkpt>
   <trkpt lat="37.9800360" lon="-4.8030480">
    <ele>622.8</ele>
   </trkpt>
   <trkpt lat="37.9800340" lon="-4.8030330">
    <ele>622.6</ele>
   </trkpt>
   <trkpt lat="37.9800330" lon="-4.8030180">
    <ele>622.6</ele>
   </trkpt>
   <trkpt lat="37.9800310" lon="-4.8030050">
    <ele>622.6</ele>
   </trkpt>
   <trkpt lat="37.9800290" lon="-4.8029900">
    <ele>622.6</ele>
   </trkpt>
   <trkpt lat="37.9800280" lon="-4.8029760">
    <ele>622.6</ele>
   </trkpt>
   <trkpt lat="37.9800260" lon="-4.8029610">
    <ele>622.4</ele>
   </trkpt>
   <trkpt lat="37.9800250" lon="-4.8029480">
    <ele>622.4</ele>
   </trkpt>
   <trkpt lat="37.9800260" lon="-4.8029400">
    <ele>622.4</ele>
   </trkpt>
   <trkpt lat="37.9800260" lon="-4.8029330">
    <ele>622.4</ele>
   </trkpt>
   <trkpt lat="37.9800260" lon="-4.8029220">
    <ele>622.2</ele>
   </trkpt>
   <trkpt lat="37.9800250" lon="-4.8029100">
    <ele>622.2</ele>
   </trkpt>
   <trkpt lat="37.9800240" lon="-4.8028960">
    <ele>622.0</ele>
   </trkpt>
   <trkpt lat="37.9800220" lon="-4.8028830">
    <ele>622.0</ele>
   </trkpt>
   <trkpt lat="37.9800180" lon="-4.8028730">
    <ele>621.8</ele>
   </trkpt>
   <trkpt lat="37.9800130" lon="-4.8028680">
    <ele>621.8</ele>
   </trkpt>
   <trkpt lat="37.9800090" lon="-4.8028550">
    <ele>621.6</ele>
   </trkpt>
   <trkpt lat="37.9800040" lon="-4.8028390">
    <ele>621.4</ele>
   </trkpt>
   <trkpt lat="37.9800010" lon="-4.8028250">
    <ele>621.4</ele>
   </trkpt>
   <trkpt lat="37.9800000" lon="-4.8028110">
    <ele>621.2</ele>
   </trkpt>
   <trkpt lat="37.9799990" lon="-4.8027970">
    <ele>621.0</ele>
   </trkpt>
   <trkpt lat="37.9799980" lon="-4.8027800">
    <ele>621.0</ele>
   </trkpt>
   <trkpt lat="37.9799950" lon="-4.8027580">
    <ele>620.8</ele>
   </trkpt>
   <trkpt lat="37.9799940" lon="-4.8027440">
    <ele>620.6</ele>
   </trkpt>
   <trkpt lat="37.9799880" lon="-4.8027210">
    <ele>620.6</ele>
   </trkpt>
   <trkpt lat="37.9799890" lon="-4.8027140">
    <ele>620.6</ele>
   </trkpt>
   <trkpt lat="37.9799890" lon="-4.8027020">
    <ele>620.4</ele>
   </trkpt>
   <trkpt lat="37.9799870" lon="-4.8026880">
    <ele>620.2</ele>
   </trkpt>
   <trkpt lat="37.9799830" lon="-4.8026740">
    <ele>620.0</ele>
   </trkpt>
   <trkpt lat="37.9799780" lon="-4.8026580">
    <ele>619.8</ele>
   </trkpt>
   <trkpt lat="37.9799740" lon="-4.8026430">
    <ele>619.4</ele>
   </trkpt>
   <trkpt lat="37.9799690" lon="-4.8026240">
    <ele>619.2</ele>
   </trkpt>
   <trkpt lat="37.9799650" lon="-4.8026050">
    <ele>619.2</ele>
   </trkpt>
   <trkpt lat="37.9799620" lon="-4.8025880">
    <ele>619.0</ele>
   </trkpt>
   <trkpt lat="37.9799580" lon="-4.8025740">
    <ele>618.8</ele>
   </trkpt>
   <trkpt lat="37.9799530" lon="-4.8025630">
    <ele>618.6</ele>
   </trkpt>
   <trkpt lat="37.9799480" lon="-4.8025510">
    <ele>618.6</ele>
   </trkpt>
   <trkpt lat="37.9799410" lon="-4.8025380">
    <ele>618.4</ele>
   </trkpt>
   <trkpt lat="37.9799360" lon="-4.8025280">
    <ele>618.2</ele>
   </trkpt>
   <trkpt lat="37.9799290" lon="-4.8025150">
    <ele>618.0</ele>
   </trkpt>
   <trkpt lat="37.9799210" lon="-4.8025060">
    <ele>618.0</ele>
   </trkpt>
   <trkpt lat="37.9799130" lon="-4.8024960">
    <ele>617.6</ele>
   </trkpt>
   <trkpt lat="37.9799060" lon="-4.8024840">
    <ele>617.4</ele>
   </trkpt>
   <trkpt lat="37.9798990" lon="-4.8024690">
    <ele>617.2</ele>
   </trkpt>
   <trkpt lat="37.9798940" lon="-4.8024570">
    <ele>617.2</ele>
   </trkpt>
   <trkpt lat="37.9798900" lon="-4.8024440">
    <ele>617.0</ele>
   </trkpt>
   <trkpt lat="37.9798850" lon="-4.8024340">
    <ele>617.0</ele>
   </trkpt>
   <trkpt lat="37.9798780" lon="-4.8024220">
    <ele>617.0</ele>
   </trkpt>
   <trkpt lat="37.9798730" lon="-4.8024080">
    <ele>617.0</ele>
   </trkpt>
   <trkpt lat="37.9798650" lon="-4.8023920">
    <ele>616.8</ele>
   </trkpt>
   <trkpt lat="37.9798590" lon="-4.8023770">
    <ele>616.8</ele>
   </trkpt>
   <trkpt lat="37.9798520" lon="-4.8023630">
    <ele>616.6</ele>
   </trkpt>
   <trkpt lat="37.9798470" lon="-4.8023490">
    <ele>616.2</ele>
   </trkpt>
   <trkpt lat="37.9798420" lon="-4.8023360">
    <ele>616.0</ele>
   </trkpt>
   <trkpt lat="37.9798350" lon="-4.8023240">
    <ele>615.6</ele>
   </trkpt>
   <trkpt lat="37.9798300" lon="-4.8023130">
    <ele>615.4</ele>
   </trkpt>
   <trkpt lat="37.9798220" lon="-4.8023010">
    <ele>615.0</ele>
   </trkpt>
   <trkpt lat="37.9798140" lon="-4.8022880">
    <ele>614.8</ele>
   </trkpt>
   <trkpt lat="37.9798070" lon="-4.8022750">
    <ele>614.6</ele>
   </trkpt>
   <trkpt lat="37.9798000" lon="-4.8022570">
    <ele>614.4</ele>
   </trkpt>
   <trkpt lat="37.9797920" lon="-4.8022420">
    <ele>614.2</ele>
   </trkpt>
   <trkpt lat="37.9797880" lon="-4.8022270">
    <ele>613.8</ele>
   </trkpt>
   <trkpt lat="37.9797830" lon="-4.8022150">
    <ele>613.6</ele>
   </trkpt>
   <trkpt lat="37.9797790" lon="-4.8022020">
    <ele>613.2</ele>
   </trkpt>
   <trkpt lat="37.9797740" lon="-4.8021880">
    <ele>612.8</ele>
   </trkpt>
   <trkpt lat="37.9797680" lon="-4.8021750">
    <ele>612.4</ele>
   </trkpt>
   <trkpt lat="37.9797620" lon="-4.8021620">
    <ele>612.2</ele>
   </trkpt>
   <trkpt lat="37.9797490" lon="-4.8021440">
    <ele>612.0</ele>
   </trkpt>
   <trkpt lat="37.9797460" lon="-4.8021300">
    <ele>611.8</ele>
   </trkpt>
   <trkpt lat="37.9797420" lon="-4.8021180">
    <ele>611.6</ele>
   </trkpt>
   <trkpt lat="37.9797380" lon="-4.8021010">
    <ele>611.4</ele>
   </trkpt>
   <trkpt lat="37.9797350" lon="-4.8020910">
    <ele>611.4</ele>
   </trkpt>
   <trkpt lat="37.9797300" lon="-4.8020770">
    <ele>611.2</ele>
   </trkpt>
   <trkpt lat="37.9797260" lon="-4.8020640">
    <ele>611.0</ele>
   </trkpt>
   <trkpt lat="37.9797210" lon="-4.8020510">
    <ele>610.8</ele>
   </trkpt>
   <trkpt lat="37.9797150" lon="-4.8020400">
    <ele>610.8</ele>
   </trkpt>
   <trkpt lat="37.9797040" lon="-4.8020320">
    <ele>610.8</ele>
   </trkpt>
   <trkpt lat="37.9796960" lon="-4.8020190">
    <ele>610.6</ele>
   </trkpt>
   <trkpt lat="37.9796880" lon="-4.8020000">
    <ele>610.8</ele>
   </trkpt>
   <trkpt lat="37.9796780" lon="-4.8019820">
    <ele>610.8</ele>
   </trkpt>
   <trkpt lat="37.9796700" lon="-4.8019640">
    <ele>610.6</ele>
   </trkpt>
   <trkpt lat="37.9796600" lon="-4.8019480">
    <ele>610.4</ele>
   </trkpt>
   <trkpt lat="37.9796510" lon="-4.8019300">
    <ele>610.2</ele>
   </trkpt>
   <trkpt lat="37.9796410" lon="-4.8019150">
    <ele>610.0</ele>
   </trkpt>
   <trkpt lat="37.9796330" lon="-4.8019030">
    <ele>610.0</ele>
   </trkpt>
   <trkpt lat="37.9796270" lon="-4.8018870">
    <ele>609.8</ele>
   </trkpt>
   <trkpt lat="37.9796230" lon="-4.8018720">
    <ele>609.8</ele>
   </trkpt>
   <trkpt lat="37.9796180" lon="-4.8018590">
    <ele>609.8</ele>
   </trkpt>
   <trkpt lat="37.9796110" lon="-4.8018440">
    <ele>609.6</ele>
   </trkpt>
   <trkpt lat="37.9796030" lon="-4.8018310">
    <ele>609.4</ele>
   </trkpt>
   <trkpt lat="37.9795950" lon="-4.8018180">
    <ele>609.2</ele>
   </trkpt>
   <trkpt lat="37.9795860" lon="-4.8018010">
    <ele>609.2</ele>
   </trkpt>
   <trkpt lat="37.9795780" lon="-4.8017870">
    <ele>609.0</ele>
   </trkpt>
   <trkpt lat="37.9795720" lon="-4.8017700">
    <ele>609.0</ele>
   </trkpt>
   <trkpt lat="37.9795650" lon="-4.8017560">
    <ele>609.0</ele>
   </trkpt>
   <trkpt lat="37.9795580" lon="-4.8017450">
    <ele>608.6</ele>
   </trkpt>
   <trkpt lat="37.9795510" lon="-4.8017330">
    <ele>608.4</ele>
   </trkpt>
   <trkpt lat="37.9795420" lon="-4.8017180">
    <ele>608.0</ele>
   </trkpt>
   <trkpt lat="37.9795330" lon="-4.8017000">
    <ele>607.8</ele>
   </trkpt>
   <trkpt lat="37.9795280" lon="-4.8016910">
    <ele>607.4</ele>
   </trkpt>
   <trkpt lat="37.9795200" lon="-4.8016770">
    <ele>607.4</ele>
   </trkpt>
   <trkpt lat="37.9795120" lon="-4.8016630">
    <ele>607.4</ele>
   </trkpt>
   <trkpt lat="37.9795050" lon="-4.8016470">
    <ele>607.4</ele>
   </trkpt>
   <trkpt lat="37.9794970" lon="-4.8016340">
    <ele>607.4</ele>
   </trkpt>
   <trkpt lat="37.9794900" lon="-4.8016180">
    <ele>607.4</ele>
   </trkpt>
   <trkpt lat="37.9794830" lon="-4.8016050">
    <ele>607.2</ele>
   </trkpt>
   <trkpt lat="37.9794760" lon="-4.8015920">
    <ele>607.2</ele>
   </trkpt>
   <trkpt lat="37.9794690" lon="-4.8015790">
    <ele>606.8</ele>
   </trkpt>
   <trkpt lat="37.9794630" lon="-4.8015660">
    <ele>606.8</ele>
   </trkpt>
   <trkpt lat="37.9794580" lon="-4.8015540">
    <ele>606.6</ele>
   </trkpt>
   <trkpt lat="37.9794520" lon="-4.8015440">
    <ele>606.4</ele>
   </trkpt>
   <trkpt lat="37.9794470" lon="-4.8015340">
    <ele>606.4</ele>
   </trkpt>
   <trkpt lat="37.9794410" lon="-4.8015230">
    <ele>606.2</ele>
   </trkpt>
   <trkpt lat="37.9794340" lon="-4.8015070">
    <ele>606.2</ele>
   </trkpt>
   <trkpt lat="37.9794270" lon="-4.8014940">
    <ele>606.0</ele>
   </trkpt>
   <trkpt lat="37.9794210" lon="-4.8014780">
    <ele>605.8</ele>
   </trkpt>
   <trkpt lat="37.9794170" lon="-4.8014660">
    <ele>605.4</ele>
   </trkpt>
   <trkpt lat="37.9794100" lon="-4.8014480">
    <ele>605.0</ele>
   </trkpt>
   <trkpt lat="37.9794020" lon="-4.8014330">
    <ele>604.8</ele>
   </trkpt>
   <trkpt lat="37.9793930" lon="-4.8014180">
    <ele>604.6</ele>
   </trkpt>
   <trkpt lat="37.9793820" lon="-4.8014030">
    <ele>604.4</ele>
   </trkpt>
   <trkpt lat="37.9793700" lon="-4.8013910">
    <ele>604.2</ele>
   </trkpt>
   <trkpt lat="37.9793600" lon="-4.8013810">
    <ele>604.0</ele>
   </trkpt>
   <trkpt lat="37.9793540" lon="-4.8013660">
    <ele>603.8</ele>
   </trkpt>
   <trkpt lat="37.9793450" lon="-4.8013480">
    <ele>603.6</ele>
   </trkpt>
   <trkpt lat="37.9793370" lon="-4.8013360">
    <ele>603.2</ele>
   </trkpt>
   <trkpt lat="37.9793280" lon="-4.8013220">
    <ele>603.0</ele>
   </trkpt>
   <trkpt lat="37.9793230" lon="-4.8013100">
    <ele>602.8</ele>
   </trkpt>
   <trkpt lat="37.9793170" lon="-4.8012960">
    <ele>602.6</ele>
   </trkpt>
   <trkpt lat="37.9793100" lon="-4.8012790">
    <ele>602.4</ele>
   </trkpt>
   <trkpt lat="37.9793070" lon="-4.8012690">
    <ele>602.2</ele>
   </trkpt>
   <trkpt lat="37.9793050" lon="-4.8012600">
    <ele>602.2</ele>
   </trkpt>
   <trkpt lat="37.9793050" lon="-4.8012530">
    <ele>602.0</ele>
   </trkpt>
   <trkpt lat="37.9793100" lon="-4.8012500">
    <ele>602.0</ele>
   </trkpt>
   <trkpt lat="37.9793080" lon="-4.8012490">
    <ele>602.0</ele>
   </trkpt>
   <trkpt lat="37.9793070" lon="-4.8012460">
    <ele>602.0</ele>
   </trkpt>
   <trkpt lat="37.9793040" lon="-4.8012310">
    <ele>601.8</ele>
   </trkpt>
   <trkpt lat="37.9792940" lon="-4.8012180">
    <ele>601.6</ele>
   </trkpt>
   <trkpt lat="37.9792840" lon="-4.8012000">
    <ele>601.4</ele>
   </trkpt>
   <trkpt lat="37.9792700" lon="-4.8011760">
    <ele>601.2</ele>
   </trkpt>
   <trkpt lat="37.9792490" lon="-4.8011470">
    <ele>600.8</ele>
   </trkpt>
   <trkpt lat="37.9792300" lon="-4.8011220">
    <ele>600.4</ele>
   </trkpt>
   <trkpt lat="37.9792100" lon="-4.8010980">
    <ele>600.2</ele>
   </trkpt>
   <trkpt lat="37.9791850" lon="-4.8010720">
    <ele>599.6</ele>
   </trkpt>
   <trkpt lat="37.9791620" lon="-4.8010510">
    <ele>599.2</ele>
   </trkpt>
   <trkpt lat="37.9791390" lon="-4.8010280">
    <ele>599.0</ele>
   </trkpt>
   <trkpt lat="37.9791170" lon="-4.8010040">
    <ele>598.6</ele>
   </trkpt>
   <trkpt lat="37.9791000" lon="-4.8009760">
    <ele>598.6</ele>
   </trkpt>
   <trkpt lat="37.9790720" lon="-4.8009570">
    <ele>598.4</ele>
   </trkpt>
   <trkpt lat="37.9790540" lon="-4.8009360">
    <ele>598.4</ele>
   </trkpt>
   <trkpt lat="37.9790240" lon="-4.8009040">
    <ele>598.2</ele>
   </trkpt>
   <trkpt lat="37.9790050" lon="-4.8008830">
    <ele>598.2</ele>
   </trkpt>
   <trkpt lat="37.9789820" lon="-4.8008570">
    <ele>598.4</ele>
   </trkpt>
   <trkpt lat="37.9789630" lon="-4.8008370">
    <ele>598.6</ele>
   </trkpt>
   <trkpt lat="37.9789450" lon="-4.8008110">
    <ele>599.0</ele>
   </trkpt>
   <trkpt lat="37.9789310" lon="-4.8007850">
    <ele>599.4</ele>
   </trkpt>
   <trkpt lat="37.9789240" lon="-4.8007590">
    <ele>599.6</ele>
   </trkpt>
   <trkpt lat="37.9789100" lon="-4.8007280">
    <ele>600.0</ele>
   </trkpt>
   <trkpt lat="37.9789060" lon="-4.8006990">
    <ele>600.2</ele>
   </trkpt>
   <trkpt lat="37.9788950" lon="-4.8006630">
    <ele>600.2</ele>
   </trkpt>
   <trkpt lat="37.9788960" lon="-4.8006330">
    <ele>600.2</ele>
   </trkpt>
   <trkpt lat="37.9788930" lon="-4.8005920">
    <ele>600.4</ele>
   </trkpt>
   <trkpt lat="37.9788940" lon="-4.8005680">
    <ele>600.4</ele>
   </trkpt>
   <trkpt lat="37.9788940" lon="-4.8005330">
    <ele>600.4</ele>
   </trkpt>
   <trkpt lat="37.9788980" lon="-4.8005040">
    <ele>600.6</ele>
   </trkpt>
   <trkpt lat="37.9789050" lon="-4.8004760">
    <ele>600.8</ele>
   </trkpt>
   <trkpt lat="37.9789130" lon="-4.8004460">
    <ele>600.8</ele>
   </trkpt>
   <trkpt lat="37.9789190" lon="-4.8004220">
    <ele>601.0</ele>
   </trkpt>
   <trkpt lat="37.9789280" lon="-4.8003880">
    <ele>601.2</ele>
   </trkpt>
   <trkpt lat="37.9789280" lon="-4.8003580">
    <ele>601.2</ele>
   </trkpt>
   <trkpt lat="37.9789390" lon="-4.8003350">
    <ele>601.2</ele>
   </trkpt>
   <trkpt lat="37.9789450" lon="-4.8003200">
    <ele>601.2</ele>
   </trkpt>
   <trkpt lat="37.9789480" lon="-4.8003030">
    <ele>601.0</ele>
   </trkpt>
   <trkpt lat="37.9789510" lon="-4.8002850">
    <ele>601.0</ele>
   </trkpt>
   <trkpt lat="37.9789560" lon="-4.8002690">
    <ele>600.8</ele>
   </trkpt>
   <trkpt lat="37.9789620" lon="-4.8002550">
    <ele>600.8</ele>
   </trkpt>
   <trkpt lat="37.9789660" lon="-4.8002370">
    <ele>600.8</ele>
   </trkpt>
   <trkpt lat="37.9789690" lon="-4.8002180">
    <ele>600.8</ele>
   </trkpt>
   <trkpt lat="37.9789710" lon="-4.8001950">
    <ele>600.8</ele>
   </trkpt>
   <trkpt lat="37.9789710" lon="-4.8001700">
    <ele>600.8</ele>
   </trkpt>
   <trkpt lat="37.9789710" lon="-4.8001500">
    <ele>600.8</ele>
   </trkpt>
   <trkpt lat="37.9789710" lon="-4.8001300">
    <ele>600.8</ele>
   </trkpt>
   <trkpt lat="37.9789720" lon="-4.8001110">
    <ele>600.8</ele>
   </trkpt>
   <trkpt lat="37.9789740" lon="-4.8000930">
    <ele>600.8</ele>
   </trkpt>
   <trkpt lat="37.9789750" lon="-4.8000760">
    <ele>600.8</ele>
   </trkpt>
   <trkpt lat="37.9789750" lon="-4.8000580">
    <ele>600.8</ele>
   </trkpt>
   <trkpt lat="37.9789730" lon="-4.8000400">
    <ele>600.8</ele>
   </trkpt>
   <trkpt lat="37.9789700" lon="-4.8000260">
    <ele>600.8</ele>
   </trkpt>
   <trkpt lat="37.9789670" lon="-4.8000110">
    <ele>600.6</ele>
   </trkpt>
   <trkpt lat="37.9789640" lon="-4.7999950">
    <ele>600.4</ele>
   </trkpt>
   <trkpt lat="37.9789620" lon="-4.7999790">
    <ele>600.2</ele>
   </trkpt>
   <trkpt lat="37.9789600" lon="-4.7999630">
    <ele>600.0</ele>
   </trkpt>
   <trkpt lat="37.9789570" lon="-4.7999490">
    <ele>599.8</ele>
   </trkpt>
   <trkpt lat="37.9789540" lon="-4.7999320">
    <ele>599.6</ele>
   </trkpt>
   <trkpt lat="37.9789500" lon="-4.7999090">
    <ele>599.2</ele>
   </trkpt>
   <trkpt lat="37.9789410" lon="-4.7998860">
    <ele>598.8</ele>
   </trkpt>
   <trkpt lat="37.9789340" lon="-4.7998670">
    <ele>598.4</ele>
   </trkpt>
   <trkpt lat="37.9789280" lon="-4.7998460">
    <ele>597.8</ele>
   </trkpt>
   <trkpt lat="37.9789210" lon="-4.7998260">
    <ele>597.2</ele>
   </trkpt>
   <trkpt lat="37.9789130" lon="-4.7998050">
    <ele>596.6</ele>
   </trkpt>
   <trkpt lat="37.9789050" lon="-4.7997890">
    <ele>596.2</ele>
   </trkpt>
   <trkpt lat="37.9789080" lon="-4.7998030">
    <ele>596.0</ele>
   </trkpt>
   <trkpt lat="37.9789110" lon="-4.7998130">
    <ele>595.8</ele>
   </trkpt>
   <trkpt lat="37.9789180" lon="-4.7998200">
    <ele>595.6</ele>
   </trkpt>
   <trkpt lat="37.9789260" lon="-4.7998280">
    <ele>595.6</ele>
   </trkpt>
   <trkpt lat="37.9789290" lon="-4.7998400">
    <ele>595.6</ele>
   </trkpt>
   <trkpt lat="37.9789300" lon="-4.7998600">
    <ele>595.6</ele>
   </trkpt>
   <trkpt lat="37.9789330" lon="-4.7998670">
    <ele>595.8</ele>
   </trkpt>
   <trkpt lat="37.9789380" lon="-4.7998740">
    <ele>596.0</ele>
   </trkpt>
   <trkpt lat="37.9789430" lon="-4.7998820">
    <ele>596.2</ele>
   </trkpt>
   <trkpt lat="37.9789470" lon="-4.7998890">
    <ele>596.4</ele>
   </trkpt>
   <trkpt lat="37.9789520" lon="-4.7998960">
    <ele>596.8</ele>
   </trkpt>
   <trkpt lat="37.9789580" lon="-4.7999080">
    <ele>597.0</ele>
   </trkpt>
   <trkpt lat="37.9789640" lon="-4.7999180">
    <ele>597.4</ele>
   </trkpt>
   <trkpt lat="37.9789690" lon="-4.7999280">
    <ele>597.8</ele>
   </trkpt>
   <trkpt lat="37.9789740" lon="-4.7999380">
    <ele>598.0</ele>
   </trkpt>
   <trkpt lat="37.9789780" lon="-4.7999470">
    <ele>598.2</ele>
   </trkpt>
   <trkpt lat="37.9789830" lon="-4.7999610">
    <ele>598.6</ele>
   </trkpt>
   <trkpt lat="37.9789880" lon="-4.7999750">
    <ele>598.8</ele>
   </trkpt>
   <trkpt lat="37.9789940" lon="-4.7999890">
    <ele>599.2</ele>
   </trkpt>
   <trkpt lat="37.9790000" lon="-4.8000040">
    <ele>599.4</ele>
   </trkpt>
   <trkpt lat="37.9790060" lon="-4.8000170">
    <ele>599.6</ele>
   </trkpt>
   <trkpt lat="37.9790110" lon="-4.8000300">
    <ele>599.8</ele>
   </trkpt>
   <trkpt lat="37.9790150" lon="-4.8000450">
    <ele>600.0</ele>
   </trkpt>
   <trkpt lat="37.9790200" lon="-4.8000580">
    <ele>600.2</ele>
   </trkpt>
   <trkpt lat="37.9790250" lon="-4.8000740">
    <ele>600.2</ele>
   </trkpt>
   <trkpt lat="37.9790290" lon="-4.8000900">
    <ele>600.4</ele>
   </trkpt>
   <trkpt lat="37.9790380" lon="-4.8001030">
    <ele>600.6</ele>
   </trkpt>
   <trkpt lat="37.9790450" lon="-4.8001160">
    <ele>600.6</ele>
   </trkpt>
   <trkpt lat="37.9790570" lon="-4.8001320">
    <ele>600.6</ele>
   </trkpt>
   <trkpt lat="37.9790680" lon="-4.8001450">
    <ele>600.8</ele>
   </trkpt>
   <trkpt lat="37.9790800" lon="-4.8001570">
    <ele>600.8</ele>
   </trkpt>
   <trkpt lat="37.9790920" lon="-4.8001700">
    <ele>600.8</ele>
   </trkpt>
   <trkpt lat="37.9791020" lon="-4.8001820">
    <ele>600.8</ele>
   </trkpt>
   <trkpt lat="37.9791130" lon="-4.8001950">
    <ele>600.6</ele>
   </trkpt>
   <trkpt lat="37.9791210" lon="-4.8002140">
    <ele>600.6</ele>
   </trkpt>
   <trkpt lat="37.9791300" lon="-4.8002320">
    <ele>600.6</ele>
   </trkpt>
   <trkpt lat="37.9791390" lon="-4.8002490">
    <ele>600.4</ele>
   </trkpt>
   <trkpt lat="37.9791470" lon="-4.8002650">
    <ele>600.4</ele>
   </trkpt>
   <trkpt lat="37.9791550" lon="-4.8002820">
    <ele>600.6</ele>
   </trkpt>
   <trkpt lat="37.9791620" lon="-4.8002990">
    <ele>600.6</ele>
   </trkpt>
   <trkpt lat="37.9791700" lon="-4.8003190">
    <ele>601.0</ele>
   </trkpt>
   <trkpt lat="37.9791780" lon="-4.8003340">
    <ele>601.2</ele>
   </trkpt>
   <trkpt lat="37.9791840" lon="-4.8003490">
    <ele>601.4</ele>
   </trkpt>
   <trkpt lat="37.9791910" lon="-4.8003610">
    <ele>601.6</ele>
   </trkpt>
   <trkpt lat="37.9792000" lon="-4.8003750">
    <ele>601.4</ele>
   </trkpt>
   <trkpt lat="37.9792080" lon="-4.8003890">
    <ele>601.4</ele>
   </trkpt>
   <trkpt lat="37.9792160" lon="-4.8004030">
    <ele>601.4</ele>
   </trkpt>
   <trkpt lat="37.9792240" lon="-4.8004170">
    <ele>601.4</ele>
   </trkpt>
   <trkpt lat="37.9792330" lon="-4.8004310">
    <ele>601.4</ele>
   </trkpt>
   <trkpt lat="37.9792430" lon="-4.8004430">
    <ele>601.2</ele>
   </trkpt>
   <trkpt lat="37.9792530" lon="-4.8004550">
    <ele>601.2</ele>
   </trkpt>
   <trkpt lat="37.9792620" lon="-4.8004650">
    <ele>601.0</ele>
   </trkpt>
   <trkpt lat="37.9792700" lon="-4.8004750">
    <ele>601.0</ele>
   </trkpt>
   <trkpt lat="37.9792800" lon="-4.8004860">
    <ele>601.2</ele>
   </trkpt>
   <trkpt lat="37.9792870" lon="-4.8005000">
    <ele>601.2</ele>
   </trkpt>
   <trkpt lat="37.9792950" lon="-4.8005160">
    <ele>601.2</ele>
   </trkpt>
   <trkpt lat="37.9793020" lon="-4.8005330">
    <ele>601.2</ele>
   </trkpt>
   <trkpt lat="37.9793080" lon="-4.8005480">
    <ele>601.0</ele>
   </trkpt>
   <trkpt lat="37.9793170" lon="-4.8005600">
    <ele>600.8</ele>
   </trkpt>
   <trkpt lat="37.9793240" lon="-4.8005730">
    <ele>600.4</ele>
   </trkpt>
   <trkpt lat="37.9793320" lon="-4.8005900">
    <ele>600.2</ele>
   </trkpt>
   <trkpt lat="37.9793410" lon="-4.8006070">
    <ele>599.8</ele>
   </trkpt>
   <trkpt lat="37.9793490" lon="-4.8006240">
    <ele>599.6</ele>
   </trkpt>
   <trkpt lat="37.9793550" lon="-4.8006390">
    <ele>599.4</ele>
   </trkpt>
   <trkpt lat="37.9793660" lon="-4.8006600">
    <ele>599.2</ele>
   </trkpt>
   <trkpt lat="37.9793760" lon="-4.8006820">
    <ele>599.2</ele>
   </trkpt>
   <trkpt lat="37.9793800" lon="-4.8007080">
    <ele>599.0</ele>
   </trkpt>
   <trkpt lat="37.9793900" lon="-4.8007340">
    <ele>598.6</ele>
   </trkpt>
   <trkpt lat="37.9794060" lon="-4.8007590">
    <ele>598.4</ele>
   </trkpt>
   <trkpt lat="37.9794180" lon="-4.8007830">
    <ele>597.8</ele>
   </trkpt>
   <trkpt lat="37.9794320" lon="-4.8008140">
    <ele>597.6</ele>
   </trkpt>
   <trkpt lat="37.9794480" lon="-4.8008390">
    <ele>597.0</ele>
   </trkpt>
   <trkpt lat="37.9794680" lon="-4.8008580">
    <ele>596.6</ele>
   </trkpt>
   <trkpt lat="37.9794770" lon="-4.8008910">
    <ele>596.4</ele>
   </trkpt>
   <trkpt lat="37.9794900" lon="-4.8009200">
    <ele>596.2</ele>
   </trkpt>
   <trkpt lat="37.9795050" lon="-4.8009480">
    <ele>596.0</ele>
   </trkpt>
   <trkpt lat="37.9795180" lon="-4.8009760">
    <ele>595.8</ele>
   </trkpt>
   <trkpt lat="37.9795410" lon="-4.8010030">
    <ele>595.8</ele>
   </trkpt>
   <trkpt lat="37.9795590" lon="-4.8010070">
    <ele>595.6</ele>
   </trkpt>
   <trkpt lat="37.9795810" lon="-4.8010260">
    <ele>595.4</ele>
   </trkpt>
   <trkpt lat="37.9796000" lon="-4.8010470">
    <ele>595.4</ele>
   </trkpt>
   <trkpt lat="37.9796140" lon="-4.8010730">
    <ele>595.2</ele>
   </trkpt>
   <trkpt lat="37.9796360" lon="-4.8011000">
    <ele>595.0</ele>
   </trkpt>
   <trkpt lat="37.9796570" lon="-4.8011220">
    <ele>594.8</ele>
   </trkpt>
   <trkpt lat="37.9796730" lon="-4.8011380">
    <ele>594.6</ele>
   </trkpt>
   <trkpt lat="37.9796940" lon="-4.8011590">
    <ele>594.4</ele>
   </trkpt>
   <trkpt lat="37.9797090" lon="-4.8011770">
    <ele>594.4</ele>
   </trkpt>
   <trkpt lat="37.9797300" lon="-4.8011940">
    <ele>594.4</ele>
   </trkpt>
   <trkpt lat="37.9797470" lon="-4.8012080">
    <ele>594.4</ele>
   </trkpt>
   <trkpt lat="37.9797640" lon="-4.8012260">
    <ele>594.4</ele>
   </trkpt>
   <trkpt lat="37.9797840" lon="-4.8012520">
    <ele>594.4</ele>
   </trkpt>
   <trkpt lat="37.9797990" lon="-4.8012680">
    <ele>594.4</ele>
   </trkpt>
   <trkpt lat="37.9798230" lon="-4.8012940">
    <ele>594.4</ele>
   </trkpt>
   <trkpt lat="37.9798430" lon="-4.8013140">
    <ele>594.4</ele>
   </trkpt>
   <trkpt lat="37.9798510" lon="-4.8013340">
    <ele>594.4</ele>
   </trkpt>
   <trkpt lat="37.9798690" lon="-4.8013620">
    <ele>594.2</ele>
   </trkpt>
   <trkpt lat="37.9798820" lon="-4.8013790">
    <ele>594.2</ele>
   </trkpt>
   <trkpt lat="37.9798960" lon="-4.8013970">
    <ele>594.2</ele>
   </trkpt>
   <trkpt lat="37.9799200" lon="-4.8014130">
    <ele>594.2</ele>
   </trkpt>
   <trkpt lat="37.9799360" lon="-4.8014340">
    <ele>594.2</ele>
   </trkpt>
   <trkpt lat="37.9799590" lon="-4.8014600">
    <ele>594.2</ele>
   </trkpt>
   <trkpt lat="37.9799770" lon="-4.8014840">
    <ele>594.2</ele>
   </trkpt>
   <trkpt lat="37.9799900" lon="-4.8015000">
    <ele>594.2</ele>
   </trkpt>
   <trkpt lat="37.9800080" lon="-4.8015230">
    <ele>594.2</ele>
   </trkpt>
   <trkpt lat="37.9800240" lon="-4.8015420">
    <ele>594.2</ele>
   </trkpt>
   <trkpt lat="37.9800410" lon="-4.8015590">
    <ele>594.2</ele>
   </trkpt>
   <trkpt lat="37.9800590" lon="-4.8015740">
    <ele>594.2</ele>
   </trkpt>
   <trkpt lat="37.9800760" lon="-4.8015850">
    <ele>594.2</ele>
   </trkpt>
   <trkpt lat="37.9801000" lon="-4.8015990">
    <ele>594.2</ele>
   </trkpt>
   <trkpt lat="37.9801180" lon="-4.8016120">
    <ele>594.2</ele>
   </trkpt>
   <trkpt lat="37.9801330" lon="-4.8016240">
    <ele>594.0</ele>
   </trkpt>
   <trkpt lat="37.9801550" lon="-4.8016390">
    <ele>594.0</ele>
   </trkpt>
   <trkpt lat="37.9801680" lon="-4.8016490">
    <ele>594.0</ele>
   </trkpt>
   <trkpt lat="37.9801780" lon="-4.8016600">
    <ele>593.8</ele>
   </trkpt>
   <trkpt lat="37.9801900" lon="-4.8016690">
    <ele>593.8</ele>
   </trkpt>
   <trkpt lat="37.9802030" lon="-4.8016780">
    <ele>593.8</ele>
   </trkpt>
   <trkpt lat="37.9802160" lon="-4.8016870">
    <ele>593.6</ele>
   </trkpt>
   <trkpt lat="37.9802290" lon="-4.8016950">
    <ele>593.6</ele>
   </trkpt>
   <trkpt lat="37.9802440" lon="-4.8017040">
    <ele>593.6</ele>
   </trkpt>
   <trkpt lat="37.9802540" lon="-4.8017110">
    <ele>593.4</ele>
   </trkpt>
   <trkpt lat="37.9802690" lon="-4.8017170">
    <ele>593.4</ele>
   </trkpt>
   <trkpt lat="37.9802820" lon="-4.8017200">
    <ele>593.4</ele>
   </trkpt>
   <trkpt lat="37.9802950" lon="-4.8017310">
    <ele>593.2</ele>
   </trkpt>
   <trkpt lat="37.9803140" lon="-4.8017410">
    <ele>593.2</ele>
   </trkpt>
   <trkpt lat="37.9803310" lon="-4.8017500">
    <ele>593.2</ele>
   </trkpt>
   <trkpt lat="37.9803590" lon="-4.8017630">
    <ele>593.2</ele>
   </trkpt>
   <trkpt lat="37.9803880" lon="-4.8017720">
    <ele>593.0</ele>
   </trkpt>
   <trkpt lat="37.9804180" lon="-4.8017760">
    <ele>593.0</ele>
   </trkpt>
   <trkpt lat="37.9804500" lon="-4.8017710">
    <ele>592.8</ele>
   </trkpt>
   <trkpt lat="37.9804830" lon="-4.8017710">
    <ele>592.6</ele>
   </trkpt>
   <trkpt lat="37.9805200" lon="-4.8017770">
    <ele>592.0</ele>
   </trkpt>
  </trkseg>
 </trk>
</gpx>
